algorithm,run_id,step,dataset_name,mean_action_dist,lambda
pbrl,fs9rrc8n,0,antmaze-large-diverse-v2,1.0272043943405151,0.01
pbrl,fs9rrc8n,1,antmaze-large-diverse-v2,1.069990634918213,0.01
pbrl,fs9rrc8n,2,antmaze-large-diverse-v2,0.88828045129776,0.01
pbrl,fs9rrc8n,3,antmaze-large-diverse-v2,0.8456538319587708,0.01
pbrl,fs9rrc8n,4,antmaze-large-diverse-v2,0.8023808002471924,0.01
pbrl,fs9rrc8n,5,antmaze-large-diverse-v2,0.8136135339736938,0.01
pbrl,fs9rrc8n,6,antmaze-large-diverse-v2,0.7743227481842041,0.01
pbrl,fs9rrc8n,7,antmaze-large-diverse-v2,0.7661439180374146,0.01
pbrl,fs9rrc8n,8,antmaze-large-diverse-v2,0.8701967000961304,0.01
pbrl,fs9rrc8n,9,antmaze-large-diverse-v2,0.7972064018249512,0.01
pbrl,fs9rrc8n,10,antmaze-large-diverse-v2,0.7724263668060303,0.01
pbrl,fs9rrc8n,11,antmaze-large-diverse-v2,0.8136093616485596,0.01
pbrl,fs9rrc8n,12,antmaze-large-diverse-v2,0.8833621740341187,0.01
pbrl,fs9rrc8n,13,antmaze-large-diverse-v2,0.9416331052780151,0.01
pbrl,fs9rrc8n,14,antmaze-large-diverse-v2,0.9039435982704163,0.01
pbrl,fs9rrc8n,15,antmaze-large-diverse-v2,0.9744505882263184,0.01
pbrl,fs9rrc8n,16,antmaze-large-diverse-v2,0.898525595664978,0.01
pbrl,fs9rrc8n,17,antmaze-large-diverse-v2,0.9125037789344788,0.01
pbrl,fs9rrc8n,18,antmaze-large-diverse-v2,0.8866317868232727,0.01
pbrl,fs9rrc8n,19,antmaze-large-diverse-v2,0.9550356268882751,0.01
pbrl,fs9rrc8n,20,antmaze-large-diverse-v2,0.947736382484436,0.01
pbrl,fs9rrc8n,21,antmaze-large-diverse-v2,0.8978835344314575,0.01
pbrl,fs9rrc8n,22,antmaze-large-diverse-v2,0.9771170616149902,0.01
pbrl,fs9rrc8n,23,antmaze-large-diverse-v2,0.9207843542098999,0.01
pbrl,fs9rrc8n,24,antmaze-large-diverse-v2,0.8845165967941284,0.01
pbrl,fs9rrc8n,25,antmaze-large-diverse-v2,0.9373387098312378,0.01
pbrl,fs9rrc8n,26,antmaze-large-diverse-v2,0.883436918258667,0.01
pbrl,fs9rrc8n,27,antmaze-large-diverse-v2,0.8835575580596924,0.01
pbrl,fs9rrc8n,28,antmaze-large-diverse-v2,0.8679771423339844,0.01
pbrl,fs9rrc8n,29,antmaze-large-diverse-v2,0.9731336832046509,0.01
pbrl,fs9rrc8n,30,antmaze-large-diverse-v2,0.9180307388305664,0.01
pbrl,fs9rrc8n,31,antmaze-large-diverse-v2,0.9449641704559326,0.01
pbrl,fs9rrc8n,32,antmaze-large-diverse-v2,0.9192795753479004,0.01
pbrl,fs9rrc8n,33,antmaze-large-diverse-v2,0.8692679405212402,0.01
pbrl,fs9rrc8n,34,antmaze-large-diverse-v2,0.9210973978042603,0.01
pbrl,fs9rrc8n,35,antmaze-large-diverse-v2,0.953824520111084,0.01
pbrl,fs9rrc8n,36,antmaze-large-diverse-v2,0.9330132603645325,0.01
pbrl,fs9rrc8n,37,antmaze-large-diverse-v2,0.9158036708831787,0.01
pbrl,fs9rrc8n,38,antmaze-large-diverse-v2,0.8938146829605103,0.01
pbrl,fs9rrc8n,39,antmaze-large-diverse-v2,0.9325971603393555,0.01
pbrl,fs9rrc8n,40,antmaze-large-diverse-v2,0.9463434219360352,0.01
pbrl,fs9rrc8n,41,antmaze-large-diverse-v2,0.9712728261947632,0.01
pbrl,fs9rrc8n,42,antmaze-large-diverse-v2,0.9114806652069092,0.01
pbrl,fs9rrc8n,43,antmaze-large-diverse-v2,0.9484047889709473,0.01
pbrl,fs9rrc8n,44,antmaze-large-diverse-v2,0.885919451713562,0.01
pbrl,fs9rrc8n,45,antmaze-large-diverse-v2,0.9135769605636597,0.01
pbrl,fs9rrc8n,46,antmaze-large-diverse-v2,0.9103090167045593,0.01
pbrl,fs9rrc8n,47,antmaze-large-diverse-v2,0.8495463132858276,0.01
pbrl,fs9rrc8n,48,antmaze-large-diverse-v2,0.9264780282974243,0.01
pbrl,fs9rrc8n,49,antmaze-large-diverse-v2,0.906836748123169,0.01
none,94je0se0,0,antmaze-large-diverse-v2,0.8177632093429565,1.0
none,94je0se0,1,antmaze-large-diverse-v2,0.5326391458511353,1.0
none,94je0se0,2,antmaze-large-diverse-v2,0.562891960144043,1.0
none,94je0se0,3,antmaze-large-diverse-v2,0.5743095278739929,1.0
none,94je0se0,4,antmaze-large-diverse-v2,0.6121585965156555,1.0
none,94je0se0,5,antmaze-large-diverse-v2,0.5014386177062988,1.0
none,94je0se0,6,antmaze-large-diverse-v2,0.5050860047340393,1.0
none,94je0se0,7,antmaze-large-diverse-v2,0.4618263244628906,1.0
none,94je0se0,8,antmaze-large-diverse-v2,0.4915582835674286,1.0
none,94je0se0,9,antmaze-large-diverse-v2,0.49416810274124146,1.0
none,94je0se0,10,antmaze-large-diverse-v2,0.508502721786499,1.0
none,94je0se0,11,antmaze-large-diverse-v2,0.5252530574798584,1.0
none,94je0se0,12,antmaze-large-diverse-v2,0.510285496711731,1.0
none,94je0se0,13,antmaze-large-diverse-v2,0.570120096206665,1.0
none,94je0se0,14,antmaze-large-diverse-v2,0.5486282110214233,1.0
none,94je0se0,15,antmaze-large-diverse-v2,0.5103613138198853,1.0
none,94je0se0,16,antmaze-large-diverse-v2,0.5562461018562317,1.0
none,94je0se0,17,antmaze-large-diverse-v2,0.6435871124267578,1.0
none,94je0se0,18,antmaze-large-diverse-v2,0.6159031987190247,1.0
none,94je0se0,19,antmaze-large-diverse-v2,0.6373196840286255,1.0
none,94je0se0,20,antmaze-large-diverse-v2,0.5776090621948242,1.0
none,94je0se0,21,antmaze-large-diverse-v2,0.6558181047439575,1.0
none,94je0se0,22,antmaze-large-diverse-v2,0.6471648216247559,1.0
none,94je0se0,23,antmaze-large-diverse-v2,0.6448386907577515,1.0
none,94je0se0,24,antmaze-large-diverse-v2,0.5078341960906982,1.0
none,94je0se0,25,antmaze-large-diverse-v2,0.5603938698768616,1.0
none,94je0se0,26,antmaze-large-diverse-v2,0.6796027421951294,1.0
none,94je0se0,27,antmaze-large-diverse-v2,0.6253312230110168,1.0
none,94je0se0,28,antmaze-large-diverse-v2,0.5802728533744812,1.0
none,94je0se0,29,antmaze-large-diverse-v2,0.5954552888870239,1.0
none,94je0se0,30,antmaze-large-diverse-v2,0.6362634301185608,1.0
none,94je0se0,31,antmaze-large-diverse-v2,0.5951694846153259,1.0
none,94je0se0,32,antmaze-large-diverse-v2,0.6026796102523804,1.0
none,94je0se0,33,antmaze-large-diverse-v2,0.5850168466567993,1.0
none,94je0se0,34,antmaze-large-diverse-v2,0.6181424260139465,1.0
none,94je0se0,35,antmaze-large-diverse-v2,0.6137682199478149,1.0
none,94je0se0,36,antmaze-large-diverse-v2,0.6676275730133057,1.0
none,94je0se0,37,antmaze-large-diverse-v2,0.5688912868499756,1.0
none,94je0se0,38,antmaze-large-diverse-v2,0.5651101469993591,1.0
none,94je0se0,39,antmaze-large-diverse-v2,0.600003182888031,1.0
none,94je0se0,40,antmaze-large-diverse-v2,0.6468604803085327,1.0
none,94je0se0,41,antmaze-large-diverse-v2,0.6882743239402771,1.0
none,94je0se0,42,antmaze-large-diverse-v2,0.5871224999427795,1.0
none,94je0se0,43,antmaze-large-diverse-v2,0.6717618703842163,1.0
none,94je0se0,44,antmaze-large-diverse-v2,0.5884734392166138,1.0
none,94je0se0,45,antmaze-large-diverse-v2,0.616613507270813,1.0
none,94je0se0,46,antmaze-large-diverse-v2,0.5909224152565002,1.0
none,94je0se0,47,antmaze-large-diverse-v2,0.5655156373977661,1.0
none,94je0se0,48,antmaze-large-diverse-v2,0.6036599278450012,1.0
none,94je0se0,49,antmaze-large-diverse-v2,0.6744898557662964,1.0
pbrl,jxgvt0vv,0,antmaze-large-diverse-v2,1.1114848852157593,0.01
pbrl,jxgvt0vv,1,antmaze-large-diverse-v2,0.9915826916694641,0.01
pbrl,jxgvt0vv,2,antmaze-large-diverse-v2,0.9855672121047974,0.01
pbrl,jxgvt0vv,3,antmaze-large-diverse-v2,0.9677720069885254,0.01
pbrl,jxgvt0vv,4,antmaze-large-diverse-v2,0.8747193217277527,0.01
pbrl,jxgvt0vv,5,antmaze-large-diverse-v2,0.8077621459960938,0.01
pbrl,jxgvt0vv,6,antmaze-large-diverse-v2,0.7799831628799438,0.01
pbrl,jxgvt0vv,7,antmaze-large-diverse-v2,0.7107914090156555,0.01
pbrl,jxgvt0vv,8,antmaze-large-diverse-v2,0.6699478626251221,0.01
pbrl,jxgvt0vv,9,antmaze-large-diverse-v2,0.7662357687950134,0.01
pbrl,jxgvt0vv,10,antmaze-large-diverse-v2,0.835117757320404,0.01
pbrl,jxgvt0vv,11,antmaze-large-diverse-v2,0.8302617073059082,0.01
pbrl,jxgvt0vv,12,antmaze-large-diverse-v2,0.9228193163871765,0.01
pbrl,jxgvt0vv,13,antmaze-large-diverse-v2,0.9663156270980835,0.01
pbrl,jxgvt0vv,14,antmaze-large-diverse-v2,0.9949731826782227,0.01
pbrl,jxgvt0vv,15,antmaze-large-diverse-v2,0.9373491406440735,0.01
pbrl,jxgvt0vv,16,antmaze-large-diverse-v2,0.9198720455169678,0.01
pbrl,jxgvt0vv,17,antmaze-large-diverse-v2,0.9230519533157349,0.01
pbrl,jxgvt0vv,18,antmaze-large-diverse-v2,0.95691978931427,0.01
pbrl,jxgvt0vv,19,antmaze-large-diverse-v2,0.9644815921783447,0.01
pbrl,jxgvt0vv,20,antmaze-large-diverse-v2,0.9328978061676025,0.01
pbrl,jxgvt0vv,21,antmaze-large-diverse-v2,0.866248369216919,0.01
pbrl,jxgvt0vv,22,antmaze-large-diverse-v2,0.9714260101318359,0.01
pbrl,jxgvt0vv,23,antmaze-large-diverse-v2,0.9612722992897034,0.01
pbrl,jxgvt0vv,24,antmaze-large-diverse-v2,0.9300045967102051,0.01
pbrl,jxgvt0vv,25,antmaze-large-diverse-v2,0.9981006383895874,0.01
pbrl,jxgvt0vv,26,antmaze-large-diverse-v2,0.9828084707260132,0.01
pbrl,jxgvt0vv,27,antmaze-large-diverse-v2,0.9822756052017212,0.01
pbrl,jxgvt0vv,28,antmaze-large-diverse-v2,0.897689700126648,0.01
pbrl,jxgvt0vv,29,antmaze-large-diverse-v2,0.9132217168807983,0.01
pbrl,jxgvt0vv,30,antmaze-large-diverse-v2,0.9373655319213867,0.01
pbrl,jxgvt0vv,31,antmaze-large-diverse-v2,0.979695200920105,0.01
pbrl,jxgvt0vv,32,antmaze-large-diverse-v2,0.911817193031311,0.01
pbrl,jxgvt0vv,33,antmaze-large-diverse-v2,0.8941317796707153,0.01
pbrl,jxgvt0vv,34,antmaze-large-diverse-v2,0.8872052431106567,0.01
pbrl,jxgvt0vv,35,antmaze-large-diverse-v2,0.8816478848457336,0.01
pbrl,jxgvt0vv,36,antmaze-large-diverse-v2,0.9415499567985535,0.01
pbrl,jxgvt0vv,37,antmaze-large-diverse-v2,0.8931355476379395,0.01
pbrl,jxgvt0vv,38,antmaze-large-diverse-v2,0.8764176368713379,0.01
pbrl,jxgvt0vv,39,antmaze-large-diverse-v2,0.8937051296234131,0.01
pbrl,jxgvt0vv,40,antmaze-large-diverse-v2,0.9933896064758301,0.01
pbrl,jxgvt0vv,41,antmaze-large-diverse-v2,0.9323737621307373,0.01
pbrl,jxgvt0vv,42,antmaze-large-diverse-v2,0.8871190547943115,0.01
pbrl,jxgvt0vv,43,antmaze-large-diverse-v2,0.971798300743103,0.01
pbrl,jxgvt0vv,44,antmaze-large-diverse-v2,0.8631505370140076,0.01
pbrl,jxgvt0vv,45,antmaze-large-diverse-v2,0.9441704154014587,0.01
pbrl,jxgvt0vv,46,antmaze-large-diverse-v2,0.884710431098938,0.01
pbrl,jxgvt0vv,47,antmaze-large-diverse-v2,0.9339609146118164,0.01
pbrl,jxgvt0vv,48,antmaze-large-diverse-v2,0.8895689249038696,0.01
pbrl,jxgvt0vv,49,antmaze-large-diverse-v2,0.9485688805580139,0.01
none,s65sh3d8,0,antmaze-large-diverse-v2,0.8330137133598328,1.0
none,s65sh3d8,1,antmaze-large-diverse-v2,0.5048890113830566,1.0
none,s65sh3d8,2,antmaze-large-diverse-v2,0.48252934217453003,1.0
none,s65sh3d8,3,antmaze-large-diverse-v2,0.5037733316421509,1.0
none,s65sh3d8,4,antmaze-large-diverse-v2,0.5429397821426392,1.0
none,s65sh3d8,5,antmaze-large-diverse-v2,0.5332944989204407,1.0
none,s65sh3d8,6,antmaze-large-diverse-v2,0.48992353677749634,1.0
none,s65sh3d8,7,antmaze-large-diverse-v2,0.47695910930633545,1.0
none,s65sh3d8,8,antmaze-large-diverse-v2,0.4819132685661316,1.0
none,s65sh3d8,9,antmaze-large-diverse-v2,0.47947269678115845,1.0
none,s65sh3d8,10,antmaze-large-diverse-v2,0.4846893846988678,1.0
none,s65sh3d8,11,antmaze-large-diverse-v2,0.5024087429046631,1.0
none,s65sh3d8,12,antmaze-large-diverse-v2,0.5790767073631287,1.0
none,s65sh3d8,13,antmaze-large-diverse-v2,0.5910871028900146,1.0
none,s65sh3d8,14,antmaze-large-diverse-v2,0.5000333786010742,1.0
none,s65sh3d8,15,antmaze-large-diverse-v2,0.5763890743255615,1.0
none,s65sh3d8,16,antmaze-large-diverse-v2,0.5978901386260986,1.0
none,s65sh3d8,17,antmaze-large-diverse-v2,0.5819073915481567,1.0
none,s65sh3d8,18,antmaze-large-diverse-v2,0.597591757774353,1.0
none,s65sh3d8,19,antmaze-large-diverse-v2,0.5754149556159973,1.0
none,s65sh3d8,20,antmaze-large-diverse-v2,0.6204144954681396,1.0
none,s65sh3d8,21,antmaze-large-diverse-v2,0.6420676708221436,1.0
none,s65sh3d8,22,antmaze-large-diverse-v2,0.6129121780395508,1.0
none,s65sh3d8,23,antmaze-large-diverse-v2,0.5913150906562805,1.0
none,s65sh3d8,24,antmaze-large-diverse-v2,0.6176391839981079,1.0
none,s65sh3d8,25,antmaze-large-diverse-v2,0.6290632486343384,1.0
none,s65sh3d8,26,antmaze-large-diverse-v2,0.5539358258247375,1.0
none,s65sh3d8,27,antmaze-large-diverse-v2,0.5858745574951172,1.0
none,s65sh3d8,28,antmaze-large-diverse-v2,0.5651277303695679,1.0
none,s65sh3d8,29,antmaze-large-diverse-v2,0.627240777015686,1.0
none,s65sh3d8,30,antmaze-large-diverse-v2,0.5443975329399109,1.0
none,s65sh3d8,31,antmaze-large-diverse-v2,0.6379328966140747,1.0
none,s65sh3d8,32,antmaze-large-diverse-v2,0.616943359375,1.0
none,s65sh3d8,33,antmaze-large-diverse-v2,0.5629892349243164,1.0
none,s65sh3d8,34,antmaze-large-diverse-v2,0.5880900621414185,1.0
none,s65sh3d8,35,antmaze-large-diverse-v2,0.6132291555404663,1.0
none,s65sh3d8,36,antmaze-large-diverse-v2,0.6121525764465332,1.0
none,s65sh3d8,37,antmaze-large-diverse-v2,0.5849075317382812,1.0
none,s65sh3d8,38,antmaze-large-diverse-v2,0.652001142501831,1.0
none,s65sh3d8,39,antmaze-large-diverse-v2,0.5938348770141602,1.0
none,s65sh3d8,40,antmaze-large-diverse-v2,0.6251410841941833,1.0
none,s65sh3d8,41,antmaze-large-diverse-v2,0.5967556238174438,1.0
none,s65sh3d8,42,antmaze-large-diverse-v2,0.6637537479400635,1.0
none,s65sh3d8,43,antmaze-large-diverse-v2,0.5606397986412048,1.0
none,s65sh3d8,44,antmaze-large-diverse-v2,0.626887857913971,1.0
none,s65sh3d8,45,antmaze-large-diverse-v2,0.6102867722511292,1.0
none,s65sh3d8,46,antmaze-large-diverse-v2,0.6057442426681519,1.0
none,s65sh3d8,47,antmaze-large-diverse-v2,0.6099237203598022,1.0
none,s65sh3d8,48,antmaze-large-diverse-v2,0.5931193232536316,1.0
none,s65sh3d8,49,antmaze-large-diverse-v2,0.6085391044616699,1.0
pbrl,z63ixzj9,0,antmaze-large-diverse-v2,1.1054730415344238,0.01
pbrl,z63ixzj9,1,antmaze-large-diverse-v2,1.0694971084594727,0.01
pbrl,z63ixzj9,2,antmaze-large-diverse-v2,1.0293958187103271,0.01
pbrl,z63ixzj9,3,antmaze-large-diverse-v2,0.9578939080238342,0.01
pbrl,z63ixzj9,4,antmaze-large-diverse-v2,0.9477559328079224,0.01
pbrl,z63ixzj9,5,antmaze-large-diverse-v2,0.9531413316726685,0.01
pbrl,z63ixzj9,6,antmaze-large-diverse-v2,1.0105255842208862,0.01
pbrl,z63ixzj9,7,antmaze-large-diverse-v2,0.9439546465873718,0.01
pbrl,z63ixzj9,8,antmaze-large-diverse-v2,0.9423732757568359,0.01
pbrl,z63ixzj9,9,antmaze-large-diverse-v2,0.9954136610031128,0.01
pbrl,z63ixzj9,10,antmaze-large-diverse-v2,0.9484784007072449,0.01
pbrl,z63ixzj9,11,antmaze-large-diverse-v2,0.9447747468948364,0.01
pbrl,z63ixzj9,12,antmaze-large-diverse-v2,1.0108639001846313,0.01
pbrl,z63ixzj9,13,antmaze-large-diverse-v2,0.969450831413269,0.01
pbrl,z63ixzj9,14,antmaze-large-diverse-v2,0.965746283531189,0.01
pbrl,z63ixzj9,15,antmaze-large-diverse-v2,0.8955663442611694,0.01
pbrl,z63ixzj9,16,antmaze-large-diverse-v2,0.9707320928573608,0.01
pbrl,z63ixzj9,17,antmaze-large-diverse-v2,0.9918773174285889,0.01
pbrl,z63ixzj9,18,antmaze-large-diverse-v2,1.0072071552276611,0.01
pbrl,z63ixzj9,19,antmaze-large-diverse-v2,0.9203247427940369,0.01
pbrl,z63ixzj9,20,antmaze-large-diverse-v2,0.9259790778160095,0.01
pbrl,z63ixzj9,21,antmaze-large-diverse-v2,0.9731539487838745,0.01
pbrl,z63ixzj9,22,antmaze-large-diverse-v2,0.9933122396469116,0.01
pbrl,z63ixzj9,23,antmaze-large-diverse-v2,0.943692684173584,0.01
pbrl,z63ixzj9,24,antmaze-large-diverse-v2,0.9005995392799377,0.01
pbrl,z63ixzj9,25,antmaze-large-diverse-v2,0.9914752244949341,0.01
pbrl,z63ixzj9,26,antmaze-large-diverse-v2,0.9161195755004883,0.01
pbrl,z63ixzj9,27,antmaze-large-diverse-v2,0.9002771377563477,0.01
pbrl,z63ixzj9,28,antmaze-large-diverse-v2,0.8792924880981445,0.01
pbrl,z63ixzj9,29,antmaze-large-diverse-v2,0.9672021865844727,0.01
pbrl,z63ixzj9,30,antmaze-large-diverse-v2,0.9394670724868774,0.01
pbrl,z63ixzj9,31,antmaze-large-diverse-v2,0.9464775919914246,0.01
pbrl,z63ixzj9,32,antmaze-large-diverse-v2,0.9616544246673584,0.01
pbrl,z63ixzj9,33,antmaze-large-diverse-v2,0.9307664632797241,0.01
pbrl,z63ixzj9,34,antmaze-large-diverse-v2,0.946861982345581,0.01
pbrl,z63ixzj9,35,antmaze-large-diverse-v2,0.9281325340270996,0.01
pbrl,z63ixzj9,36,antmaze-large-diverse-v2,0.9138288497924805,0.01
pbrl,z63ixzj9,37,antmaze-large-diverse-v2,0.8796964287757874,0.01
pbrl,z63ixzj9,38,antmaze-large-diverse-v2,0.8994839787483215,0.01
pbrl,z63ixzj9,39,antmaze-large-diverse-v2,0.865913987159729,0.01
pbrl,z63ixzj9,40,antmaze-large-diverse-v2,0.9140504598617554,0.01
pbrl,z63ixzj9,41,antmaze-large-diverse-v2,0.9577466249465942,0.01
pbrl,z63ixzj9,42,antmaze-large-diverse-v2,0.9226531386375427,0.01
pbrl,z63ixzj9,43,antmaze-large-diverse-v2,0.9522333741188049,0.01
pbrl,z63ixzj9,44,antmaze-large-diverse-v2,0.9262195825576782,0.01
pbrl,z63ixzj9,45,antmaze-large-diverse-v2,0.989567220211029,0.01
pbrl,z63ixzj9,46,antmaze-large-diverse-v2,0.8771125078201294,0.01
pbrl,z63ixzj9,47,antmaze-large-diverse-v2,0.9098182320594788,0.01
pbrl,z63ixzj9,48,antmaze-large-diverse-v2,0.9469889402389526,0.01
pbrl,z63ixzj9,49,antmaze-large-diverse-v2,0.9093992710113525,0.01
none,g80s8lwg,0,antmaze-large-diverse-v2,0.7753359079360962,1.0
none,g80s8lwg,1,antmaze-large-diverse-v2,0.49750784039497375,1.0
none,g80s8lwg,2,antmaze-large-diverse-v2,0.5122656226158142,1.0
none,g80s8lwg,3,antmaze-large-diverse-v2,0.523143470287323,1.0
none,g80s8lwg,4,antmaze-large-diverse-v2,0.5169084072113037,1.0
none,g80s8lwg,5,antmaze-large-diverse-v2,0.5566222667694092,1.0
none,g80s8lwg,6,antmaze-large-diverse-v2,0.5163477063179016,1.0
none,g80s8lwg,7,antmaze-large-diverse-v2,0.4372294247150421,1.0
none,g80s8lwg,8,antmaze-large-diverse-v2,0.4724119305610657,1.0
none,g80s8lwg,9,antmaze-large-diverse-v2,0.49647223949432373,1.0
none,g80s8lwg,10,antmaze-large-diverse-v2,0.4964463710784912,1.0
none,g80s8lwg,11,antmaze-large-diverse-v2,0.45361101627349854,1.0
none,g80s8lwg,12,antmaze-large-diverse-v2,0.5115068554878235,1.0
none,g80s8lwg,13,antmaze-large-diverse-v2,0.5599179267883301,1.0
none,g80s8lwg,14,antmaze-large-diverse-v2,0.5783615112304688,1.0
none,g80s8lwg,15,antmaze-large-diverse-v2,0.5448521971702576,1.0
none,g80s8lwg,16,antmaze-large-diverse-v2,0.5933426022529602,1.0
none,g80s8lwg,17,antmaze-large-diverse-v2,0.6310374736785889,1.0
none,g80s8lwg,18,antmaze-large-diverse-v2,0.6081027984619141,1.0
none,g80s8lwg,19,antmaze-large-diverse-v2,0.5722781419754028,1.0
none,g80s8lwg,20,antmaze-large-diverse-v2,0.5364348888397217,1.0
none,g80s8lwg,21,antmaze-large-diverse-v2,0.5736716985702515,1.0
none,g80s8lwg,22,antmaze-large-diverse-v2,0.6022738218307495,1.0
none,g80s8lwg,23,antmaze-large-diverse-v2,0.5876561403274536,1.0
none,g80s8lwg,24,antmaze-large-diverse-v2,0.587289571762085,1.0
none,g80s8lwg,25,antmaze-large-diverse-v2,0.5846636295318604,1.0
none,g80s8lwg,26,antmaze-large-diverse-v2,0.6118894815444946,1.0
none,g80s8lwg,27,antmaze-large-diverse-v2,0.5498809814453125,1.0
none,g80s8lwg,28,antmaze-large-diverse-v2,0.5908540487289429,1.0
none,g80s8lwg,29,antmaze-large-diverse-v2,0.6646988391876221,1.0
none,g80s8lwg,30,antmaze-large-diverse-v2,0.6228155493736267,1.0
none,g80s8lwg,31,antmaze-large-diverse-v2,0.6054847836494446,1.0
none,g80s8lwg,32,antmaze-large-diverse-v2,0.611910343170166,1.0
none,g80s8lwg,33,antmaze-large-diverse-v2,0.6254688501358032,1.0
none,g80s8lwg,34,antmaze-large-diverse-v2,0.5870619416236877,1.0
none,g80s8lwg,35,antmaze-large-diverse-v2,0.5790148973464966,1.0
none,g80s8lwg,36,antmaze-large-diverse-v2,0.6102945804595947,1.0
none,g80s8lwg,37,antmaze-large-diverse-v2,0.5801181197166443,1.0
none,g80s8lwg,38,antmaze-large-diverse-v2,0.6143798232078552,1.0
none,g80s8lwg,39,antmaze-large-diverse-v2,0.6108207702636719,1.0
none,g80s8lwg,40,antmaze-large-diverse-v2,0.6239842772483826,1.0
none,g80s8lwg,41,antmaze-large-diverse-v2,0.598025918006897,1.0
none,g80s8lwg,42,antmaze-large-diverse-v2,0.5981063842773438,1.0
none,g80s8lwg,43,antmaze-large-diverse-v2,0.6024444103240967,1.0
none,g80s8lwg,44,antmaze-large-diverse-v2,0.6273192167282104,1.0
none,g80s8lwg,45,antmaze-large-diverse-v2,0.5892000198364258,1.0
none,g80s8lwg,46,antmaze-large-diverse-v2,0.5744466185569763,1.0
none,g80s8lwg,47,antmaze-large-diverse-v2,0.5719438791275024,1.0
none,g80s8lwg,48,antmaze-large-diverse-v2,0.5623317956924438,1.0
none,g80s8lwg,49,antmaze-large-diverse-v2,0.5905358791351318,1.0
pbrl,jvo8hz15,0,antmaze-large-diverse-v2,1.100271224975586,0.01
pbrl,jvo8hz15,1,antmaze-large-diverse-v2,1.0849651098251343,0.01
pbrl,jvo8hz15,2,antmaze-large-diverse-v2,1.0593396425247192,0.01
pbrl,jvo8hz15,3,antmaze-large-diverse-v2,0.9098944664001465,0.01
pbrl,jvo8hz15,4,antmaze-large-diverse-v2,0.9837876558303833,0.01
pbrl,jvo8hz15,5,antmaze-large-diverse-v2,1.0305275917053223,0.01
pbrl,jvo8hz15,6,antmaze-large-diverse-v2,0.9731304049491882,0.01
pbrl,jvo8hz15,7,antmaze-large-diverse-v2,1.005795955657959,0.01
pbrl,jvo8hz15,8,antmaze-large-diverse-v2,0.92268306016922,0.01
pbrl,jvo8hz15,9,antmaze-large-diverse-v2,0.8221397399902344,0.01
pbrl,jvo8hz15,10,antmaze-large-diverse-v2,0.8807061314582825,0.01
pbrl,jvo8hz15,11,antmaze-large-diverse-v2,0.8115154504776001,0.01
pbrl,jvo8hz15,12,antmaze-large-diverse-v2,0.888593316078186,0.01
pbrl,jvo8hz15,13,antmaze-large-diverse-v2,0.9122673869132996,0.01
pbrl,jvo8hz15,14,antmaze-large-diverse-v2,0.9153602123260498,0.01
pbrl,jvo8hz15,15,antmaze-large-diverse-v2,0.8977912068367004,0.01
pbrl,jvo8hz15,16,antmaze-large-diverse-v2,0.9071900844573975,0.01
pbrl,jvo8hz15,17,antmaze-large-diverse-v2,0.8742202520370483,0.01
pbrl,jvo8hz15,18,antmaze-large-diverse-v2,0.8920453786849976,0.01
pbrl,jvo8hz15,19,antmaze-large-diverse-v2,0.9248335361480713,0.01
pbrl,jvo8hz15,20,antmaze-large-diverse-v2,0.9154714345932007,0.01
pbrl,jvo8hz15,21,antmaze-large-diverse-v2,0.960605263710022,0.01
pbrl,jvo8hz15,22,antmaze-large-diverse-v2,0.9228756427764893,0.01
pbrl,jvo8hz15,23,antmaze-large-diverse-v2,0.9622383117675781,0.01
pbrl,jvo8hz15,24,antmaze-large-diverse-v2,0.9250950217247009,0.01
pbrl,jvo8hz15,25,antmaze-large-diverse-v2,0.8927833437919617,0.01
pbrl,jvo8hz15,26,antmaze-large-diverse-v2,0.8624846935272217,0.01
pbrl,jvo8hz15,27,antmaze-large-diverse-v2,0.924247682094574,0.01
pbrl,jvo8hz15,28,antmaze-large-diverse-v2,0.8668352365493774,0.01
pbrl,jvo8hz15,29,antmaze-large-diverse-v2,0.8591545820236206,0.01
pbrl,jvo8hz15,30,antmaze-large-diverse-v2,0.8778412938117981,0.01
pbrl,jvo8hz15,31,antmaze-large-diverse-v2,0.9196900129318237,0.01
pbrl,jvo8hz15,32,antmaze-large-diverse-v2,0.8722895979881287,0.01
pbrl,jvo8hz15,33,antmaze-large-diverse-v2,0.8660023212432861,0.01
pbrl,jvo8hz15,34,antmaze-large-diverse-v2,0.8632757663726807,0.01
pbrl,jvo8hz15,35,antmaze-large-diverse-v2,0.9004073739051819,0.01
pbrl,jvo8hz15,36,antmaze-large-diverse-v2,0.9442486763000488,0.01
pbrl,jvo8hz15,37,antmaze-large-diverse-v2,0.8967012166976929,0.01
pbrl,jvo8hz15,38,antmaze-large-diverse-v2,0.9180986881256104,0.01
pbrl,jvo8hz15,39,antmaze-large-diverse-v2,0.926403284072876,0.01
pbrl,jvo8hz15,40,antmaze-large-diverse-v2,0.8784982562065125,0.01
pbrl,jvo8hz15,41,antmaze-large-diverse-v2,0.9222428202629089,0.01
pbrl,jvo8hz15,42,antmaze-large-diverse-v2,0.8942629098892212,0.01
pbrl,jvo8hz15,43,antmaze-large-diverse-v2,0.9073648452758789,0.01
pbrl,jvo8hz15,44,antmaze-large-diverse-v2,0.8672018051147461,0.01
pbrl,jvo8hz15,45,antmaze-large-diverse-v2,0.9649322032928467,0.01
pbrl,jvo8hz15,46,antmaze-large-diverse-v2,0.9596281051635742,0.01
pbrl,jvo8hz15,47,antmaze-large-diverse-v2,0.9316545724868774,0.01
pbrl,jvo8hz15,48,antmaze-large-diverse-v2,0.8916407823562622,0.01
pbrl,jvo8hz15,49,antmaze-large-diverse-v2,0.8606426119804382,0.01
none,4z2m1768,0,antmaze-large-diverse-v2,0.7978429794311523,1.0
pbrl,b36vf99t,0,antmaze-large-diverse-v2,1.0705500841140747,0.01
pbrl,b36vf99t,1,antmaze-large-diverse-v2,0.9885067343711853,0.01
pbrl,b36vf99t,2,antmaze-large-diverse-v2,0.9148279428482056,0.01
pbrl,b36vf99t,3,antmaze-large-diverse-v2,0.8388969898223877,0.01
pbrl,b36vf99t,4,antmaze-large-diverse-v2,0.8249582648277283,0.01
pbrl,b36vf99t,5,antmaze-large-diverse-v2,0.8153560161590576,0.01
pbrl,b36vf99t,6,antmaze-large-diverse-v2,0.8543969392776489,0.01
pbrl,b36vf99t,7,antmaze-large-diverse-v2,0.8418588638305664,0.01
pbrl,b36vf99t,8,antmaze-large-diverse-v2,0.8333926200866699,0.01
pbrl,b36vf99t,9,antmaze-large-diverse-v2,0.816493570804596,0.01
pbrl,b36vf99t,10,antmaze-large-diverse-v2,0.858803927898407,0.01
pbrl,b36vf99t,11,antmaze-large-diverse-v2,0.7863775491714478,0.01
pbrl,b36vf99t,12,antmaze-large-diverse-v2,0.8382986783981323,0.01
pbrl,b36vf99t,13,antmaze-large-diverse-v2,0.891425609588623,0.01
pbrl,b36vf99t,14,antmaze-large-diverse-v2,0.8742982149124146,0.01
pbrl,b36vf99t,15,antmaze-large-diverse-v2,0.9154118299484253,0.01
pbrl,b36vf99t,16,antmaze-large-diverse-v2,0.9094832539558411,0.01
pbrl,b36vf99t,17,antmaze-large-diverse-v2,0.8962354063987732,0.01
pbrl,b36vf99t,18,antmaze-large-diverse-v2,0.8738995790481567,0.01
pbrl,b36vf99t,19,antmaze-large-diverse-v2,0.9330737590789795,0.01
pbrl,b36vf99t,20,antmaze-large-diverse-v2,0.9251091480255127,0.01
pbrl,b36vf99t,21,antmaze-large-diverse-v2,0.903777003288269,0.01
pbrl,b36vf99t,22,antmaze-large-diverse-v2,0.8960325717926025,0.01
pbrl,b36vf99t,23,antmaze-large-diverse-v2,0.8943605422973633,0.01
pbrl,b36vf99t,24,antmaze-large-diverse-v2,0.9619015455245972,0.01
pbrl,b36vf99t,25,antmaze-large-diverse-v2,0.9100723266601562,0.01
pbrl,b36vf99t,26,antmaze-large-diverse-v2,0.9807560443878174,0.01
pbrl,b36vf99t,27,antmaze-large-diverse-v2,0.8502985239028931,0.01
pbrl,b36vf99t,28,antmaze-large-diverse-v2,0.9220175743103027,0.01
pbrl,b36vf99t,29,antmaze-large-diverse-v2,0.9404492378234863,0.01
pbrl,b36vf99t,30,antmaze-large-diverse-v2,0.903364896774292,0.01
pbrl,b36vf99t,31,antmaze-large-diverse-v2,0.9347455501556396,0.01
pbrl,b36vf99t,32,antmaze-large-diverse-v2,0.9363162517547607,0.01
pbrl,b36vf99t,33,antmaze-large-diverse-v2,0.9409703612327576,0.01
pbrl,b36vf99t,34,antmaze-large-diverse-v2,0.9053738117218018,0.01
pbrl,b36vf99t,35,antmaze-large-diverse-v2,0.9598789215087891,0.01
pbrl,b36vf99t,36,antmaze-large-diverse-v2,0.8594152927398682,0.01
pbrl,b36vf99t,37,antmaze-large-diverse-v2,0.8753241300582886,0.01
pbrl,b36vf99t,38,antmaze-large-diverse-v2,0.8402152061462402,0.01
pbrl,b36vf99t,39,antmaze-large-diverse-v2,0.8813023567199707,0.01
pbrl,b36vf99t,40,antmaze-large-diverse-v2,0.9118417501449585,0.01
pbrl,b36vf99t,41,antmaze-large-diverse-v2,0.905124843120575,0.01
pbrl,b36vf99t,42,antmaze-large-diverse-v2,0.9068588018417358,0.01
pbrl,b36vf99t,43,antmaze-large-diverse-v2,0.9350224137306213,0.01
pbrl,b36vf99t,44,antmaze-large-diverse-v2,0.9032858610153198,0.01
pbrl,b36vf99t,45,antmaze-large-diverse-v2,0.9161200523376465,0.01
pbrl,b36vf99t,46,antmaze-large-diverse-v2,0.8800272345542908,0.01
pbrl,b36vf99t,47,antmaze-large-diverse-v2,0.8959306478500366,0.01
pbrl,b36vf99t,48,antmaze-large-diverse-v2,0.9313872456550598,0.01
pbrl,b36vf99t,49,antmaze-large-diverse-v2,0.9124842882156372,0.01
none,m4xt4e6a,0,antmaze-large-diverse-v2,0.82804274559021,1.0
none,m4xt4e6a,1,antmaze-large-diverse-v2,0.530279278755188,1.0
none,m4xt4e6a,2,antmaze-large-diverse-v2,0.49985432624816895,1.0
none,m4xt4e6a,3,antmaze-large-diverse-v2,0.5151208639144897,1.0
none,m4xt4e6a,4,antmaze-large-diverse-v2,0.49048709869384766,1.0
none,m4xt4e6a,5,antmaze-large-diverse-v2,0.47733134031295776,1.0
none,m4xt4e6a,6,antmaze-large-diverse-v2,0.5064114332199097,1.0
none,m4xt4e6a,7,antmaze-large-diverse-v2,0.43913960456848145,1.0
none,m4xt4e6a,8,antmaze-large-diverse-v2,0.4570855498313904,1.0
none,m4xt4e6a,9,antmaze-large-diverse-v2,0.44596555829048157,1.0
none,m4xt4e6a,10,antmaze-large-diverse-v2,0.4708089232444763,1.0
none,m4xt4e6a,11,antmaze-large-diverse-v2,0.4648608863353729,1.0
none,m4xt4e6a,12,antmaze-large-diverse-v2,0.49546825885772705,1.0
none,m4xt4e6a,13,antmaze-large-diverse-v2,0.5505006313323975,1.0
none,m4xt4e6a,14,antmaze-large-diverse-v2,0.5744611024856567,1.0
none,m4xt4e6a,15,antmaze-large-diverse-v2,0.5708202719688416,1.0
none,m4xt4e6a,16,antmaze-large-diverse-v2,0.5966942310333252,1.0
none,m4xt4e6a,17,antmaze-large-diverse-v2,0.5812662839889526,1.0
none,m4xt4e6a,18,antmaze-large-diverse-v2,0.6015672087669373,1.0
none,m4xt4e6a,19,antmaze-large-diverse-v2,0.5611521005630493,1.0
none,m4xt4e6a,20,antmaze-large-diverse-v2,0.5818626880645752,1.0
none,m4xt4e6a,21,antmaze-large-diverse-v2,0.5505493879318237,1.0
none,m4xt4e6a,22,antmaze-large-diverse-v2,0.6453272700309753,1.0
none,m4xt4e6a,23,antmaze-large-diverse-v2,0.540221631526947,1.0
none,m4xt4e6a,24,antmaze-large-diverse-v2,0.6783654689788818,1.0
none,m4xt4e6a,25,antmaze-large-diverse-v2,0.571567177772522,1.0
none,m4xt4e6a,26,antmaze-large-diverse-v2,0.6239998936653137,1.0
none,m4xt4e6a,27,antmaze-large-diverse-v2,0.5730143785476685,1.0
none,m4xt4e6a,28,antmaze-large-diverse-v2,0.5511939525604248,1.0
none,m4xt4e6a,29,antmaze-large-diverse-v2,0.6017549633979797,1.0
none,m4xt4e6a,30,antmaze-large-diverse-v2,0.5677733421325684,1.0
none,m4xt4e6a,31,antmaze-large-diverse-v2,0.654042661190033,1.0
none,m4xt4e6a,32,antmaze-large-diverse-v2,0.6546791195869446,1.0
none,m4xt4e6a,33,antmaze-large-diverse-v2,0.5918246507644653,1.0
none,m4xt4e6a,34,antmaze-large-diverse-v2,0.6185676455497742,1.0
none,m4xt4e6a,35,antmaze-large-diverse-v2,0.5829960703849792,1.0
none,m4xt4e6a,36,antmaze-large-diverse-v2,0.5860775709152222,1.0
none,m4xt4e6a,37,antmaze-large-diverse-v2,0.5368350744247437,1.0
none,m4xt4e6a,38,antmaze-large-diverse-v2,0.6079551577568054,1.0
none,m4xt4e6a,39,antmaze-large-diverse-v2,0.6426173448562622,1.0
none,m4xt4e6a,40,antmaze-large-diverse-v2,0.5484620928764343,1.0
none,m4xt4e6a,41,antmaze-large-diverse-v2,0.5727885961532593,1.0
none,m4xt4e6a,42,antmaze-large-diverse-v2,0.6336557269096375,1.0
none,m4xt4e6a,43,antmaze-large-diverse-v2,0.6289795637130737,1.0
none,m4xt4e6a,44,antmaze-large-diverse-v2,0.6174813508987427,1.0
none,m4xt4e6a,45,antmaze-large-diverse-v2,0.6155197620391846,1.0
none,m4xt4e6a,46,antmaze-large-diverse-v2,0.5841522812843323,1.0
none,m4xt4e6a,47,antmaze-large-diverse-v2,0.6826596260070801,1.0
none,m4xt4e6a,48,antmaze-large-diverse-v2,0.6473407745361328,1.0
none,m4xt4e6a,49,antmaze-large-diverse-v2,0.5860943794250488,1.0
pbrl,8kdqelpu,0,antmaze-medium-diverse-v2,1.059367299079895,0.01
pbrl,8kdqelpu,1,antmaze-medium-diverse-v2,0.9586352109909058,0.01
pbrl,8kdqelpu,2,antmaze-medium-diverse-v2,0.9373335838317871,0.01
pbrl,8kdqelpu,3,antmaze-medium-diverse-v2,0.9064633846282959,0.01
pbrl,8kdqelpu,4,antmaze-medium-diverse-v2,0.878132700920105,0.01
pbrl,8kdqelpu,5,antmaze-medium-diverse-v2,0.8085521459579468,0.01
pbrl,8kdqelpu,6,antmaze-medium-diverse-v2,0.8427391052246094,0.01
pbrl,8kdqelpu,7,antmaze-medium-diverse-v2,0.7799443006515503,0.01
pbrl,8kdqelpu,8,antmaze-medium-diverse-v2,0.7878742814064026,0.01
pbrl,8kdqelpu,9,antmaze-medium-diverse-v2,0.9159075021743774,0.01
pbrl,8kdqelpu,10,antmaze-medium-diverse-v2,0.8974737524986267,0.01
pbrl,8kdqelpu,11,antmaze-medium-diverse-v2,1.013535499572754,0.01
pbrl,8kdqelpu,12,antmaze-medium-diverse-v2,0.9150415658950806,0.01
pbrl,8kdqelpu,13,antmaze-medium-diverse-v2,0.9347103834152222,0.01
pbrl,8kdqelpu,14,antmaze-medium-diverse-v2,0.9041540026664734,0.01
pbrl,8kdqelpu,15,antmaze-medium-diverse-v2,0.9373159408569336,0.01
pbrl,8kdqelpu,16,antmaze-medium-diverse-v2,0.9266502857208252,0.01
pbrl,8kdqelpu,17,antmaze-medium-diverse-v2,0.9561572670936584,0.01
pbrl,8kdqelpu,18,antmaze-medium-diverse-v2,0.8542398810386658,0.01
pbrl,8kdqelpu,19,antmaze-medium-diverse-v2,0.8415637016296387,0.01
pbrl,8kdqelpu,20,antmaze-medium-diverse-v2,0.8706559538841248,0.01
pbrl,8kdqelpu,21,antmaze-medium-diverse-v2,0.875354528427124,0.01
pbrl,8kdqelpu,22,antmaze-medium-diverse-v2,0.8764920234680176,0.01
pbrl,8kdqelpu,23,antmaze-medium-diverse-v2,0.9008468389511108,0.01
pbrl,8kdqelpu,24,antmaze-medium-diverse-v2,0.8454492092132568,0.01
pbrl,8kdqelpu,25,antmaze-medium-diverse-v2,0.8413201570510864,0.01
pbrl,8kdqelpu,26,antmaze-medium-diverse-v2,0.8007136583328247,0.01
pbrl,8kdqelpu,27,antmaze-medium-diverse-v2,0.8706549406051636,0.01
pbrl,8kdqelpu,28,antmaze-medium-diverse-v2,0.8772643804550171,0.01
pbrl,8kdqelpu,29,antmaze-medium-diverse-v2,0.8763912320137024,0.01
pbrl,8kdqelpu,30,antmaze-medium-diverse-v2,0.8807740211486816,0.01
pbrl,8kdqelpu,31,antmaze-medium-diverse-v2,0.8335697054862976,0.01
pbrl,8kdqelpu,32,antmaze-medium-diverse-v2,0.81797856092453,0.01
pbrl,8kdqelpu,33,antmaze-medium-diverse-v2,0.8628530502319336,0.01
pbrl,8kdqelpu,34,antmaze-medium-diverse-v2,0.8530957698822021,0.01
pbrl,8kdqelpu,35,antmaze-medium-diverse-v2,0.8958473205566406,0.01
pbrl,8kdqelpu,36,antmaze-medium-diverse-v2,0.8596293926239014,0.01
pbrl,8kdqelpu,37,antmaze-medium-diverse-v2,0.8784899115562439,0.01
pbrl,8kdqelpu,38,antmaze-medium-diverse-v2,0.8471471071243286,0.01
pbrl,8kdqelpu,39,antmaze-medium-diverse-v2,0.8353327512741089,0.01
pbrl,8kdqelpu,40,antmaze-medium-diverse-v2,0.8944295048713684,0.01
pbrl,8kdqelpu,41,antmaze-medium-diverse-v2,0.805235743522644,0.01
pbrl,8kdqelpu,42,antmaze-medium-diverse-v2,0.9316869378089905,0.01
pbrl,8kdqelpu,43,antmaze-medium-diverse-v2,0.9189707040786743,0.01
pbrl,8kdqelpu,44,antmaze-medium-diverse-v2,0.8441939353942871,0.01
pbrl,8kdqelpu,45,antmaze-medium-diverse-v2,0.8359081745147705,0.01
pbrl,8kdqelpu,46,antmaze-medium-diverse-v2,0.8172664642333984,0.01
pbrl,8kdqelpu,47,antmaze-medium-diverse-v2,0.841219961643219,0.01
pbrl,8kdqelpu,48,antmaze-medium-diverse-v2,0.850077211856842,0.01
pbrl,8kdqelpu,49,antmaze-medium-diverse-v2,0.8922613263130188,0.01
none,f94t7yal,0,antmaze-large-diverse-v2,0.8333971500396729,5.0
none,f94t7yal,1,antmaze-large-diverse-v2,0.5446804761886597,5.0
none,f94t7yal,2,antmaze-large-diverse-v2,0.5059985518455505,5.0
none,f94t7yal,3,antmaze-large-diverse-v2,0.49568110704421997,5.0
none,f94t7yal,4,antmaze-large-diverse-v2,0.5631763935089111,5.0
none,f94t7yal,5,antmaze-large-diverse-v2,0.4821358323097229,5.0
none,f94t7yal,6,antmaze-large-diverse-v2,0.48545771837234497,5.0
none,f94t7yal,7,antmaze-large-diverse-v2,0.47035783529281616,5.0
none,f94t7yal,8,antmaze-large-diverse-v2,0.5027381777763367,5.0
none,f94t7yal,9,antmaze-large-diverse-v2,0.4670864939689636,5.0
none,f94t7yal,10,antmaze-large-diverse-v2,0.4965361952781677,5.0
none,f94t7yal,11,antmaze-large-diverse-v2,0.5234923958778381,5.0
none,f94t7yal,12,antmaze-large-diverse-v2,0.5325112342834473,5.0
none,f94t7yal,13,antmaze-large-diverse-v2,0.5435652732849121,5.0
none,f94t7yal,14,antmaze-large-diverse-v2,0.5469430088996887,5.0
none,f94t7yal,15,antmaze-large-diverse-v2,0.5265649557113647,5.0
none,f94t7yal,16,antmaze-large-diverse-v2,0.5411156415939331,5.0
none,f94t7yal,17,antmaze-large-diverse-v2,0.6193656325340271,5.0
none,f94t7yal,18,antmaze-large-diverse-v2,0.574562668800354,5.0
none,f94t7yal,19,antmaze-large-diverse-v2,0.605109691619873,5.0
none,f94t7yal,20,antmaze-large-diverse-v2,0.5626791715621948,5.0
none,f94t7yal,21,antmaze-large-diverse-v2,0.6347068548202515,5.0
none,f94t7yal,22,antmaze-large-diverse-v2,0.6328508257865906,5.0
none,f94t7yal,23,antmaze-large-diverse-v2,0.5924667119979858,5.0
none,f94t7yal,24,antmaze-large-diverse-v2,0.517289400100708,5.0
none,f94t7yal,25,antmaze-large-diverse-v2,0.5435135364532471,5.0
none,f94t7yal,26,antmaze-large-diverse-v2,0.647337794303894,5.0
none,f94t7yal,27,antmaze-large-diverse-v2,0.6013305187225342,5.0
none,f94t7yal,28,antmaze-large-diverse-v2,0.5746668577194214,5.0
none,f94t7yal,29,antmaze-large-diverse-v2,0.5988049507141113,5.0
none,f94t7yal,30,antmaze-large-diverse-v2,0.6339858770370483,5.0
none,f94t7yal,31,antmaze-large-diverse-v2,0.5772945880889893,5.0
none,f94t7yal,32,antmaze-large-diverse-v2,0.5580716729164124,5.0
none,f94t7yal,33,antmaze-large-diverse-v2,0.5751234292984009,5.0
none,f94t7yal,34,antmaze-large-diverse-v2,0.6122688055038452,5.0
none,f94t7yal,35,antmaze-large-diverse-v2,0.6060155630111694,5.0
none,f94t7yal,36,antmaze-large-diverse-v2,0.6408312320709229,5.0
none,f94t7yal,37,antmaze-large-diverse-v2,0.5467147827148438,5.0
none,f94t7yal,38,antmaze-large-diverse-v2,0.5229260325431824,5.0
none,f94t7yal,39,antmaze-large-diverse-v2,0.5975589752197266,5.0
none,f94t7yal,40,antmaze-large-diverse-v2,0.6031666994094849,5.0
none,f94t7yal,41,antmaze-large-diverse-v2,0.6732980012893677,5.0
none,f94t7yal,42,antmaze-large-diverse-v2,0.597819447517395,5.0
none,f94t7yal,43,antmaze-large-diverse-v2,0.6517404913902283,5.0
none,f94t7yal,44,antmaze-large-diverse-v2,0.5694625973701477,5.0
none,f94t7yal,45,antmaze-large-diverse-v2,0.5937848091125488,5.0
none,f94t7yal,46,antmaze-large-diverse-v2,0.6010388135910034,5.0
none,f94t7yal,47,antmaze-large-diverse-v2,0.5275684595108032,5.0
none,f94t7yal,48,antmaze-large-diverse-v2,0.558125376701355,5.0
none,f94t7yal,49,antmaze-large-diverse-v2,0.6720465421676636,5.0
pbrl,ewapr4be,0,antmaze-medium-diverse-v2,1.0610219240188599,0.01
pbrl,ewapr4be,1,antmaze-medium-diverse-v2,1.002897024154663,0.01
pbrl,ewapr4be,2,antmaze-medium-diverse-v2,0.9803627729415894,0.01
pbrl,ewapr4be,3,antmaze-medium-diverse-v2,0.9873580932617188,0.01
pbrl,ewapr4be,4,antmaze-medium-diverse-v2,0.9745575189590454,0.01
pbrl,ewapr4be,5,antmaze-medium-diverse-v2,0.9282124042510986,0.01
pbrl,ewapr4be,6,antmaze-medium-diverse-v2,0.9545761346817017,0.01
pbrl,ewapr4be,7,antmaze-medium-diverse-v2,0.9069030284881592,0.01
pbrl,ewapr4be,8,antmaze-medium-diverse-v2,0.8310258984565735,0.01
pbrl,ewapr4be,9,antmaze-medium-diverse-v2,0.8869729042053223,0.01
pbrl,ewapr4be,10,antmaze-medium-diverse-v2,0.9679018259048462,0.01
pbrl,ewapr4be,11,antmaze-medium-diverse-v2,0.8413626551628113,0.01
pbrl,ewapr4be,12,antmaze-medium-diverse-v2,0.9405964612960815,0.01
pbrl,ewapr4be,13,antmaze-medium-diverse-v2,0.9434254169464111,0.01
pbrl,ewapr4be,14,antmaze-medium-diverse-v2,0.954220175743103,0.01
pbrl,ewapr4be,15,antmaze-medium-diverse-v2,0.9121590256690979,0.01
pbrl,ewapr4be,16,antmaze-medium-diverse-v2,0.872846245765686,0.01
pbrl,ewapr4be,17,antmaze-medium-diverse-v2,0.904438853263855,0.01
pbrl,ewapr4be,18,antmaze-medium-diverse-v2,0.8964502811431885,0.01
pbrl,ewapr4be,19,antmaze-medium-diverse-v2,0.937727689743042,0.01
pbrl,ewapr4be,20,antmaze-medium-diverse-v2,0.9105399250984192,0.01
pbrl,ewapr4be,21,antmaze-medium-diverse-v2,0.8987793922424316,0.01
pbrl,ewapr4be,22,antmaze-medium-diverse-v2,0.9100841283798218,0.01
pbrl,ewapr4be,23,antmaze-medium-diverse-v2,0.9092907905578613,0.01
pbrl,ewapr4be,24,antmaze-medium-diverse-v2,0.8973952531814575,0.01
pbrl,ewapr4be,25,antmaze-medium-diverse-v2,0.8772369623184204,0.01
pbrl,ewapr4be,26,antmaze-medium-diverse-v2,0.8569772243499756,0.01
pbrl,ewapr4be,27,antmaze-medium-diverse-v2,0.8369646072387695,0.01
pbrl,ewapr4be,28,antmaze-medium-diverse-v2,0.894275426864624,0.01
pbrl,ewapr4be,29,antmaze-medium-diverse-v2,0.8870812058448792,0.01
pbrl,ewapr4be,30,antmaze-medium-diverse-v2,0.8747696876525879,0.01
pbrl,ewapr4be,31,antmaze-medium-diverse-v2,0.8899455070495605,0.01
pbrl,ewapr4be,32,antmaze-medium-diverse-v2,0.9441105723381042,0.01
pbrl,ewapr4be,33,antmaze-medium-diverse-v2,0.8952673673629761,0.01
pbrl,ewapr4be,34,antmaze-medium-diverse-v2,0.8694316148757935,0.01
pbrl,ewapr4be,35,antmaze-medium-diverse-v2,0.8414506912231445,0.01
pbrl,ewapr4be,36,antmaze-medium-diverse-v2,0.8028171062469482,0.01
pbrl,ewapr4be,37,antmaze-medium-diverse-v2,0.8085525631904602,0.01
pbrl,ewapr4be,38,antmaze-medium-diverse-v2,0.8572739362716675,0.01
pbrl,ewapr4be,39,antmaze-medium-diverse-v2,0.8752135038375854,0.01
pbrl,ewapr4be,40,antmaze-medium-diverse-v2,0.8075146079063416,0.01
pbrl,ewapr4be,41,antmaze-medium-diverse-v2,0.8273258209228516,0.01
pbrl,ewapr4be,42,antmaze-medium-diverse-v2,0.8513332009315491,0.01
pbrl,ewapr4be,43,antmaze-medium-diverse-v2,0.8599369525909424,0.01
pbrl,ewapr4be,44,antmaze-medium-diverse-v2,0.8494310975074768,0.01
pbrl,ewapr4be,45,antmaze-medium-diverse-v2,0.868857741355896,0.01
pbrl,ewapr4be,46,antmaze-medium-diverse-v2,0.8671563267707825,0.01
pbrl,ewapr4be,47,antmaze-medium-diverse-v2,0.8501189947128296,0.01
pbrl,ewapr4be,48,antmaze-medium-diverse-v2,0.8813375234603882,0.01
pbrl,ewapr4be,49,antmaze-medium-diverse-v2,0.8143014311790466,0.01
none,p46u7zjb,0,antmaze-large-diverse-v2,0.8371018767356873,5.0
none,p46u7zjb,1,antmaze-large-diverse-v2,0.5402303338050842,5.0
none,p46u7zjb,2,antmaze-large-diverse-v2,0.49349474906921387,5.0
none,p46u7zjb,3,antmaze-large-diverse-v2,0.4893590211868286,5.0
none,p46u7zjb,4,antmaze-large-diverse-v2,0.4739978313446045,5.0
none,p46u7zjb,5,antmaze-large-diverse-v2,0.48052117228507996,5.0
none,p46u7zjb,6,antmaze-large-diverse-v2,0.4568875730037689,5.0
none,p46u7zjb,7,antmaze-large-diverse-v2,0.4712231755256653,5.0
none,p46u7zjb,8,antmaze-large-diverse-v2,0.4676559269428253,5.0
none,p46u7zjb,9,antmaze-large-diverse-v2,0.45026764273643494,5.0
none,p46u7zjb,10,antmaze-large-diverse-v2,0.47300124168395996,5.0
none,p46u7zjb,11,antmaze-large-diverse-v2,0.4931224584579468,5.0
none,p46u7zjb,12,antmaze-large-diverse-v2,0.5696905255317688,5.0
none,p46u7zjb,13,antmaze-large-diverse-v2,0.5625258684158325,5.0
none,p46u7zjb,14,antmaze-large-diverse-v2,0.5181405544281006,5.0
none,p46u7zjb,15,antmaze-large-diverse-v2,0.5505350828170776,5.0
none,p46u7zjb,16,antmaze-large-diverse-v2,0.562287449836731,5.0
none,p46u7zjb,17,antmaze-large-diverse-v2,0.557790994644165,5.0
none,p46u7zjb,18,antmaze-large-diverse-v2,0.5622861385345459,5.0
none,p46u7zjb,19,antmaze-large-diverse-v2,0.576968789100647,5.0
none,p46u7zjb,20,antmaze-large-diverse-v2,0.5606368780136108,5.0
none,p46u7zjb,21,antmaze-large-diverse-v2,0.5974544882774353,5.0
none,p46u7zjb,22,antmaze-large-diverse-v2,0.5775851011276245,5.0
none,p46u7zjb,23,antmaze-large-diverse-v2,0.5802034735679626,5.0
none,p46u7zjb,24,antmaze-large-diverse-v2,0.5743967890739441,5.0
none,p46u7zjb,25,antmaze-large-diverse-v2,0.6449376344680786,5.0
none,p46u7zjb,26,antmaze-large-diverse-v2,0.5467244386672974,5.0
none,p46u7zjb,27,antmaze-large-diverse-v2,0.5806408524513245,5.0
none,p46u7zjb,28,antmaze-large-diverse-v2,0.579942524433136,5.0
none,p46u7zjb,29,antmaze-large-diverse-v2,0.6045522689819336,5.0
none,p46u7zjb,30,antmaze-large-diverse-v2,0.5491937398910522,5.0
none,p46u7zjb,31,antmaze-large-diverse-v2,0.6240925192832947,5.0
none,p46u7zjb,32,antmaze-large-diverse-v2,0.6193568110466003,5.0
none,p46u7zjb,33,antmaze-large-diverse-v2,0.5554715394973755,5.0
none,p46u7zjb,34,antmaze-large-diverse-v2,0.5725910663604736,5.0
none,p46u7zjb,35,antmaze-large-diverse-v2,0.6066840887069702,5.0
none,p46u7zjb,36,antmaze-large-diverse-v2,0.6099603772163391,5.0
none,p46u7zjb,37,antmaze-large-diverse-v2,0.5726444721221924,5.0
none,p46u7zjb,38,antmaze-large-diverse-v2,0.6578652858734131,5.0
none,p46u7zjb,39,antmaze-large-diverse-v2,0.6123855113983154,5.0
none,p46u7zjb,40,antmaze-large-diverse-v2,0.6043682098388672,5.0
none,p46u7zjb,41,antmaze-large-diverse-v2,0.5976405143737793,5.0
none,p46u7zjb,42,antmaze-large-diverse-v2,0.6300832033157349,5.0
none,p46u7zjb,43,antmaze-large-diverse-v2,0.5898815393447876,5.0
none,p46u7zjb,44,antmaze-large-diverse-v2,0.6250383853912354,5.0
none,p46u7zjb,45,antmaze-large-diverse-v2,0.6136451959609985,5.0
none,p46u7zjb,46,antmaze-large-diverse-v2,0.5945395231246948,5.0
none,p46u7zjb,47,antmaze-large-diverse-v2,0.5782760381698608,5.0
none,p46u7zjb,48,antmaze-large-diverse-v2,0.5704917907714844,5.0
none,p46u7zjb,49,antmaze-large-diverse-v2,0.6027049422264099,5.0
pbrl,bhn30yr8,0,antmaze-medium-diverse-v2,1.0108721256256104,0.01
pbrl,bhn30yr8,1,antmaze-medium-diverse-v2,1.0229434967041016,0.01
pbrl,bhn30yr8,2,antmaze-medium-diverse-v2,0.883429765701294,0.01
pbrl,bhn30yr8,3,antmaze-medium-diverse-v2,0.8562725782394409,0.01
pbrl,bhn30yr8,4,antmaze-medium-diverse-v2,0.8374203443527222,0.01
pbrl,bhn30yr8,5,antmaze-medium-diverse-v2,0.7976301908493042,0.01
pbrl,bhn30yr8,6,antmaze-medium-diverse-v2,0.8387814164161682,0.01
pbrl,bhn30yr8,7,antmaze-medium-diverse-v2,0.8367502689361572,0.01
pbrl,bhn30yr8,8,antmaze-medium-diverse-v2,0.8318591713905334,0.01
pbrl,bhn30yr8,9,antmaze-medium-diverse-v2,0.9144783020019531,0.01
pbrl,bhn30yr8,10,antmaze-medium-diverse-v2,0.9820753335952759,0.01
pbrl,bhn30yr8,11,antmaze-medium-diverse-v2,0.9362576007843018,0.01
pbrl,bhn30yr8,12,antmaze-medium-diverse-v2,0.8397383689880371,0.01
pbrl,bhn30yr8,13,antmaze-medium-diverse-v2,0.8910512328147888,0.01
pbrl,bhn30yr8,14,antmaze-medium-diverse-v2,0.8429821729660034,0.01
pbrl,bhn30yr8,15,antmaze-medium-diverse-v2,0.8602579832077026,0.01
pbrl,bhn30yr8,16,antmaze-medium-diverse-v2,0.890357255935669,0.01
pbrl,bhn30yr8,17,antmaze-medium-diverse-v2,0.9229387044906616,0.01
pbrl,bhn30yr8,18,antmaze-medium-diverse-v2,0.8895745277404785,0.01
pbrl,bhn30yr8,19,antmaze-medium-diverse-v2,0.8773785829544067,0.01
pbrl,bhn30yr8,20,antmaze-medium-diverse-v2,0.89930260181427,0.01
pbrl,bhn30yr8,21,antmaze-medium-diverse-v2,0.9169021844863892,0.01
pbrl,bhn30yr8,22,antmaze-medium-diverse-v2,0.9044909477233887,0.01
pbrl,bhn30yr8,23,antmaze-medium-diverse-v2,0.8535395860671997,0.01
pbrl,bhn30yr8,24,antmaze-medium-diverse-v2,0.8650344610214233,0.01
pbrl,bhn30yr8,25,antmaze-medium-diverse-v2,0.8846437931060791,0.01
pbrl,bhn30yr8,26,antmaze-medium-diverse-v2,0.8620230555534363,0.01
pbrl,bhn30yr8,27,antmaze-medium-diverse-v2,0.8763009905815125,0.01
pbrl,bhn30yr8,28,antmaze-medium-diverse-v2,0.881956934928894,0.01
pbrl,bhn30yr8,29,antmaze-medium-diverse-v2,0.8530303239822388,0.01
pbrl,bhn30yr8,30,antmaze-medium-diverse-v2,0.9122775793075562,0.01
pbrl,bhn30yr8,31,antmaze-medium-diverse-v2,0.8814818263053894,0.01
pbrl,bhn30yr8,32,antmaze-medium-diverse-v2,0.863717257976532,0.01
pbrl,bhn30yr8,33,antmaze-medium-diverse-v2,0.8823062181472778,0.01
pbrl,bhn30yr8,34,antmaze-medium-diverse-v2,0.8873043656349182,0.01
pbrl,bhn30yr8,35,antmaze-medium-diverse-v2,0.8154312968254089,0.01
pbrl,bhn30yr8,36,antmaze-medium-diverse-v2,0.8674514293670654,0.01
pbrl,bhn30yr8,37,antmaze-medium-diverse-v2,0.9292083978652954,0.01
pbrl,bhn30yr8,38,antmaze-medium-diverse-v2,0.8535008430480957,0.01
pbrl,bhn30yr8,39,antmaze-medium-diverse-v2,0.8691911697387695,0.01
pbrl,bhn30yr8,40,antmaze-medium-diverse-v2,0.8817489743232727,0.01
pbrl,bhn30yr8,41,antmaze-medium-diverse-v2,0.8405270576477051,0.01
pbrl,bhn30yr8,42,antmaze-medium-diverse-v2,0.8739053606987,0.01
pbrl,bhn30yr8,43,antmaze-medium-diverse-v2,0.8590596914291382,0.01
pbrl,bhn30yr8,44,antmaze-medium-diverse-v2,0.85832679271698,0.01
pbrl,bhn30yr8,45,antmaze-medium-diverse-v2,0.8385192155838013,0.01
pbrl,bhn30yr8,46,antmaze-medium-diverse-v2,0.8800296187400818,0.01
pbrl,bhn30yr8,47,antmaze-medium-diverse-v2,0.9438197612762451,0.01
pbrl,bhn30yr8,48,antmaze-medium-diverse-v2,0.8795686960220337,0.01
pbrl,bhn30yr8,49,antmaze-medium-diverse-v2,0.8332334756851196,0.01
pbrl,w99v1l8f,0,antmaze-medium-diverse-v2,1.0341041088104248,0.01
pbrl,w99v1l8f,1,antmaze-medium-diverse-v2,0.9872958660125732,0.01
pbrl,w99v1l8f,2,antmaze-medium-diverse-v2,1.0066027641296387,0.01
pbrl,w99v1l8f,3,antmaze-medium-diverse-v2,0.8755340576171875,0.01
pbrl,w99v1l8f,4,antmaze-medium-diverse-v2,0.8604118824005127,0.01
pbrl,w99v1l8f,5,antmaze-medium-diverse-v2,0.8448002934455872,0.01
pbrl,w99v1l8f,6,antmaze-medium-diverse-v2,0.8025295734405518,0.01
pbrl,w99v1l8f,7,antmaze-medium-diverse-v2,0.801322877407074,0.01
pbrl,w99v1l8f,8,antmaze-medium-diverse-v2,0.8364646434783936,0.01
pbrl,w99v1l8f,9,antmaze-medium-diverse-v2,0.8714556097984314,0.01
pbrl,w99v1l8f,10,antmaze-medium-diverse-v2,0.8494400382041931,0.01
pbrl,w99v1l8f,11,antmaze-medium-diverse-v2,0.8915764093399048,0.01
pbrl,w99v1l8f,12,antmaze-medium-diverse-v2,0.8925043344497681,0.01
pbrl,w99v1l8f,13,antmaze-medium-diverse-v2,0.8751879334449768,0.01
pbrl,w99v1l8f,14,antmaze-medium-diverse-v2,0.871616005897522,0.01
pbrl,w99v1l8f,15,antmaze-medium-diverse-v2,0.9504669904708862,0.01
pbrl,w99v1l8f,16,antmaze-medium-diverse-v2,0.8578341007232666,0.01
pbrl,w99v1l8f,17,antmaze-medium-diverse-v2,0.8926439881324768,0.01
pbrl,w99v1l8f,18,antmaze-medium-diverse-v2,0.8600897789001465,0.01
pbrl,w99v1l8f,19,antmaze-medium-diverse-v2,0.8113641738891602,0.01
pbrl,w99v1l8f,20,antmaze-medium-diverse-v2,0.7694218158721924,0.01
pbrl,w99v1l8f,21,antmaze-medium-diverse-v2,0.8468371629714966,0.01
pbrl,w99v1l8f,22,antmaze-medium-diverse-v2,0.8386231660842896,0.01
pbrl,w99v1l8f,23,antmaze-medium-diverse-v2,0.8313196897506714,0.01
pbrl,w99v1l8f,24,antmaze-medium-diverse-v2,0.920877993106842,0.01
pbrl,w99v1l8f,25,antmaze-medium-diverse-v2,0.8849294185638428,0.01
pbrl,w99v1l8f,26,antmaze-medium-diverse-v2,0.7785993218421936,0.01
pbrl,w99v1l8f,27,antmaze-medium-diverse-v2,0.8087950944900513,0.01
pbrl,w99v1l8f,28,antmaze-medium-diverse-v2,0.8558634519577026,0.01
pbrl,w99v1l8f,29,antmaze-medium-diverse-v2,0.912258505821228,0.01
pbrl,w99v1l8f,30,antmaze-medium-diverse-v2,0.8543179035186768,0.01
pbrl,w99v1l8f,31,antmaze-medium-diverse-v2,0.8571792840957642,0.01
pbrl,w99v1l8f,32,antmaze-medium-diverse-v2,0.858504593372345,0.01
pbrl,w99v1l8f,33,antmaze-medium-diverse-v2,0.9336929321289062,0.01
pbrl,w99v1l8f,34,antmaze-medium-diverse-v2,0.8538392186164856,0.01
pbrl,w99v1l8f,35,antmaze-medium-diverse-v2,0.8323847055435181,0.01
pbrl,w99v1l8f,36,antmaze-medium-diverse-v2,0.824016809463501,0.01
pbrl,w99v1l8f,37,antmaze-medium-diverse-v2,0.8693477511405945,0.01
pbrl,w99v1l8f,38,antmaze-medium-diverse-v2,0.8669604659080505,0.01
pbrl,w99v1l8f,39,antmaze-medium-diverse-v2,0.84438157081604,0.01
pbrl,w99v1l8f,40,antmaze-medium-diverse-v2,0.8313337564468384,0.01
pbrl,w99v1l8f,41,antmaze-medium-diverse-v2,0.8193344473838806,0.01
pbrl,w99v1l8f,42,antmaze-medium-diverse-v2,0.8368291854858398,0.01
pbrl,w99v1l8f,43,antmaze-medium-diverse-v2,0.8132399320602417,0.01
pbrl,w99v1l8f,44,antmaze-medium-diverse-v2,0.8273258209228516,0.01
pbrl,w99v1l8f,45,antmaze-medium-diverse-v2,0.8864311575889587,0.01
pbrl,w99v1l8f,46,antmaze-medium-diverse-v2,0.8563686013221741,0.01
pbrl,w99v1l8f,47,antmaze-medium-diverse-v2,0.825072705745697,0.01
pbrl,w99v1l8f,48,antmaze-medium-diverse-v2,0.8775292038917542,0.01
pbrl,w99v1l8f,49,antmaze-medium-diverse-v2,0.8053634762763977,0.01
none,rm3b2rz9,0,antmaze-large-diverse-v2,0.7971371412277222,5.0
none,rm3b2rz9,1,antmaze-large-diverse-v2,0.5495943427085876,5.0
none,rm3b2rz9,2,antmaze-large-diverse-v2,0.5298107862472534,5.0
none,rm3b2rz9,3,antmaze-large-diverse-v2,0.5106104612350464,5.0
none,rm3b2rz9,4,antmaze-large-diverse-v2,0.48466238379478455,5.0
none,rm3b2rz9,5,antmaze-large-diverse-v2,0.5241687297821045,5.0
none,rm3b2rz9,6,antmaze-large-diverse-v2,0.5071946382522583,5.0
none,rm3b2rz9,7,antmaze-large-diverse-v2,0.45038533210754395,5.0
none,rm3b2rz9,8,antmaze-large-diverse-v2,0.4692913889884949,5.0
none,rm3b2rz9,9,antmaze-large-diverse-v2,0.4549417495727539,5.0
none,rm3b2rz9,10,antmaze-large-diverse-v2,0.5032098293304443,5.0
none,rm3b2rz9,11,antmaze-large-diverse-v2,0.4582813084125519,5.0
none,rm3b2rz9,12,antmaze-large-diverse-v2,0.5101821422576904,5.0
none,rm3b2rz9,13,antmaze-large-diverse-v2,0.5714848041534424,5.0
none,rm3b2rz9,14,antmaze-large-diverse-v2,0.5664151906967163,5.0
none,rm3b2rz9,15,antmaze-large-diverse-v2,0.5477440357208252,5.0
none,rm3b2rz9,16,antmaze-large-diverse-v2,0.5534496903419495,5.0
none,rm3b2rz9,17,antmaze-large-diverse-v2,0.6080784201622009,5.0
none,rm3b2rz9,18,antmaze-large-diverse-v2,0.54486083984375,5.0
none,rm3b2rz9,19,antmaze-large-diverse-v2,0.5757564902305603,5.0
none,rm3b2rz9,20,antmaze-large-diverse-v2,0.5399788618087769,5.0
none,rm3b2rz9,21,antmaze-large-diverse-v2,0.5718808770179749,5.0
none,rm3b2rz9,22,antmaze-large-diverse-v2,0.5820300579071045,5.0
none,rm3b2rz9,23,antmaze-large-diverse-v2,0.5680677890777588,5.0
none,rm3b2rz9,24,antmaze-large-diverse-v2,0.571574866771698,5.0
none,rm3b2rz9,25,antmaze-large-diverse-v2,0.5725347995758057,5.0
none,rm3b2rz9,26,antmaze-large-diverse-v2,0.5879409313201904,5.0
none,rm3b2rz9,27,antmaze-large-diverse-v2,0.5497894287109375,5.0
none,rm3b2rz9,28,antmaze-large-diverse-v2,0.5670912861824036,5.0
none,rm3b2rz9,29,antmaze-large-diverse-v2,0.6209949254989624,5.0
none,rm3b2rz9,30,antmaze-large-diverse-v2,0.6192192435264587,5.0
none,rm3b2rz9,31,antmaze-large-diverse-v2,0.6166156530380249,5.0
none,rm3b2rz9,32,antmaze-large-diverse-v2,0.5878381133079529,5.0
none,rm3b2rz9,33,antmaze-large-diverse-v2,0.6293337941169739,5.0
none,rm3b2rz9,34,antmaze-large-diverse-v2,0.5711864233016968,5.0
none,rm3b2rz9,35,antmaze-large-diverse-v2,0.5646640062332153,5.0
none,rm3b2rz9,36,antmaze-large-diverse-v2,0.6200365424156189,5.0
none,rm3b2rz9,37,antmaze-large-diverse-v2,0.5658186674118042,5.0
none,rm3b2rz9,38,antmaze-large-diverse-v2,0.5951700210571289,5.0
none,rm3b2rz9,39,antmaze-large-diverse-v2,0.6157432794570923,5.0
none,rm3b2rz9,40,antmaze-large-diverse-v2,0.5826497673988342,5.0
none,rm3b2rz9,41,antmaze-large-diverse-v2,0.591788113117218,5.0
none,rm3b2rz9,42,antmaze-large-diverse-v2,0.6079037189483643,5.0
none,rm3b2rz9,43,antmaze-large-diverse-v2,0.5980493426322937,5.0
none,rm3b2rz9,44,antmaze-large-diverse-v2,0.6023476123809814,5.0
none,rm3b2rz9,45,antmaze-large-diverse-v2,0.5882951021194458,5.0
none,rm3b2rz9,46,antmaze-large-diverse-v2,0.574616014957428,5.0
none,rm3b2rz9,47,antmaze-large-diverse-v2,0.5043371915817261,5.0
none,rm3b2rz9,48,antmaze-large-diverse-v2,0.5243588089942932,5.0
none,rm3b2rz9,49,antmaze-large-diverse-v2,0.5754655599594116,5.0
pbrl,n9f35x20,0,antmaze-medium-diverse-v2,0.9860328435897827,0.01
pbrl,n9f35x20,1,antmaze-medium-diverse-v2,1.1826469898223877,0.01
pbrl,n9f35x20,2,antmaze-medium-diverse-v2,0.9255651235580444,0.01
pbrl,n9f35x20,3,antmaze-medium-diverse-v2,0.9905573129653931,0.01
pbrl,n9f35x20,4,antmaze-medium-diverse-v2,0.9805494546890259,0.01
pbrl,n9f35x20,5,antmaze-medium-diverse-v2,0.8840128779411316,0.01
pbrl,n9f35x20,6,antmaze-medium-diverse-v2,0.8779343366622925,0.01
pbrl,n9f35x20,7,antmaze-medium-diverse-v2,0.9144236445426941,0.01
pbrl,n9f35x20,8,antmaze-medium-diverse-v2,0.9613704681396484,0.01
pbrl,n9f35x20,9,antmaze-medium-diverse-v2,0.8449328541755676,0.01
pbrl,n9f35x20,10,antmaze-medium-diverse-v2,1.033923625946045,0.01
pbrl,n9f35x20,11,antmaze-medium-diverse-v2,0.8759170770645142,0.01
pbrl,n9f35x20,12,antmaze-medium-diverse-v2,0.8859901428222656,0.01
pbrl,n9f35x20,13,antmaze-medium-diverse-v2,0.9659562110900879,0.01
pbrl,n9f35x20,14,antmaze-medium-diverse-v2,0.8470720052719116,0.01
pbrl,n9f35x20,15,antmaze-medium-diverse-v2,0.8988450169563293,0.01
pbrl,n9f35x20,16,antmaze-medium-diverse-v2,0.8336266279220581,0.01
pbrl,n9f35x20,17,antmaze-medium-diverse-v2,0.8683726191520691,0.01
pbrl,n9f35x20,18,antmaze-medium-diverse-v2,0.8203763961791992,0.01
pbrl,n9f35x20,19,antmaze-medium-diverse-v2,0.8754595518112183,0.01
pbrl,n9f35x20,20,antmaze-medium-diverse-v2,0.9074826240539551,0.01
pbrl,n9f35x20,21,antmaze-medium-diverse-v2,0.9573631882667542,0.01
pbrl,n9f35x20,22,antmaze-medium-diverse-v2,0.8721906542778015,0.01
pbrl,n9f35x20,23,antmaze-medium-diverse-v2,0.7516070604324341,0.01
pbrl,n9f35x20,24,antmaze-medium-diverse-v2,0.8629213571548462,0.01
pbrl,n9f35x20,25,antmaze-medium-diverse-v2,0.8894596695899963,0.01
pbrl,n9f35x20,26,antmaze-medium-diverse-v2,0.8524783253669739,0.01
pbrl,n9f35x20,27,antmaze-medium-diverse-v2,0.8634933829307556,0.01
pbrl,n9f35x20,28,antmaze-medium-diverse-v2,0.8614397048950195,0.01
pbrl,n9f35x20,29,antmaze-medium-diverse-v2,0.8645774722099304,0.01
pbrl,n9f35x20,30,antmaze-medium-diverse-v2,0.8592649698257446,0.01
pbrl,n9f35x20,31,antmaze-medium-diverse-v2,0.9204423427581787,0.01
pbrl,n9f35x20,32,antmaze-medium-diverse-v2,0.8481030464172363,0.01
pbrl,n9f35x20,33,antmaze-medium-diverse-v2,0.8547556400299072,0.01
pbrl,n9f35x20,34,antmaze-medium-diverse-v2,0.8614126443862915,0.01
pbrl,n9f35x20,35,antmaze-medium-diverse-v2,0.8397448658943176,0.01
pbrl,n9f35x20,36,antmaze-medium-diverse-v2,0.8440201282501221,0.01
pbrl,n9f35x20,37,antmaze-medium-diverse-v2,0.8319879770278931,0.01
pbrl,n9f35x20,38,antmaze-medium-diverse-v2,0.9006596803665161,0.01
pbrl,n9f35x20,39,antmaze-medium-diverse-v2,0.813866376876831,0.01
pbrl,n9f35x20,40,antmaze-medium-diverse-v2,0.841778576374054,0.01
pbrl,n9f35x20,41,antmaze-medium-diverse-v2,0.8072164058685303,0.01
pbrl,n9f35x20,42,antmaze-medium-diverse-v2,0.8704112768173218,0.01
pbrl,n9f35x20,43,antmaze-medium-diverse-v2,0.9301562309265137,0.01
pbrl,n9f35x20,44,antmaze-medium-diverse-v2,0.8061410784721375,0.01
pbrl,n9f35x20,45,antmaze-medium-diverse-v2,0.8706907033920288,0.01
pbrl,n9f35x20,46,antmaze-medium-diverse-v2,0.8435118198394775,0.01
pbrl,n9f35x20,47,antmaze-medium-diverse-v2,0.857428789138794,0.01
pbrl,n9f35x20,48,antmaze-medium-diverse-v2,0.9431627988815308,0.01
pbrl,n9f35x20,49,antmaze-medium-diverse-v2,0.8214406371116638,0.01
none,aia1rh1v,0,antmaze-large-diverse-v2,0.8209326267242432,5.0
none,aia1rh1v,1,antmaze-large-diverse-v2,0.5506219863891602,5.0
none,aia1rh1v,2,antmaze-large-diverse-v2,0.49029839038848877,5.0
none,aia1rh1v,3,antmaze-large-diverse-v2,0.5578250885009766,5.0
none,aia1rh1v,4,antmaze-large-diverse-v2,0.5051736831665039,5.0
none,aia1rh1v,5,antmaze-large-diverse-v2,0.575941801071167,5.0
none,aia1rh1v,6,antmaze-large-diverse-v2,0.50483638048172,5.0
none,aia1rh1v,7,antmaze-large-diverse-v2,0.49209725856781006,5.0
none,aia1rh1v,8,antmaze-large-diverse-v2,0.4697514772415161,5.0
none,aia1rh1v,9,antmaze-large-diverse-v2,0.4970513582229614,5.0
none,aia1rh1v,10,antmaze-large-diverse-v2,0.507946252822876,5.0
none,aia1rh1v,11,antmaze-large-diverse-v2,0.4818519949913025,5.0
none,aia1rh1v,12,antmaze-large-diverse-v2,0.5930299162864685,5.0
none,aia1rh1v,13,antmaze-large-diverse-v2,0.5713441371917725,5.0
none,aia1rh1v,14,antmaze-large-diverse-v2,0.5740717649459839,5.0
none,aia1rh1v,15,antmaze-large-diverse-v2,0.5655802488327026,5.0
none,aia1rh1v,16,antmaze-large-diverse-v2,0.6039621829986572,5.0
none,aia1rh1v,17,antmaze-large-diverse-v2,0.5818283557891846,5.0
none,aia1rh1v,18,antmaze-large-diverse-v2,0.5865694880485535,5.0
none,aia1rh1v,19,antmaze-large-diverse-v2,0.539739727973938,5.0
none,aia1rh1v,20,antmaze-large-diverse-v2,0.5405279397964478,5.0
none,aia1rh1v,21,antmaze-large-diverse-v2,0.5374032258987427,5.0
none,aia1rh1v,22,antmaze-large-diverse-v2,0.570888876914978,5.0
none,aia1rh1v,23,antmaze-large-diverse-v2,0.6107925176620483,5.0
none,aia1rh1v,24,antmaze-large-diverse-v2,0.6131761074066162,5.0
none,aia1rh1v,25,antmaze-large-diverse-v2,0.652843713760376,5.0
none,aia1rh1v,26,antmaze-large-diverse-v2,0.5544755458831787,5.0
none,aia1rh1v,27,antmaze-large-diverse-v2,0.6262290477752686,5.0
none,aia1rh1v,28,antmaze-large-diverse-v2,0.5556107759475708,5.0
none,aia1rh1v,29,antmaze-large-diverse-v2,0.6234382390975952,5.0
none,aia1rh1v,30,antmaze-large-diverse-v2,0.5430973768234253,5.0
none,aia1rh1v,31,antmaze-large-diverse-v2,0.5858137607574463,5.0
none,aia1rh1v,32,antmaze-large-diverse-v2,0.5345534086227417,5.0
none,aia1rh1v,33,antmaze-large-diverse-v2,0.5387759208679199,5.0
none,aia1rh1v,34,antmaze-large-diverse-v2,0.564329981803894,5.0
none,aia1rh1v,35,antmaze-large-diverse-v2,0.6135725975036621,5.0
none,aia1rh1v,36,antmaze-large-diverse-v2,0.57224440574646,5.0
none,aia1rh1v,37,antmaze-large-diverse-v2,0.5564702153205872,5.0
none,aia1rh1v,38,antmaze-large-diverse-v2,0.5875111818313599,5.0
none,aia1rh1v,39,antmaze-large-diverse-v2,0.5702245831489563,5.0
none,aia1rh1v,40,antmaze-large-diverse-v2,0.5459369421005249,5.0
none,aia1rh1v,41,antmaze-large-diverse-v2,0.5095292925834656,5.0
none,aia1rh1v,42,antmaze-large-diverse-v2,0.5622413158416748,5.0
none,aia1rh1v,43,antmaze-large-diverse-v2,0.5668232440948486,5.0
none,aia1rh1v,44,antmaze-large-diverse-v2,0.5636923313140869,5.0
none,aia1rh1v,45,antmaze-large-diverse-v2,0.6043792366981506,5.0
none,aia1rh1v,46,antmaze-large-diverse-v2,0.5900387763977051,5.0
none,aia1rh1v,47,antmaze-large-diverse-v2,0.5820788145065308,5.0
none,aia1rh1v,48,antmaze-large-diverse-v2,0.5899795293807983,5.0
none,aia1rh1v,49,antmaze-large-diverse-v2,0.5768235921859741,5.0
pbrl,79todnbi,0,antmaze-medium-play-v2,1.0558631420135498,0.01
pbrl,79todnbi,1,antmaze-medium-play-v2,1.0181889533996582,0.01
pbrl,79todnbi,2,antmaze-medium-play-v2,0.9191877245903015,0.01
pbrl,79todnbi,3,antmaze-medium-play-v2,0.8004196882247925,0.01
pbrl,79todnbi,4,antmaze-medium-play-v2,0.7780600190162659,0.01
pbrl,79todnbi,5,antmaze-medium-play-v2,0.8149803876876831,0.01
pbrl,79todnbi,6,antmaze-medium-play-v2,0.7374467849731445,0.01
pbrl,79todnbi,7,antmaze-medium-play-v2,0.7269606590270996,0.01
pbrl,79todnbi,8,antmaze-medium-play-v2,0.7729247212409973,0.01
pbrl,79todnbi,9,antmaze-medium-play-v2,0.8400449752807617,0.01
pbrl,79todnbi,10,antmaze-medium-play-v2,0.8742716312408447,0.01
pbrl,79todnbi,11,antmaze-medium-play-v2,0.8406026363372803,0.01
pbrl,79todnbi,12,antmaze-medium-play-v2,0.8662832975387573,0.01
pbrl,79todnbi,13,antmaze-medium-play-v2,0.9227389097213745,0.01
pbrl,79todnbi,14,antmaze-medium-play-v2,0.8534224629402161,0.01
pbrl,79todnbi,15,antmaze-medium-play-v2,0.8883692026138306,0.01
pbrl,79todnbi,16,antmaze-medium-play-v2,0.8008453249931335,0.01
pbrl,79todnbi,17,antmaze-medium-play-v2,0.8779236674308777,0.01
pbrl,79todnbi,18,antmaze-medium-play-v2,0.9102764129638672,0.01
pbrl,79todnbi,19,antmaze-medium-play-v2,0.878960371017456,0.01
pbrl,79todnbi,20,antmaze-medium-play-v2,0.8004328012466431,0.01
pbrl,79todnbi,21,antmaze-medium-play-v2,0.8701775074005127,0.01
pbrl,79todnbi,22,antmaze-medium-play-v2,0.8238703012466431,0.01
pbrl,79todnbi,23,antmaze-medium-play-v2,0.864403247833252,0.01
pbrl,79todnbi,24,antmaze-medium-play-v2,0.8475711941719055,0.01
pbrl,79todnbi,25,antmaze-medium-play-v2,0.8914546966552734,0.01
pbrl,79todnbi,26,antmaze-medium-play-v2,0.9169807434082031,0.01
pbrl,79todnbi,27,antmaze-medium-play-v2,0.8412398099899292,0.01
pbrl,79todnbi,28,antmaze-medium-play-v2,0.902909517288208,0.01
pbrl,79todnbi,29,antmaze-medium-play-v2,0.8997299671173096,0.01
pbrl,79todnbi,30,antmaze-medium-play-v2,0.8816528916358948,0.01
pbrl,79todnbi,31,antmaze-medium-play-v2,0.8558206558227539,0.01
pbrl,79todnbi,32,antmaze-medium-play-v2,0.8435287475585938,0.01
pbrl,79todnbi,33,antmaze-medium-play-v2,0.8533960580825806,0.01
pbrl,79todnbi,34,antmaze-medium-play-v2,0.8742074370384216,0.01
pbrl,79todnbi,35,antmaze-medium-play-v2,0.8516618013381958,0.01
pbrl,79todnbi,36,antmaze-medium-play-v2,0.8851482272148132,0.01
pbrl,79todnbi,37,antmaze-medium-play-v2,0.8262587189674377,0.01
pbrl,79todnbi,38,antmaze-medium-play-v2,0.8529677391052246,0.01
pbrl,79todnbi,39,antmaze-medium-play-v2,0.8851900100708008,0.01
pbrl,79todnbi,40,antmaze-medium-play-v2,0.8396530747413635,0.01
pbrl,79todnbi,41,antmaze-medium-play-v2,0.8633761405944824,0.01
pbrl,79todnbi,42,antmaze-medium-play-v2,0.867655873298645,0.01
pbrl,79todnbi,43,antmaze-medium-play-v2,0.8218173384666443,0.01
pbrl,79todnbi,44,antmaze-medium-play-v2,0.8432270288467407,0.01
pbrl,79todnbi,45,antmaze-medium-play-v2,0.8233743906021118,0.01
pbrl,79todnbi,46,antmaze-medium-play-v2,0.9139884114265442,0.01
pbrl,79todnbi,47,antmaze-medium-play-v2,0.783011257648468,0.01
pbrl,79todnbi,48,antmaze-medium-play-v2,0.8604758977890015,0.01
pbrl,79todnbi,49,antmaze-medium-play-v2,0.8075177669525146,0.01
none,5zbxpvmn,0,antmaze-large-diverse-v2,0.7998942136764526,5.0
none,5zbxpvmn,1,antmaze-large-diverse-v2,0.5521165132522583,5.0
none,5zbxpvmn,2,antmaze-large-diverse-v2,0.4963938593864441,5.0
none,5zbxpvmn,3,antmaze-large-diverse-v2,0.5301327705383301,5.0
none,5zbxpvmn,4,antmaze-large-diverse-v2,0.49115869402885437,5.0
none,5zbxpvmn,5,antmaze-large-diverse-v2,0.5167877674102783,5.0
none,5zbxpvmn,6,antmaze-large-diverse-v2,0.512991189956665,5.0
none,5zbxpvmn,7,antmaze-large-diverse-v2,0.4704766273498535,5.0
none,5zbxpvmn,8,antmaze-large-diverse-v2,0.4469693899154663,5.0
none,5zbxpvmn,9,antmaze-large-diverse-v2,0.4428600072860718,5.0
none,5zbxpvmn,10,antmaze-large-diverse-v2,0.48270857334136963,5.0
none,5zbxpvmn,11,antmaze-large-diverse-v2,0.5078263878822327,5.0
none,5zbxpvmn,12,antmaze-large-diverse-v2,0.5305534601211548,5.0
none,5zbxpvmn,13,antmaze-large-diverse-v2,0.5542752742767334,5.0
none,5zbxpvmn,14,antmaze-large-diverse-v2,0.5614656805992126,5.0
none,5zbxpvmn,15,antmaze-large-diverse-v2,0.5592812299728394,5.0
none,5zbxpvmn,16,antmaze-large-diverse-v2,0.6014676094055176,5.0
none,5zbxpvmn,17,antmaze-large-diverse-v2,0.5693485736846924,5.0
none,5zbxpvmn,18,antmaze-large-diverse-v2,0.5595456957817078,5.0
none,5zbxpvmn,19,antmaze-large-diverse-v2,0.5541800856590271,5.0
none,5zbxpvmn,20,antmaze-large-diverse-v2,0.5648717880249023,5.0
none,5zbxpvmn,21,antmaze-large-diverse-v2,0.5283937454223633,5.0
none,5zbxpvmn,22,antmaze-large-diverse-v2,0.595128059387207,5.0
none,5zbxpvmn,23,antmaze-large-diverse-v2,0.5162123441696167,5.0
none,5zbxpvmn,24,antmaze-large-diverse-v2,0.6509806513786316,5.0
none,5zbxpvmn,25,antmaze-large-diverse-v2,0.5336513519287109,5.0
none,5zbxpvmn,26,antmaze-large-diverse-v2,0.5827110409736633,5.0
none,5zbxpvmn,27,antmaze-large-diverse-v2,0.5308067202568054,5.0
none,5zbxpvmn,28,antmaze-large-diverse-v2,0.5299471616744995,5.0
none,5zbxpvmn,29,antmaze-large-diverse-v2,0.5847660303115845,5.0
none,5zbxpvmn,30,antmaze-large-diverse-v2,0.5766940116882324,5.0
none,5zbxpvmn,31,antmaze-large-diverse-v2,0.6635885238647461,5.0
none,5zbxpvmn,32,antmaze-large-diverse-v2,0.6456798315048218,5.0
none,5zbxpvmn,33,antmaze-large-diverse-v2,0.581017017364502,5.0
none,5zbxpvmn,34,antmaze-large-diverse-v2,0.6292719841003418,5.0
none,5zbxpvmn,35,antmaze-large-diverse-v2,0.5795502662658691,5.0
none,5zbxpvmn,36,antmaze-large-diverse-v2,0.5930963158607483,5.0
none,5zbxpvmn,37,antmaze-large-diverse-v2,0.5396878719329834,5.0
none,5zbxpvmn,38,antmaze-large-diverse-v2,0.5856585502624512,5.0
none,5zbxpvmn,39,antmaze-large-diverse-v2,0.6142730712890625,5.0
none,5zbxpvmn,40,antmaze-large-diverse-v2,0.537548303604126,5.0
none,5zbxpvmn,41,antmaze-large-diverse-v2,0.5429194569587708,5.0
none,5zbxpvmn,42,antmaze-large-diverse-v2,0.5976454019546509,5.0
none,5zbxpvmn,43,antmaze-large-diverse-v2,0.6153311133384705,5.0
none,5zbxpvmn,44,antmaze-large-diverse-v2,0.5959482192993164,5.0
none,5zbxpvmn,45,antmaze-large-diverse-v2,0.5750763416290283,5.0
none,5zbxpvmn,46,antmaze-large-diverse-v2,0.5406293272972107,5.0
none,5zbxpvmn,47,antmaze-large-diverse-v2,0.6478003263473511,5.0
none,5zbxpvmn,48,antmaze-large-diverse-v2,0.648205041885376,5.0
none,5zbxpvmn,49,antmaze-large-diverse-v2,0.5468170642852783,5.0
pbrl,8girmgj5,0,antmaze-medium-play-v2,1.020079255104065,0.01
pbrl,8girmgj5,1,antmaze-medium-play-v2,1.1113357543945312,0.01
pbrl,8girmgj5,2,antmaze-medium-play-v2,0.9659709334373474,0.01
pbrl,8girmgj5,3,antmaze-medium-play-v2,1.0234088897705078,0.01
pbrl,8girmgj5,4,antmaze-medium-play-v2,0.8974083662033081,0.01
pbrl,8girmgj5,5,antmaze-medium-play-v2,0.902638852596283,0.01
pbrl,8girmgj5,6,antmaze-medium-play-v2,0.8620069622993469,0.01
pbrl,8girmgj5,7,antmaze-medium-play-v2,0.8917747735977173,0.01
pbrl,8girmgj5,8,antmaze-medium-play-v2,0.7683215141296387,0.01
pbrl,8girmgj5,9,antmaze-medium-play-v2,0.9153507351875305,0.01
pbrl,8girmgj5,10,antmaze-medium-play-v2,0.949851393699646,0.01
pbrl,8girmgj5,11,antmaze-medium-play-v2,0.9777852296829224,0.01
pbrl,8girmgj5,12,antmaze-medium-play-v2,0.9551315307617188,0.01
pbrl,8girmgj5,13,antmaze-medium-play-v2,0.9134620428085327,0.01
pbrl,8girmgj5,14,antmaze-medium-play-v2,0.9167635440826416,0.01
pbrl,8girmgj5,15,antmaze-medium-play-v2,0.8667911291122437,0.01
pbrl,8girmgj5,16,antmaze-medium-play-v2,0.9372246265411377,0.01
pbrl,8girmgj5,17,antmaze-medium-play-v2,0.9004415273666382,0.01
pbrl,8girmgj5,18,antmaze-medium-play-v2,0.8900119662284851,0.01
pbrl,8girmgj5,19,antmaze-medium-play-v2,0.8728913068771362,0.01
pbrl,8girmgj5,20,antmaze-medium-play-v2,0.8909114003181458,0.01
pbrl,8girmgj5,21,antmaze-medium-play-v2,0.87763512134552,0.01
pbrl,8girmgj5,22,antmaze-medium-play-v2,0.8737843632698059,0.01
pbrl,8girmgj5,23,antmaze-medium-play-v2,0.8894950151443481,0.01
pbrl,8girmgj5,24,antmaze-medium-play-v2,0.9063696265220642,0.01
pbrl,8girmgj5,25,antmaze-medium-play-v2,0.8803087472915649,0.01
pbrl,8girmgj5,26,antmaze-medium-play-v2,0.8906474113464355,0.01
pbrl,8girmgj5,27,antmaze-medium-play-v2,0.8375032544136047,0.01
pbrl,8girmgj5,28,antmaze-medium-play-v2,0.8034662008285522,0.01
pbrl,8girmgj5,29,antmaze-medium-play-v2,0.7914190292358398,0.01
pbrl,8girmgj5,30,antmaze-medium-play-v2,0.8891049027442932,0.01
pbrl,8girmgj5,31,antmaze-medium-play-v2,0.80069899559021,0.01
pbrl,8girmgj5,32,antmaze-medium-play-v2,0.8115854263305664,0.01
pbrl,8girmgj5,33,antmaze-medium-play-v2,0.9193732738494873,0.01
pbrl,8girmgj5,34,antmaze-medium-play-v2,0.8642572164535522,0.01
pbrl,8girmgj5,35,antmaze-medium-play-v2,0.8192909955978394,0.01
pbrl,8girmgj5,36,antmaze-medium-play-v2,0.8397052884101868,0.01
pbrl,8girmgj5,37,antmaze-medium-play-v2,0.7840785384178162,0.01
pbrl,8girmgj5,38,antmaze-medium-play-v2,0.812221884727478,0.01
pbrl,8girmgj5,39,antmaze-medium-play-v2,0.9046125411987305,0.01
pbrl,8girmgj5,40,antmaze-medium-play-v2,0.7946157455444336,0.01
pbrl,8girmgj5,41,antmaze-medium-play-v2,0.8056104779243469,0.01
pbrl,8girmgj5,42,antmaze-medium-play-v2,0.8248723745346069,0.01
pbrl,8girmgj5,43,antmaze-medium-play-v2,0.8017680048942566,0.01
pbrl,8girmgj5,44,antmaze-medium-play-v2,0.8025928735733032,0.01
pbrl,8girmgj5,45,antmaze-medium-play-v2,0.7819160223007202,0.01
pbrl,8girmgj5,46,antmaze-medium-play-v2,0.8695386648178101,0.01
pbrl,8girmgj5,47,antmaze-medium-play-v2,0.8073731660842896,0.01
pbrl,8girmgj5,48,antmaze-medium-play-v2,0.8131080865859985,0.01
pbrl,8girmgj5,49,antmaze-medium-play-v2,0.8567543029785156,0.01
none,nn7oj73a,0,antmaze-large-diverse-v2,0.8528258800506592,10.0
none,nn7oj73a,1,antmaze-large-diverse-v2,0.5703762769699097,10.0
none,nn7oj73a,2,antmaze-large-diverse-v2,0.4820340573787689,10.0
none,nn7oj73a,3,antmaze-large-diverse-v2,0.4737187623977661,10.0
none,nn7oj73a,4,antmaze-large-diverse-v2,0.5483716726303101,10.0
none,nn7oj73a,5,antmaze-large-diverse-v2,0.5045183897018433,10.0
none,nn7oj73a,6,antmaze-large-diverse-v2,0.4826579988002777,10.0
none,nn7oj73a,7,antmaze-large-diverse-v2,0.4603327512741089,10.0
none,nn7oj73a,8,antmaze-large-diverse-v2,0.45517897605895996,10.0
none,nn7oj73a,9,antmaze-large-diverse-v2,0.4797925055027008,10.0
none,nn7oj73a,10,antmaze-large-diverse-v2,0.5069342255592346,10.0
none,nn7oj73a,11,antmaze-large-diverse-v2,0.523055374622345,10.0
none,nn7oj73a,12,antmaze-large-diverse-v2,0.5564659833908081,10.0
none,nn7oj73a,13,antmaze-large-diverse-v2,0.5488593578338623,10.0
none,nn7oj73a,14,antmaze-large-diverse-v2,0.5546166300773621,10.0
none,nn7oj73a,15,antmaze-large-diverse-v2,0.5296865701675415,10.0
none,nn7oj73a,16,antmaze-large-diverse-v2,0.5318571329116821,10.0
none,nn7oj73a,17,antmaze-large-diverse-v2,0.608235239982605,10.0
none,nn7oj73a,18,antmaze-large-diverse-v2,0.5948361754417419,10.0
none,nn7oj73a,19,antmaze-large-diverse-v2,0.5973119735717773,10.0
none,nn7oj73a,20,antmaze-large-diverse-v2,0.5414838790893555,10.0
none,nn7oj73a,21,antmaze-large-diverse-v2,0.6082882881164551,10.0
none,nn7oj73a,22,antmaze-large-diverse-v2,0.584086537361145,10.0
none,nn7oj73a,23,antmaze-large-diverse-v2,0.597475528717041,10.0
none,nn7oj73a,24,antmaze-large-diverse-v2,0.49509739875793457,10.0
none,nn7oj73a,25,antmaze-large-diverse-v2,0.5515926480293274,10.0
none,nn7oj73a,26,antmaze-large-diverse-v2,0.6319011449813843,10.0
none,nn7oj73a,27,antmaze-large-diverse-v2,0.6006512641906738,10.0
none,nn7oj73a,28,antmaze-large-diverse-v2,0.5498143434524536,10.0
none,nn7oj73a,29,antmaze-large-diverse-v2,0.5925002694129944,10.0
none,nn7oj73a,30,antmaze-large-diverse-v2,0.6038218140602112,10.0
none,nn7oj73a,31,antmaze-large-diverse-v2,0.544906497001648,10.0
none,nn7oj73a,32,antmaze-large-diverse-v2,0.5533734560012817,10.0
none,nn7oj73a,33,antmaze-large-diverse-v2,0.5501399636268616,10.0
none,nn7oj73a,34,antmaze-large-diverse-v2,0.5813568234443665,10.0
none,nn7oj73a,35,antmaze-large-diverse-v2,0.5833436250686646,10.0
none,nn7oj73a,36,antmaze-large-diverse-v2,0.6230429410934448,10.0
none,nn7oj73a,37,antmaze-large-diverse-v2,0.5222941040992737,10.0
none,nn7oj73a,38,antmaze-large-diverse-v2,0.5377327799797058,10.0
none,nn7oj73a,39,antmaze-large-diverse-v2,0.5767229795455933,10.0
none,nn7oj73a,40,antmaze-large-diverse-v2,0.603192925453186,10.0
none,nn7oj73a,41,antmaze-large-diverse-v2,0.6601167321205139,10.0
none,nn7oj73a,42,antmaze-large-diverse-v2,0.5801312327384949,10.0
none,nn7oj73a,43,antmaze-large-diverse-v2,0.6034616827964783,10.0
none,nn7oj73a,44,antmaze-large-diverse-v2,0.5597047805786133,10.0
none,nn7oj73a,45,antmaze-large-diverse-v2,0.5936246514320374,10.0
none,nn7oj73a,46,antmaze-large-diverse-v2,0.5369822978973389,10.0
none,nn7oj73a,47,antmaze-large-diverse-v2,0.5184246301651001,10.0
none,nn7oj73a,48,antmaze-large-diverse-v2,0.5585468411445618,10.0
none,nn7oj73a,49,antmaze-large-diverse-v2,0.6620030403137207,10.0
pbrl,58u751rs,0,antmaze-medium-play-v2,1.0189776420593262,0.01
pbrl,58u751rs,1,antmaze-medium-play-v2,0.9673329591751099,0.01
pbrl,58u751rs,2,antmaze-medium-play-v2,0.913346529006958,0.01
pbrl,58u751rs,3,antmaze-medium-play-v2,0.993492603302002,0.01
pbrl,58u751rs,4,antmaze-medium-play-v2,0.9129211902618408,0.01
pbrl,58u751rs,5,antmaze-medium-play-v2,0.8482761383056641,0.01
pbrl,58u751rs,6,antmaze-medium-play-v2,0.9003269672393799,0.01
pbrl,58u751rs,7,antmaze-medium-play-v2,0.8336045742034912,0.01
pbrl,58u751rs,8,antmaze-medium-play-v2,0.8456045389175415,0.01
pbrl,58u751rs,9,antmaze-medium-play-v2,0.8965656757354736,0.01
pbrl,58u751rs,10,antmaze-medium-play-v2,0.8467772603034973,0.01
pbrl,58u751rs,11,antmaze-medium-play-v2,0.8816808462142944,0.01
pbrl,58u751rs,12,antmaze-medium-play-v2,0.8541139364242554,0.01
pbrl,58u751rs,13,antmaze-medium-play-v2,0.9039189219474792,0.01
pbrl,58u751rs,14,antmaze-medium-play-v2,0.8458436727523804,0.01
pbrl,58u751rs,15,antmaze-medium-play-v2,0.8273193836212158,0.01
pbrl,58u751rs,16,antmaze-medium-play-v2,0.9252512454986572,0.01
pbrl,58u751rs,17,antmaze-medium-play-v2,0.8791073560714722,0.01
pbrl,58u751rs,18,antmaze-medium-play-v2,0.9148941040039062,0.01
pbrl,58u751rs,19,antmaze-medium-play-v2,0.9130138754844666,0.01
pbrl,58u751rs,20,antmaze-medium-play-v2,0.8953258991241455,0.01
pbrl,58u751rs,21,antmaze-medium-play-v2,0.9061681628227234,0.01
pbrl,58u751rs,22,antmaze-medium-play-v2,0.8886539936065674,0.01
pbrl,58u751rs,23,antmaze-medium-play-v2,0.8828953504562378,0.01
pbrl,58u751rs,24,antmaze-medium-play-v2,0.8887773752212524,0.01
pbrl,58u751rs,25,antmaze-medium-play-v2,0.8502901792526245,0.01
pbrl,58u751rs,26,antmaze-medium-play-v2,0.8778437972068787,0.01
pbrl,58u751rs,27,antmaze-medium-play-v2,0.8889762163162231,0.01
pbrl,58u751rs,28,antmaze-medium-play-v2,0.8699493408203125,0.01
pbrl,58u751rs,29,antmaze-medium-play-v2,0.8361265659332275,0.01
pbrl,58u751rs,30,antmaze-medium-play-v2,0.8525819778442383,0.01
pbrl,58u751rs,31,antmaze-medium-play-v2,0.8625476360321045,0.01
pbrl,58u751rs,32,antmaze-medium-play-v2,0.8171863555908203,0.01
pbrl,58u751rs,33,antmaze-medium-play-v2,0.8023971319198608,0.01
pbrl,58u751rs,34,antmaze-medium-play-v2,0.9202866554260254,0.01
pbrl,58u751rs,35,antmaze-medium-play-v2,0.8854181170463562,0.01
pbrl,58u751rs,36,antmaze-medium-play-v2,0.7785711288452148,0.01
pbrl,58u751rs,37,antmaze-medium-play-v2,0.8775976896286011,0.01
pbrl,58u751rs,38,antmaze-medium-play-v2,0.8036216497421265,0.01
pbrl,58u751rs,39,antmaze-medium-play-v2,0.9077523946762085,0.01
pbrl,58u751rs,40,antmaze-medium-play-v2,0.8131146430969238,0.01
pbrl,58u751rs,41,antmaze-medium-play-v2,0.8463764190673828,0.01
pbrl,58u751rs,42,antmaze-medium-play-v2,0.9327064752578735,0.01
pbrl,58u751rs,43,antmaze-medium-play-v2,0.8340100049972534,0.01
pbrl,58u751rs,44,antmaze-medium-play-v2,0.8243932723999023,0.01
pbrl,58u751rs,45,antmaze-medium-play-v2,0.857242226600647,0.01
pbrl,58u751rs,46,antmaze-medium-play-v2,0.8814229965209961,0.01
pbrl,58u751rs,47,antmaze-medium-play-v2,0.851523220539093,0.01
pbrl,58u751rs,48,antmaze-medium-play-v2,0.836065411567688,0.01
pbrl,58u751rs,49,antmaze-medium-play-v2,0.8384021520614624,0.01
pbrl,lv847d9t,0,antmaze-medium-play-v2,1.043492317199707,0.01
pbrl,lv847d9t,1,antmaze-medium-play-v2,1.0191326141357422,0.01
pbrl,lv847d9t,2,antmaze-medium-play-v2,0.9506380558013916,0.01
pbrl,lv847d9t,3,antmaze-medium-play-v2,0.8927484750747681,0.01
pbrl,lv847d9t,4,antmaze-medium-play-v2,0.8424690961837769,0.01
pbrl,lv847d9t,5,antmaze-medium-play-v2,0.763543426990509,0.01
pbrl,lv847d9t,6,antmaze-medium-play-v2,0.7371939420700073,0.01
pbrl,lv847d9t,7,antmaze-medium-play-v2,0.7281743288040161,0.01
pbrl,lv847d9t,8,antmaze-medium-play-v2,0.8580029010772705,0.01
pbrl,lv847d9t,9,antmaze-medium-play-v2,0.8551433682441711,0.01
pbrl,lv847d9t,10,antmaze-medium-play-v2,0.9244949221611023,0.01
pbrl,lv847d9t,11,antmaze-medium-play-v2,0.842817485332489,0.01
pbrl,lv847d9t,12,antmaze-medium-play-v2,0.8880667686462402,0.01
pbrl,lv847d9t,13,antmaze-medium-play-v2,0.9261165857315063,0.01
pbrl,lv847d9t,14,antmaze-medium-play-v2,0.9031310677528381,0.01
pbrl,lv847d9t,15,antmaze-medium-play-v2,0.9512233734130859,0.01
pbrl,lv847d9t,16,antmaze-medium-play-v2,0.8763718605041504,0.01
pbrl,lv847d9t,17,antmaze-medium-play-v2,0.8826204538345337,0.01
pbrl,lv847d9t,18,antmaze-medium-play-v2,0.908794105052948,0.01
pbrl,lv847d9t,19,antmaze-medium-play-v2,0.9004096388816833,0.01
pbrl,lv847d9t,20,antmaze-medium-play-v2,0.8599764108657837,0.01
pbrl,lv847d9t,21,antmaze-medium-play-v2,0.8491296172142029,0.01
pbrl,lv847d9t,22,antmaze-medium-play-v2,0.8813222050666809,0.01
pbrl,lv847d9t,23,antmaze-medium-play-v2,0.8106703758239746,0.01
pbrl,lv847d9t,24,antmaze-medium-play-v2,0.8829667568206787,0.01
pbrl,lv847d9t,25,antmaze-medium-play-v2,0.8536564111709595,0.01
pbrl,lv847d9t,26,antmaze-medium-play-v2,0.8114322423934937,0.01
pbrl,lv847d9t,27,antmaze-medium-play-v2,0.7957522869110107,0.01
pbrl,lv847d9t,28,antmaze-medium-play-v2,0.8530786633491516,0.01
pbrl,lv847d9t,29,antmaze-medium-play-v2,0.8437087535858154,0.01
pbrl,lv847d9t,30,antmaze-medium-play-v2,0.8691405057907104,0.01
pbrl,lv847d9t,31,antmaze-medium-play-v2,0.7983579039573669,0.01
pbrl,lv847d9t,32,antmaze-medium-play-v2,0.9039303064346313,0.01
pbrl,lv847d9t,33,antmaze-medium-play-v2,0.869943380355835,0.01
pbrl,lv847d9t,34,antmaze-medium-play-v2,0.8390034437179565,0.01
pbrl,lv847d9t,35,antmaze-medium-play-v2,0.888993501663208,0.01
pbrl,lv847d9t,36,antmaze-medium-play-v2,0.8012694120407104,0.01
pbrl,lv847d9t,37,antmaze-medium-play-v2,0.9045888781547546,0.01
pbrl,lv847d9t,38,antmaze-medium-play-v2,0.7912288904190063,0.01
pbrl,lv847d9t,39,antmaze-medium-play-v2,0.8364698886871338,0.01
pbrl,lv847d9t,40,antmaze-medium-play-v2,0.8709888458251953,0.01
pbrl,lv847d9t,41,antmaze-medium-play-v2,0.8341619968414307,0.01
pbrl,lv847d9t,42,antmaze-medium-play-v2,0.7965815663337708,0.01
pbrl,lv847d9t,43,antmaze-medium-play-v2,0.8525081872940063,0.01
pbrl,lv847d9t,44,antmaze-medium-play-v2,0.8122179508209229,0.01
pbrl,lv847d9t,45,antmaze-medium-play-v2,0.8681357502937317,0.01
pbrl,lv847d9t,46,antmaze-medium-play-v2,0.8083977699279785,0.01
pbrl,lv847d9t,47,antmaze-medium-play-v2,0.8751887679100037,0.01
pbrl,lv847d9t,48,antmaze-medium-play-v2,0.8614236116409302,0.01
pbrl,lv847d9t,49,antmaze-medium-play-v2,0.8252192735671997,0.01
none,at51g9bs,0,antmaze-large-diverse-v2,0.8589091300964355,10.0
none,at51g9bs,1,antmaze-large-diverse-v2,0.5628780722618103,10.0
none,at51g9bs,2,antmaze-large-diverse-v2,0.48438316583633423,10.0
none,at51g9bs,3,antmaze-large-diverse-v2,0.4964252710342407,10.0
none,at51g9bs,4,antmaze-large-diverse-v2,0.5067648887634277,10.0
none,at51g9bs,5,antmaze-large-diverse-v2,0.5184007883071899,10.0
none,at51g9bs,6,antmaze-large-diverse-v2,0.49502021074295044,10.0
none,at51g9bs,7,antmaze-large-diverse-v2,0.5024628639221191,10.0
none,at51g9bs,8,antmaze-large-diverse-v2,0.48191016912460327,10.0
none,at51g9bs,9,antmaze-large-diverse-v2,0.46038341522216797,10.0
none,at51g9bs,10,antmaze-large-diverse-v2,0.457344651222229,10.0
none,at51g9bs,11,antmaze-large-diverse-v2,0.49410927295684814,10.0
none,at51g9bs,12,antmaze-large-diverse-v2,0.5490013360977173,10.0
none,at51g9bs,13,antmaze-large-diverse-v2,0.5665061473846436,10.0
none,at51g9bs,14,antmaze-large-diverse-v2,0.4782114624977112,10.0
none,at51g9bs,15,antmaze-large-diverse-v2,0.5416949391365051,10.0
none,at51g9bs,16,antmaze-large-diverse-v2,0.5678822994232178,10.0
none,at51g9bs,17,antmaze-large-diverse-v2,0.5466647148132324,10.0
none,at51g9bs,18,antmaze-large-diverse-v2,0.5667264461517334,10.0
none,at51g9bs,19,antmaze-large-diverse-v2,0.5508894920349121,10.0
none,at51g9bs,20,antmaze-large-diverse-v2,0.5749877691268921,10.0
none,at51g9bs,21,antmaze-large-diverse-v2,0.5721451044082642,10.0
none,at51g9bs,22,antmaze-large-diverse-v2,0.586983323097229,10.0
none,at51g9bs,23,antmaze-large-diverse-v2,0.5291944146156311,10.0
none,at51g9bs,24,antmaze-large-diverse-v2,0.5865391492843628,10.0
none,at51g9bs,25,antmaze-large-diverse-v2,0.607850968837738,10.0
none,at51g9bs,26,antmaze-large-diverse-v2,0.5548977851867676,10.0
none,at51g9bs,27,antmaze-large-diverse-v2,0.5740131139755249,10.0
none,at51g9bs,28,antmaze-large-diverse-v2,0.5659475326538086,10.0
none,at51g9bs,29,antmaze-large-diverse-v2,0.5919908285140991,10.0
none,at51g9bs,30,antmaze-large-diverse-v2,0.5317564606666565,10.0
none,at51g9bs,31,antmaze-large-diverse-v2,0.6232445240020752,10.0
none,at51g9bs,32,antmaze-large-diverse-v2,0.5936892628669739,10.0
none,at51g9bs,33,antmaze-large-diverse-v2,0.5511641502380371,10.0
none,at51g9bs,34,antmaze-large-diverse-v2,0.5523189306259155,10.0
none,at51g9bs,35,antmaze-large-diverse-v2,0.5815105438232422,10.0
none,at51g9bs,36,antmaze-large-diverse-v2,0.6092501878738403,10.0
none,at51g9bs,37,antmaze-large-diverse-v2,0.5859158039093018,10.0
none,at51g9bs,38,antmaze-large-diverse-v2,0.6318566203117371,10.0
none,at51g9bs,39,antmaze-large-diverse-v2,0.5720071792602539,10.0
none,at51g9bs,40,antmaze-large-diverse-v2,0.622907817363739,10.0
none,at51g9bs,41,antmaze-large-diverse-v2,0.5893677473068237,10.0
none,at51g9bs,42,antmaze-large-diverse-v2,0.6178895235061646,10.0
none,at51g9bs,43,antmaze-large-diverse-v2,0.5649608969688416,10.0
none,at51g9bs,44,antmaze-large-diverse-v2,0.6151124238967896,10.0
none,at51g9bs,45,antmaze-large-diverse-v2,0.5930541157722473,10.0
none,at51g9bs,46,antmaze-large-diverse-v2,0.5925260782241821,10.0
none,at51g9bs,47,antmaze-large-diverse-v2,0.5942173004150391,10.0
none,at51g9bs,48,antmaze-large-diverse-v2,0.5814995765686035,10.0
none,at51g9bs,49,antmaze-large-diverse-v2,0.5748838186264038,10.0
pbrl,pr1k99p3,0,antmaze-medium-play-v2,0.9904270172119141,0.01
pbrl,pr1k99p3,1,antmaze-medium-play-v2,1.0400524139404297,0.01
pbrl,pr1k99p3,2,antmaze-medium-play-v2,0.9442424774169922,0.01
pbrl,pr1k99p3,3,antmaze-medium-play-v2,0.9695231318473816,0.01
pbrl,pr1k99p3,4,antmaze-medium-play-v2,0.9949895143508911,0.01
pbrl,pr1k99p3,5,antmaze-medium-play-v2,0.8133045434951782,0.01
pbrl,pr1k99p3,6,antmaze-medium-play-v2,0.9030981063842773,0.01
pbrl,pr1k99p3,7,antmaze-medium-play-v2,0.8456319570541382,0.01
pbrl,pr1k99p3,8,antmaze-medium-play-v2,0.768477737903595,0.01
pbrl,pr1k99p3,9,antmaze-medium-play-v2,0.823954701423645,0.01
pbrl,pr1k99p3,10,antmaze-medium-play-v2,0.9322510957717896,0.01
pbrl,pr1k99p3,11,antmaze-medium-play-v2,0.8737380504608154,0.01
pbrl,pr1k99p3,12,antmaze-medium-play-v2,0.8316445350646973,0.01
pbrl,pr1k99p3,13,antmaze-medium-play-v2,0.8878802061080933,0.01
pbrl,pr1k99p3,14,antmaze-medium-play-v2,0.8781335949897766,0.01
pbrl,pr1k99p3,15,antmaze-medium-play-v2,0.9627507925033569,0.01
pbrl,pr1k99p3,16,antmaze-medium-play-v2,0.8413287401199341,0.01
pbrl,pr1k99p3,17,antmaze-medium-play-v2,0.9114782810211182,0.01
pbrl,pr1k99p3,18,antmaze-medium-play-v2,0.9442886114120483,0.01
pbrl,pr1k99p3,19,antmaze-medium-play-v2,0.9061341881752014,0.01
pbrl,pr1k99p3,20,antmaze-medium-play-v2,0.8750134706497192,0.01
pbrl,pr1k99p3,21,antmaze-medium-play-v2,0.8200808763504028,0.01
pbrl,pr1k99p3,22,antmaze-medium-play-v2,0.871973991394043,0.01
pbrl,pr1k99p3,23,antmaze-medium-play-v2,0.8329822421073914,0.01
pbrl,pr1k99p3,24,antmaze-medium-play-v2,0.8209313154220581,0.01
pbrl,pr1k99p3,25,antmaze-medium-play-v2,0.8649201393127441,0.01
pbrl,pr1k99p3,26,antmaze-medium-play-v2,0.8151887655258179,0.01
pbrl,pr1k99p3,27,antmaze-medium-play-v2,0.8351962566375732,0.01
pbrl,pr1k99p3,28,antmaze-medium-play-v2,0.882902204990387,0.01
pbrl,pr1k99p3,29,antmaze-medium-play-v2,0.9007909297943115,0.01
pbrl,pr1k99p3,30,antmaze-medium-play-v2,0.8666960597038269,0.01
pbrl,pr1k99p3,31,antmaze-medium-play-v2,0.8753181099891663,0.01
pbrl,pr1k99p3,32,antmaze-medium-play-v2,0.8407660126686096,0.01
pbrl,pr1k99p3,33,antmaze-medium-play-v2,0.9178500771522522,0.01
pbrl,pr1k99p3,34,antmaze-medium-play-v2,0.8036094903945923,0.01
pbrl,pr1k99p3,35,antmaze-medium-play-v2,0.8349525928497314,0.01
pbrl,pr1k99p3,36,antmaze-medium-play-v2,0.8544116020202637,0.01
pbrl,pr1k99p3,37,antmaze-medium-play-v2,0.8473974466323853,0.01
pbrl,pr1k99p3,38,antmaze-medium-play-v2,0.8010472059249878,0.01
pbrl,pr1k99p3,39,antmaze-medium-play-v2,0.8268907070159912,0.01
pbrl,pr1k99p3,40,antmaze-medium-play-v2,0.8482354879379272,0.01
pbrl,pr1k99p3,41,antmaze-medium-play-v2,0.877105176448822,0.01
pbrl,pr1k99p3,42,antmaze-medium-play-v2,0.8435306549072266,0.01
pbrl,pr1k99p3,43,antmaze-medium-play-v2,0.8779271841049194,0.01
pbrl,pr1k99p3,44,antmaze-medium-play-v2,0.8170807361602783,0.01
pbrl,pr1k99p3,45,antmaze-medium-play-v2,0.818539023399353,0.01
pbrl,pr1k99p3,46,antmaze-medium-play-v2,0.8298099040985107,0.01
pbrl,pr1k99p3,47,antmaze-medium-play-v2,0.8139859437942505,0.01
pbrl,pr1k99p3,48,antmaze-medium-play-v2,0.8847429156303406,0.01
pbrl,pr1k99p3,49,antmaze-medium-play-v2,0.8426553010940552,0.01
none,nw942wpo,0,antmaze-large-diverse-v2,0.8016008138656616,10.0
none,nw942wpo,1,antmaze-large-diverse-v2,0.5643101930618286,10.0
none,nw942wpo,2,antmaze-large-diverse-v2,0.5064445734024048,10.0
none,nw942wpo,3,antmaze-large-diverse-v2,0.4810945689678192,10.0
none,nw942wpo,4,antmaze-large-diverse-v2,0.4603346586227417,10.0
none,nw942wpo,5,antmaze-large-diverse-v2,0.5025357007980347,10.0
none,nw942wpo,6,antmaze-large-diverse-v2,0.5100817084312439,10.0
none,nw942wpo,7,antmaze-large-diverse-v2,0.4553389549255371,10.0
none,nw942wpo,8,antmaze-large-diverse-v2,0.48174822330474854,10.0
none,nw942wpo,9,antmaze-large-diverse-v2,0.4560614824295044,10.0
none,nw942wpo,10,antmaze-large-diverse-v2,0.4928364157676697,10.0
none,nw942wpo,11,antmaze-large-diverse-v2,0.45119374990463257,10.0
none,nw942wpo,12,antmaze-large-diverse-v2,0.4924854338169098,10.0
none,nw942wpo,13,antmaze-large-diverse-v2,0.589072048664093,10.0
none,nw942wpo,14,antmaze-large-diverse-v2,0.5940739512443542,10.0
none,nw942wpo,15,antmaze-large-diverse-v2,0.5520881414413452,10.0
none,nw942wpo,16,antmaze-large-diverse-v2,0.563305675983429,10.0
none,nw942wpo,17,antmaze-large-diverse-v2,0.5815654993057251,10.0
none,nw942wpo,18,antmaze-large-diverse-v2,0.5628746747970581,10.0
none,nw942wpo,19,antmaze-large-diverse-v2,0.5351958870887756,10.0
none,nw942wpo,20,antmaze-large-diverse-v2,0.5023295879364014,10.0
none,nw942wpo,21,antmaze-large-diverse-v2,0.5791692137718201,10.0
none,nw942wpo,22,antmaze-large-diverse-v2,0.5549942255020142,10.0
none,nw942wpo,23,antmaze-large-diverse-v2,0.5678830146789551,10.0
none,nw942wpo,24,antmaze-large-diverse-v2,0.5560681223869324,10.0
none,nw942wpo,25,antmaze-large-diverse-v2,0.5896602272987366,10.0
none,nw942wpo,26,antmaze-large-diverse-v2,0.6138792037963867,10.0
none,nw942wpo,27,antmaze-large-diverse-v2,0.5466494560241699,10.0
none,nw942wpo,28,antmaze-large-diverse-v2,0.6001695394515991,10.0
none,nw942wpo,29,antmaze-large-diverse-v2,0.6446348428726196,10.0
none,nw942wpo,30,antmaze-large-diverse-v2,0.5878781676292419,10.0
none,nw942wpo,31,antmaze-large-diverse-v2,0.6146576404571533,10.0
none,nw942wpo,32,antmaze-large-diverse-v2,0.623263418674469,10.0
none,nw942wpo,33,antmaze-large-diverse-v2,0.6184868216514587,10.0
none,nw942wpo,34,antmaze-large-diverse-v2,0.5575950741767883,10.0
none,nw942wpo,35,antmaze-large-diverse-v2,0.5726813077926636,10.0
none,nw942wpo,36,antmaze-large-diverse-v2,0.6070218086242676,10.0
none,nw942wpo,37,antmaze-large-diverse-v2,0.5762162208557129,10.0
none,nw942wpo,38,antmaze-large-diverse-v2,0.5867790579795837,10.0
none,nw942wpo,39,antmaze-large-diverse-v2,0.6179845333099365,10.0
none,nw942wpo,40,antmaze-large-diverse-v2,0.6237016320228577,10.0
none,nw942wpo,41,antmaze-large-diverse-v2,0.5576892495155334,10.0
none,nw942wpo,42,antmaze-large-diverse-v2,0.5900462865829468,10.0
none,nw942wpo,43,antmaze-large-diverse-v2,0.6063235402107239,10.0
none,nw942wpo,44,antmaze-large-diverse-v2,0.6215729713439941,10.0
none,nw942wpo,45,antmaze-large-diverse-v2,0.5926188230514526,10.0
none,nw942wpo,46,antmaze-large-diverse-v2,0.5736876726150513,10.0
none,nw942wpo,47,antmaze-large-diverse-v2,0.5476629734039307,10.0
none,nw942wpo,48,antmaze-large-diverse-v2,0.5407373905181885,10.0
none,nw942wpo,49,antmaze-large-diverse-v2,0.6027652025222778,10.0
pbrl,2phxuna6,0,antmaze-large-play-v2,1.0362794399261475,0.01
pbrl,2phxuna6,1,antmaze-large-play-v2,1.028468132019043,0.01
pbrl,2phxuna6,2,antmaze-large-play-v2,0.9504776000976562,0.01
pbrl,2phxuna6,3,antmaze-large-play-v2,0.976571798324585,0.01
pbrl,2phxuna6,4,antmaze-large-play-v2,0.9399048686027527,0.01
pbrl,2phxuna6,5,antmaze-large-play-v2,0.9473240375518799,0.01
pbrl,2phxuna6,6,antmaze-large-play-v2,0.9445582032203674,0.01
pbrl,2phxuna6,7,antmaze-large-play-v2,1.015089511871338,0.01
pbrl,2phxuna6,8,antmaze-large-play-v2,0.9121690988540649,0.01
pbrl,2phxuna6,9,antmaze-large-play-v2,0.9409714937210083,0.01
pbrl,2phxuna6,10,antmaze-large-play-v2,0.9675959348678589,0.01
pbrl,2phxuna6,11,antmaze-large-play-v2,0.9435442090034485,0.01
pbrl,2phxuna6,12,antmaze-large-play-v2,0.9516091346740723,0.01
pbrl,2phxuna6,13,antmaze-large-play-v2,0.9475928544998169,0.01
pbrl,2phxuna6,14,antmaze-large-play-v2,0.9158945083618164,0.01
pbrl,2phxuna6,15,antmaze-large-play-v2,0.8975116014480591,0.01
pbrl,2phxuna6,16,antmaze-large-play-v2,0.8577319979667664,0.01
pbrl,2phxuna6,17,antmaze-large-play-v2,0.9754671454429626,0.01
pbrl,2phxuna6,18,antmaze-large-play-v2,0.9212489128112793,0.01
pbrl,2phxuna6,19,antmaze-large-play-v2,0.8532916307449341,0.01
pbrl,2phxuna6,20,antmaze-large-play-v2,0.9380862712860107,0.01
pbrl,2phxuna6,21,antmaze-large-play-v2,0.8983131647109985,0.01
pbrl,2phxuna6,22,antmaze-large-play-v2,0.8950875401496887,0.01
pbrl,2phxuna6,23,antmaze-large-play-v2,0.9155459403991699,0.01
pbrl,2phxuna6,24,antmaze-large-play-v2,0.9405772686004639,0.01
pbrl,2phxuna6,25,antmaze-large-play-v2,0.9626922011375427,0.01
pbrl,2phxuna6,26,antmaze-large-play-v2,0.8558131456375122,0.01
pbrl,2phxuna6,27,antmaze-large-play-v2,0.9152143001556396,0.01
pbrl,2phxuna6,28,antmaze-large-play-v2,0.9422091841697693,0.01
pbrl,2phxuna6,29,antmaze-large-play-v2,0.9059884548187256,0.01
pbrl,2phxuna6,30,antmaze-large-play-v2,0.933946967124939,0.01
pbrl,2phxuna6,31,antmaze-large-play-v2,0.9228681325912476,0.01
pbrl,2phxuna6,32,antmaze-large-play-v2,0.9385470151901245,0.01
pbrl,2phxuna6,33,antmaze-large-play-v2,0.8438374996185303,0.01
pbrl,2phxuna6,34,antmaze-large-play-v2,0.8972992300987244,0.01
pbrl,2phxuna6,35,antmaze-large-play-v2,0.9353860020637512,0.01
pbrl,2phxuna6,36,antmaze-large-play-v2,0.8880813121795654,0.01
pbrl,2phxuna6,37,antmaze-large-play-v2,0.8923319578170776,0.01
pbrl,2phxuna6,38,antmaze-large-play-v2,0.9234499335289001,0.01
pbrl,2phxuna6,39,antmaze-large-play-v2,0.9115816354751587,0.01
pbrl,2phxuna6,40,antmaze-large-play-v2,0.9333463907241821,0.01
pbrl,2phxuna6,41,antmaze-large-play-v2,0.9019337892532349,0.01
pbrl,2phxuna6,42,antmaze-large-play-v2,0.8796507716178894,0.01
pbrl,2phxuna6,43,antmaze-large-play-v2,0.8554962873458862,0.01
pbrl,2phxuna6,44,antmaze-large-play-v2,0.8963536620140076,0.01
pbrl,2phxuna6,45,antmaze-large-play-v2,0.8333773612976074,0.01
pbrl,2phxuna6,46,antmaze-large-play-v2,0.9484167098999023,0.01
pbrl,2phxuna6,47,antmaze-large-play-v2,0.9341975450515747,0.01
pbrl,2phxuna6,48,antmaze-large-play-v2,0.9038898348808289,0.01
pbrl,2phxuna6,49,antmaze-large-play-v2,0.9166211485862732,0.01
none,7tg4eu1h,0,antmaze-large-diverse-v2,0.8150467872619629,10.0
none,7tg4eu1h,1,antmaze-large-diverse-v2,0.5587470531463623,10.0
none,7tg4eu1h,2,antmaze-large-diverse-v2,0.49843019247055054,10.0
none,7tg4eu1h,3,antmaze-large-diverse-v2,0.56219482421875,10.0
none,7tg4eu1h,4,antmaze-large-diverse-v2,0.5152114629745483,10.0
none,7tg4eu1h,5,antmaze-large-diverse-v2,0.5866701602935791,10.0
none,7tg4eu1h,6,antmaze-large-diverse-v2,0.5260850191116333,10.0
none,7tg4eu1h,7,antmaze-large-diverse-v2,0.5223335027694702,10.0
none,7tg4eu1h,8,antmaze-large-diverse-v2,0.48948943614959717,10.0
none,7tg4eu1h,9,antmaze-large-diverse-v2,0.48259758949279785,10.0
none,7tg4eu1h,10,antmaze-large-diverse-v2,0.4919813871383667,10.0
none,7tg4eu1h,11,antmaze-large-diverse-v2,0.4923762083053589,10.0
none,7tg4eu1h,12,antmaze-large-diverse-v2,0.5887417197227478,10.0
none,7tg4eu1h,13,antmaze-large-diverse-v2,0.5307252407073975,10.0
none,7tg4eu1h,14,antmaze-large-diverse-v2,0.5832329392433167,10.0
none,7tg4eu1h,15,antmaze-large-diverse-v2,0.5735752582550049,10.0
none,7tg4eu1h,16,antmaze-large-diverse-v2,0.5840250849723816,10.0
none,7tg4eu1h,17,antmaze-large-diverse-v2,0.5530356168746948,10.0
none,7tg4eu1h,18,antmaze-large-diverse-v2,0.5810189247131348,10.0
none,7tg4eu1h,19,antmaze-large-diverse-v2,0.5300332307815552,10.0
none,7tg4eu1h,20,antmaze-large-diverse-v2,0.5200567841529846,10.0
none,7tg4eu1h,21,antmaze-large-diverse-v2,0.5650681257247925,10.0
none,7tg4eu1h,22,antmaze-large-diverse-v2,0.5352608561515808,10.0
none,7tg4eu1h,23,antmaze-large-diverse-v2,0.5768399238586426,10.0
none,7tg4eu1h,24,antmaze-large-diverse-v2,0.5953254699707031,10.0
none,7tg4eu1h,25,antmaze-large-diverse-v2,0.6628813147544861,10.0
none,7tg4eu1h,26,antmaze-large-diverse-v2,0.5390085577964783,10.0
none,7tg4eu1h,27,antmaze-large-diverse-v2,0.6321760416030884,10.0
none,7tg4eu1h,28,antmaze-large-diverse-v2,0.5409843921661377,10.0
none,7tg4eu1h,29,antmaze-large-diverse-v2,0.5912182331085205,10.0
none,7tg4eu1h,30,antmaze-large-diverse-v2,0.5616992712020874,10.0
none,7tg4eu1h,31,antmaze-large-diverse-v2,0.6105654239654541,10.0
none,7tg4eu1h,32,antmaze-large-diverse-v2,0.5193353891372681,10.0
none,7tg4eu1h,33,antmaze-large-diverse-v2,0.5196155309677124,10.0
none,7tg4eu1h,34,antmaze-large-diverse-v2,0.5448499321937561,10.0
none,7tg4eu1h,35,antmaze-large-diverse-v2,0.5952619910240173,10.0
none,7tg4eu1h,36,antmaze-large-diverse-v2,0.5764833092689514,10.0
none,7tg4eu1h,37,antmaze-large-diverse-v2,0.5437542200088501,10.0
none,7tg4eu1h,38,antmaze-large-diverse-v2,0.5525025725364685,10.0
none,7tg4eu1h,39,antmaze-large-diverse-v2,0.5605663657188416,10.0
none,7tg4eu1h,40,antmaze-large-diverse-v2,0.5795401334762573,10.0
none,7tg4eu1h,41,antmaze-large-diverse-v2,0.532347559928894,10.0
none,7tg4eu1h,42,antmaze-large-diverse-v2,0.5878583788871765,10.0
none,7tg4eu1h,43,antmaze-large-diverse-v2,0.5579675436019897,10.0
none,7tg4eu1h,44,antmaze-large-diverse-v2,0.5467572212219238,10.0
none,7tg4eu1h,45,antmaze-large-diverse-v2,0.6214185953140259,10.0
none,7tg4eu1h,46,antmaze-large-diverse-v2,0.6169803738594055,10.0
none,7tg4eu1h,47,antmaze-large-diverse-v2,0.6034163236618042,10.0
none,7tg4eu1h,48,antmaze-large-diverse-v2,0.5829216241836548,10.0
none,7tg4eu1h,49,antmaze-large-diverse-v2,0.5717888474464417,10.0
pbrl,rgt65cd5,0,antmaze-large-play-v2,1.022935152053833,0.01
pbrl,rgt65cd5,1,antmaze-large-play-v2,1.0707731246948242,0.01
pbrl,rgt65cd5,2,antmaze-large-play-v2,0.9984123110771179,0.01
pbrl,rgt65cd5,3,antmaze-large-play-v2,0.9528748393058777,0.01
pbrl,rgt65cd5,4,antmaze-large-play-v2,0.9938942193984985,0.01
pbrl,rgt65cd5,5,antmaze-large-play-v2,0.9207637906074524,0.01
pbrl,rgt65cd5,6,antmaze-large-play-v2,0.8331458568572998,0.01
pbrl,rgt65cd5,7,antmaze-large-play-v2,0.7946950197219849,0.01
pbrl,rgt65cd5,8,antmaze-large-play-v2,0.8256350159645081,0.01
pbrl,rgt65cd5,9,antmaze-large-play-v2,0.8908438682556152,0.01
pbrl,rgt65cd5,10,antmaze-large-play-v2,0.9018723964691162,0.01
pbrl,rgt65cd5,11,antmaze-large-play-v2,0.8797825574874878,0.01
pbrl,rgt65cd5,12,antmaze-large-play-v2,0.8761954307556152,0.01
pbrl,rgt65cd5,13,antmaze-large-play-v2,0.8888508081436157,0.01
pbrl,rgt65cd5,14,antmaze-large-play-v2,0.9121555089950562,0.01
pbrl,rgt65cd5,15,antmaze-large-play-v2,0.9512063264846802,0.01
pbrl,rgt65cd5,16,antmaze-large-play-v2,0.8840217590332031,0.01
pbrl,rgt65cd5,17,antmaze-large-play-v2,0.883730411529541,0.01
pbrl,rgt65cd5,18,antmaze-large-play-v2,0.9629351496696472,0.01
pbrl,rgt65cd5,19,antmaze-large-play-v2,0.8042376637458801,0.01
pbrl,rgt65cd5,20,antmaze-large-play-v2,0.9176082611083984,0.01
pbrl,rgt65cd5,21,antmaze-large-play-v2,0.9285447001457214,0.01
pbrl,rgt65cd5,22,antmaze-large-play-v2,0.8281478881835938,0.01
pbrl,rgt65cd5,23,antmaze-large-play-v2,0.9465183019638062,0.01
pbrl,rgt65cd5,24,antmaze-large-play-v2,0.9801144599914551,0.01
pbrl,rgt65cd5,25,antmaze-large-play-v2,0.8981181383132935,0.01
pbrl,rgt65cd5,26,antmaze-large-play-v2,0.8820738196372986,0.01
pbrl,rgt65cd5,27,antmaze-large-play-v2,1.004207730293274,0.01
pbrl,rgt65cd5,28,antmaze-large-play-v2,0.9558219909667969,0.01
pbrl,rgt65cd5,29,antmaze-large-play-v2,0.9260377883911133,0.01
pbrl,rgt65cd5,30,antmaze-large-play-v2,0.9029622077941895,0.01
pbrl,rgt65cd5,31,antmaze-large-play-v2,0.9497735500335693,0.01
pbrl,rgt65cd5,32,antmaze-large-play-v2,0.9208623170852661,0.01
pbrl,rgt65cd5,33,antmaze-large-play-v2,0.9285391569137573,0.01
pbrl,rgt65cd5,34,antmaze-large-play-v2,0.9351475238800049,0.01
pbrl,rgt65cd5,35,antmaze-large-play-v2,0.9131724238395691,0.01
pbrl,rgt65cd5,36,antmaze-large-play-v2,0.9087114334106445,0.01
pbrl,rgt65cd5,37,antmaze-large-play-v2,0.8574813604354858,0.01
pbrl,rgt65cd5,38,antmaze-large-play-v2,0.9138098955154419,0.01
pbrl,rgt65cd5,39,antmaze-large-play-v2,0.9436430931091309,0.01
pbrl,rgt65cd5,40,antmaze-large-play-v2,0.8885645866394043,0.01
pbrl,rgt65cd5,41,antmaze-large-play-v2,0.8694018721580505,0.01
pbrl,rgt65cd5,42,antmaze-large-play-v2,0.9141985774040222,0.01
pbrl,rgt65cd5,43,antmaze-large-play-v2,0.9119924306869507,0.01
pbrl,rgt65cd5,44,antmaze-large-play-v2,0.8865343332290649,0.01
pbrl,rgt65cd5,45,antmaze-large-play-v2,0.9127498865127563,0.01
pbrl,rgt65cd5,46,antmaze-large-play-v2,0.8813072443008423,0.01
pbrl,rgt65cd5,47,antmaze-large-play-v2,0.9374678134918213,0.01
pbrl,rgt65cd5,48,antmaze-large-play-v2,0.8748087882995605,0.01
pbrl,rgt65cd5,49,antmaze-large-play-v2,0.8239041566848755,0.01
none,flykp75n,0,antmaze-large-diverse-v2,0.8155703544616699,10.0
none,flykp75n,1,antmaze-large-diverse-v2,0.5618590116500854,10.0
none,flykp75n,2,antmaze-large-diverse-v2,0.45636531710624695,10.0
none,flykp75n,3,antmaze-large-diverse-v2,0.4917937219142914,10.0
none,flykp75n,4,antmaze-large-diverse-v2,0.5043207406997681,10.0
none,flykp75n,5,antmaze-large-diverse-v2,0.4909036159515381,10.0
none,flykp75n,6,antmaze-large-diverse-v2,0.4931289553642273,10.0
none,flykp75n,7,antmaze-large-diverse-v2,0.4861522614955902,10.0
none,flykp75n,8,antmaze-large-diverse-v2,0.47863492369651794,10.0
none,flykp75n,9,antmaze-large-diverse-v2,0.46084851026535034,10.0
none,flykp75n,10,antmaze-large-diverse-v2,0.4838208556175232,10.0
none,flykp75n,11,antmaze-large-diverse-v2,0.5007232427597046,10.0
none,flykp75n,12,antmaze-large-diverse-v2,0.5220514535903931,10.0
none,flykp75n,13,antmaze-large-diverse-v2,0.5509445071220398,10.0
none,flykp75n,14,antmaze-large-diverse-v2,0.5510872602462769,10.0
none,flykp75n,15,antmaze-large-diverse-v2,0.5302401781082153,10.0
none,flykp75n,16,antmaze-large-diverse-v2,0.5753017663955688,10.0
none,flykp75n,17,antmaze-large-diverse-v2,0.5898329019546509,10.0
none,flykp75n,18,antmaze-large-diverse-v2,0.5736345052719116,10.0
none,flykp75n,19,antmaze-large-diverse-v2,0.5844705104827881,10.0
none,flykp75n,20,antmaze-large-diverse-v2,0.5798413753509521,10.0
none,flykp75n,21,antmaze-large-diverse-v2,0.5482655763626099,10.0
none,flykp75n,22,antmaze-large-diverse-v2,0.6346551179885864,10.0
none,flykp75n,23,antmaze-large-diverse-v2,0.532454788684845,10.0
none,flykp75n,24,antmaze-large-diverse-v2,0.6333914399147034,10.0
none,flykp75n,25,antmaze-large-diverse-v2,0.5470309257507324,10.0
none,flykp75n,26,antmaze-large-diverse-v2,0.5973559617996216,10.0
none,flykp75n,27,antmaze-large-diverse-v2,0.5365275740623474,10.0
none,flykp75n,28,antmaze-large-diverse-v2,0.5390490293502808,10.0
none,flykp75n,29,antmaze-large-diverse-v2,0.5704025626182556,10.0
none,flykp75n,30,antmaze-large-diverse-v2,0.5545989871025085,10.0
none,flykp75n,31,antmaze-large-diverse-v2,0.631394624710083,10.0
none,flykp75n,32,antmaze-large-diverse-v2,0.6178436279296875,10.0
none,flykp75n,33,antmaze-large-diverse-v2,0.5742968916893005,10.0
none,flykp75n,34,antmaze-large-diverse-v2,0.623816192150116,10.0
none,flykp75n,35,antmaze-large-diverse-v2,0.5408231019973755,10.0
none,flykp75n,36,antmaze-large-diverse-v2,0.5856250524520874,10.0
none,flykp75n,37,antmaze-large-diverse-v2,0.5614975094795227,10.0
none,flykp75n,38,antmaze-large-diverse-v2,0.5736684799194336,10.0
none,flykp75n,39,antmaze-large-diverse-v2,0.6182956695556641,10.0
none,flykp75n,40,antmaze-large-diverse-v2,0.565116822719574,10.0
none,flykp75n,41,antmaze-large-diverse-v2,0.5261974930763245,10.0
none,flykp75n,42,antmaze-large-diverse-v2,0.6388187408447266,10.0
none,flykp75n,43,antmaze-large-diverse-v2,0.6036859750747681,10.0
none,flykp75n,44,antmaze-large-diverse-v2,0.5767249464988708,10.0
none,flykp75n,45,antmaze-large-diverse-v2,0.5967920422554016,10.0
none,flykp75n,46,antmaze-large-diverse-v2,0.5451308488845825,10.0
none,flykp75n,47,antmaze-large-diverse-v2,0.6777405738830566,10.0
none,flykp75n,48,antmaze-large-diverse-v2,0.6427883505821228,10.0
none,flykp75n,49,antmaze-large-diverse-v2,0.5479358434677124,10.0
pbrl,8x6shirb,0,antmaze-large-play-v2,0.9955054521560669,0.01
pbrl,8x6shirb,1,antmaze-large-play-v2,0.9866026639938354,0.01
pbrl,8x6shirb,2,antmaze-large-play-v2,1.0032682418823242,0.01
pbrl,8x6shirb,3,antmaze-large-play-v2,1.0880942344665527,0.01
pbrl,8x6shirb,4,antmaze-large-play-v2,0.9822629690170288,0.01
pbrl,8x6shirb,5,antmaze-large-play-v2,0.8127439022064209,0.01
pbrl,8x6shirb,6,antmaze-large-play-v2,0.8337887525558472,0.01
pbrl,8x6shirb,7,antmaze-large-play-v2,0.7641315460205078,0.01
pbrl,8x6shirb,8,antmaze-large-play-v2,0.7608718872070312,0.01
pbrl,8x6shirb,9,antmaze-large-play-v2,0.7594620585441589,0.01
pbrl,8x6shirb,10,antmaze-large-play-v2,0.851580798625946,0.01
pbrl,8x6shirb,11,antmaze-large-play-v2,0.798336923122406,0.01
pbrl,8x6shirb,12,antmaze-large-play-v2,0.8363931179046631,0.01
pbrl,8x6shirb,13,antmaze-large-play-v2,0.8243483304977417,0.01
pbrl,8x6shirb,14,antmaze-large-play-v2,0.8191241025924683,0.01
pbrl,8x6shirb,15,antmaze-large-play-v2,0.8235107064247131,0.01
pbrl,8x6shirb,16,antmaze-large-play-v2,0.9101736545562744,0.01
pbrl,8x6shirb,17,antmaze-large-play-v2,0.8717165589332581,0.01
pbrl,8x6shirb,18,antmaze-large-play-v2,0.9985595941543579,0.01
pbrl,8x6shirb,19,antmaze-large-play-v2,0.8411964178085327,0.01
pbrl,8x6shirb,20,antmaze-large-play-v2,0.92983078956604,0.01
pbrl,8x6shirb,21,antmaze-large-play-v2,0.9339700937271118,0.01
pbrl,8x6shirb,22,antmaze-large-play-v2,0.86098313331604,0.01
pbrl,8x6shirb,23,antmaze-large-play-v2,0.880865216255188,0.01
pbrl,8x6shirb,24,antmaze-large-play-v2,0.8581072092056274,0.01
pbrl,8x6shirb,25,antmaze-large-play-v2,0.9004814624786377,0.01
pbrl,8x6shirb,26,antmaze-large-play-v2,0.9154359102249146,0.01
pbrl,8x6shirb,27,antmaze-large-play-v2,0.900234580039978,0.01
pbrl,8x6shirb,28,antmaze-large-play-v2,0.9240074753761292,0.01
pbrl,8x6shirb,29,antmaze-large-play-v2,0.8840363025665283,0.01
pbrl,8x6shirb,30,antmaze-large-play-v2,0.9055049419403076,0.01
pbrl,8x6shirb,31,antmaze-large-play-v2,0.8888206481933594,0.01
pbrl,8x6shirb,32,antmaze-large-play-v2,0.8740155696868896,0.01
pbrl,8x6shirb,33,antmaze-large-play-v2,0.8781100511550903,0.01
pbrl,8x6shirb,34,antmaze-large-play-v2,0.9016709327697754,0.01
pbrl,8x6shirb,35,antmaze-large-play-v2,0.8766032457351685,0.01
pbrl,8x6shirb,36,antmaze-large-play-v2,0.9045852422714233,0.01
pbrl,8x6shirb,37,antmaze-large-play-v2,0.8636023998260498,0.01
pbrl,8x6shirb,38,antmaze-large-play-v2,0.8892588019371033,0.01
pbrl,8x6shirb,39,antmaze-large-play-v2,0.8818813562393188,0.01
pbrl,8x6shirb,40,antmaze-large-play-v2,0.9190657138824463,0.01
pbrl,8x6shirb,41,antmaze-large-play-v2,0.8983871936798096,0.01
pbrl,8x6shirb,42,antmaze-large-play-v2,0.8872941732406616,0.01
pbrl,8x6shirb,43,antmaze-large-play-v2,0.844783365726471,0.01
pbrl,8x6shirb,44,antmaze-large-play-v2,0.9371851682662964,0.01
pbrl,8x6shirb,45,antmaze-large-play-v2,0.8598403334617615,0.01
pbrl,8x6shirb,46,antmaze-large-play-v2,0.9764938354492188,0.01
pbrl,8x6shirb,47,antmaze-large-play-v2,0.9286878108978271,0.01
pbrl,8x6shirb,48,antmaze-large-play-v2,0.8303098678588867,0.01
pbrl,8x6shirb,49,antmaze-large-play-v2,0.8661081790924072,0.01
none,u20bc7w1,0,antmaze-large-diverse-v2,0.822830080986023,50.0
none,u20bc7w1,1,antmaze-large-diverse-v2,0.5630067586898804,50.0
none,u20bc7w1,2,antmaze-large-diverse-v2,0.46708619594573975,50.0
none,u20bc7w1,3,antmaze-large-diverse-v2,0.4333375096321106,50.0
none,u20bc7w1,4,antmaze-large-diverse-v2,0.4717451333999634,50.0
none,u20bc7w1,5,antmaze-large-diverse-v2,0.4447938799858093,50.0
none,u20bc7w1,6,antmaze-large-diverse-v2,0.4785448908805847,50.0
none,u20bc7w1,7,antmaze-large-diverse-v2,0.49797338247299194,50.0
none,u20bc7w1,8,antmaze-large-diverse-v2,0.4858318567276001,50.0
none,u20bc7w1,9,antmaze-large-diverse-v2,0.45195436477661133,50.0
none,u20bc7w1,10,antmaze-large-diverse-v2,0.4893030524253845,50.0
none,u20bc7w1,11,antmaze-large-diverse-v2,0.47464051842689514,50.0
none,u20bc7w1,12,antmaze-large-diverse-v2,0.5031057000160217,50.0
none,u20bc7w1,13,antmaze-large-diverse-v2,0.5334064960479736,50.0
none,u20bc7w1,14,antmaze-large-diverse-v2,0.5482476949691772,50.0
none,u20bc7w1,15,antmaze-large-diverse-v2,0.4977858066558838,50.0
none,u20bc7w1,16,antmaze-large-diverse-v2,0.5395911335945129,50.0
none,u20bc7w1,17,antmaze-large-diverse-v2,0.5934525728225708,50.0
none,u20bc7w1,18,antmaze-large-diverse-v2,0.5611051321029663,50.0
none,u20bc7w1,19,antmaze-large-diverse-v2,0.5996229648590088,50.0
none,u20bc7w1,20,antmaze-large-diverse-v2,0.5649118423461914,50.0
none,u20bc7w1,21,antmaze-large-diverse-v2,0.6022483110427856,50.0
none,u20bc7w1,22,antmaze-large-diverse-v2,0.5836254954338074,50.0
none,u20bc7w1,23,antmaze-large-diverse-v2,0.6108481884002686,50.0
none,u20bc7w1,24,antmaze-large-diverse-v2,0.5045484900474548,50.0
none,u20bc7w1,25,antmaze-large-diverse-v2,0.5402281284332275,50.0
none,u20bc7w1,26,antmaze-large-diverse-v2,0.6407255530357361,50.0
none,u20bc7w1,27,antmaze-large-diverse-v2,0.6285412907600403,50.0
none,u20bc7w1,28,antmaze-large-diverse-v2,0.5672533512115479,50.0
none,u20bc7w1,29,antmaze-large-diverse-v2,0.5819229483604431,50.0
none,u20bc7w1,30,antmaze-large-diverse-v2,0.5955588817596436,50.0
none,u20bc7w1,31,antmaze-large-diverse-v2,0.5709485411643982,50.0
none,u20bc7w1,32,antmaze-large-diverse-v2,0.5690850019454956,50.0
none,u20bc7w1,33,antmaze-large-diverse-v2,0.5672417283058167,50.0
none,u20bc7w1,34,antmaze-large-diverse-v2,0.610474169254303,50.0
none,u20bc7w1,35,antmaze-large-diverse-v2,0.5659958124160767,50.0
none,u20bc7w1,36,antmaze-large-diverse-v2,0.6395933032035828,50.0
none,u20bc7w1,37,antmaze-large-diverse-v2,0.5334470272064209,50.0
none,u20bc7w1,38,antmaze-large-diverse-v2,0.5425161123275757,50.0
none,u20bc7w1,39,antmaze-large-diverse-v2,0.5827245712280273,50.0
none,u20bc7w1,40,antmaze-large-diverse-v2,0.5973944664001465,50.0
none,u20bc7w1,41,antmaze-large-diverse-v2,0.6666913032531738,50.0
none,u20bc7w1,42,antmaze-large-diverse-v2,0.5873233079910278,50.0
none,u20bc7w1,43,antmaze-large-diverse-v2,0.625336766242981,50.0
none,u20bc7w1,44,antmaze-large-diverse-v2,0.5475261211395264,50.0
none,u20bc7w1,45,antmaze-large-diverse-v2,0.5854012370109558,50.0
none,u20bc7w1,46,antmaze-large-diverse-v2,0.5777204036712646,50.0
none,u20bc7w1,47,antmaze-large-diverse-v2,0.508933424949646,50.0
none,u20bc7w1,48,antmaze-large-diverse-v2,0.5464591383934021,50.0
none,u20bc7w1,49,antmaze-large-diverse-v2,0.61835777759552,50.0
pbrl,xf2iuh7j,0,antmaze-large-play-v2,1.0612914562225342,0.01
pbrl,xf2iuh7j,1,antmaze-large-play-v2,1.0137488842010498,0.01
pbrl,xf2iuh7j,2,antmaze-large-play-v2,0.9920229911804199,0.01
pbrl,xf2iuh7j,3,antmaze-large-play-v2,0.9671179056167603,0.01
pbrl,xf2iuh7j,4,antmaze-large-play-v2,0.9578484296798706,0.01
pbrl,xf2iuh7j,5,antmaze-large-play-v2,0.9470429420471191,0.01
pbrl,xf2iuh7j,6,antmaze-large-play-v2,0.8848748207092285,0.01
pbrl,xf2iuh7j,7,antmaze-large-play-v2,0.8896486759185791,0.01
pbrl,xf2iuh7j,8,antmaze-large-play-v2,0.8086280822753906,0.01
pbrl,xf2iuh7j,9,antmaze-large-play-v2,0.7807046175003052,0.01
pbrl,xf2iuh7j,10,antmaze-large-play-v2,0.797478437423706,0.01
pbrl,xf2iuh7j,11,antmaze-large-play-v2,0.8912217617034912,0.01
pbrl,xf2iuh7j,12,antmaze-large-play-v2,0.8993470668792725,0.01
pbrl,xf2iuh7j,13,antmaze-large-play-v2,0.8738846182823181,0.01
pbrl,xf2iuh7j,14,antmaze-large-play-v2,0.8471197485923767,0.01
pbrl,xf2iuh7j,15,antmaze-large-play-v2,0.8915591239929199,0.01
pbrl,xf2iuh7j,16,antmaze-large-play-v2,0.8994114398956299,0.01
pbrl,xf2iuh7j,17,antmaze-large-play-v2,0.8791245222091675,0.01
pbrl,xf2iuh7j,18,antmaze-large-play-v2,0.8837343454360962,0.01
pbrl,xf2iuh7j,19,antmaze-large-play-v2,0.9387231469154358,0.01
pbrl,xf2iuh7j,20,antmaze-large-play-v2,0.913475751876831,0.01
pbrl,xf2iuh7j,21,antmaze-large-play-v2,0.943428635597229,0.01
pbrl,xf2iuh7j,22,antmaze-large-play-v2,0.934563398361206,0.01
pbrl,xf2iuh7j,23,antmaze-large-play-v2,0.912053644657135,0.01
pbrl,xf2iuh7j,24,antmaze-large-play-v2,0.9062771797180176,0.01
pbrl,xf2iuh7j,25,antmaze-large-play-v2,0.9344984292984009,0.01
pbrl,xf2iuh7j,26,antmaze-large-play-v2,0.9721549153327942,0.01
pbrl,xf2iuh7j,27,antmaze-large-play-v2,0.9440501928329468,0.01
pbrl,xf2iuh7j,28,antmaze-large-play-v2,0.9245963096618652,0.01
pbrl,xf2iuh7j,29,antmaze-large-play-v2,0.899275541305542,0.01
pbrl,xf2iuh7j,30,antmaze-large-play-v2,0.9189852476119995,0.01
pbrl,xf2iuh7j,31,antmaze-large-play-v2,0.9199344515800476,0.01
pbrl,xf2iuh7j,32,antmaze-large-play-v2,0.8871893882751465,0.01
pbrl,xf2iuh7j,33,antmaze-large-play-v2,0.886202335357666,0.01
pbrl,xf2iuh7j,34,antmaze-large-play-v2,0.8451182842254639,0.01
pbrl,xf2iuh7j,35,antmaze-large-play-v2,0.9337873458862305,0.01
pbrl,xf2iuh7j,36,antmaze-large-play-v2,0.9024962186813354,0.01
pbrl,xf2iuh7j,37,antmaze-large-play-v2,0.8761668801307678,0.01
pbrl,xf2iuh7j,38,antmaze-large-play-v2,1.0149927139282227,0.01
pbrl,xf2iuh7j,39,antmaze-large-play-v2,0.9508192539215088,0.01
pbrl,xf2iuh7j,40,antmaze-large-play-v2,0.8835310935974121,0.01
pbrl,xf2iuh7j,41,antmaze-large-play-v2,0.8580423593521118,0.01
pbrl,xf2iuh7j,42,antmaze-large-play-v2,0.857196569442749,0.01
pbrl,xf2iuh7j,43,antmaze-large-play-v2,0.8732876777648926,0.01
pbrl,xf2iuh7j,44,antmaze-large-play-v2,0.8482836484909058,0.01
pbrl,xf2iuh7j,45,antmaze-large-play-v2,0.8325992822647095,0.01
pbrl,xf2iuh7j,46,antmaze-large-play-v2,0.9026926755905151,0.01
pbrl,xf2iuh7j,47,antmaze-large-play-v2,0.9074991941452026,0.01
pbrl,xf2iuh7j,48,antmaze-large-play-v2,0.8859232068061829,0.01
pbrl,xf2iuh7j,49,antmaze-large-play-v2,0.9540131092071533,0.01
none,9p08z8cp,0,antmaze-large-diverse-v2,0.8350644111633301,50.0
none,9p08z8cp,1,antmaze-large-diverse-v2,0.5488292574882507,50.0
none,9p08z8cp,2,antmaze-large-diverse-v2,0.45835626125335693,50.0
none,9p08z8cp,3,antmaze-large-diverse-v2,0.45598840713500977,50.0
none,9p08z8cp,4,antmaze-large-diverse-v2,0.4504527449607849,50.0
none,9p08z8cp,5,antmaze-large-diverse-v2,0.5032861232757568,50.0
none,9p08z8cp,6,antmaze-large-diverse-v2,0.48426157236099243,50.0
none,9p08z8cp,7,antmaze-large-diverse-v2,0.525817334651947,50.0
none,9p08z8cp,8,antmaze-large-diverse-v2,0.49807989597320557,50.0
none,9p08z8cp,9,antmaze-large-diverse-v2,0.5004501938819885,50.0
none,9p08z8cp,10,antmaze-large-diverse-v2,0.4773547649383545,50.0
none,9p08z8cp,11,antmaze-large-diverse-v2,0.46683838963508606,50.0
none,9p08z8cp,12,antmaze-large-diverse-v2,0.557029128074646,50.0
none,9p08z8cp,13,antmaze-large-diverse-v2,0.5476714372634888,50.0
none,9p08z8cp,14,antmaze-large-diverse-v2,0.5041288733482361,50.0
none,9p08z8cp,15,antmaze-large-diverse-v2,0.549456775188446,50.0
none,9p08z8cp,16,antmaze-large-diverse-v2,0.5634785890579224,50.0
none,9p08z8cp,17,antmaze-large-diverse-v2,0.5627329349517822,50.0
none,9p08z8cp,18,antmaze-large-diverse-v2,0.5828859210014343,50.0
none,9p08z8cp,19,antmaze-large-diverse-v2,0.5457329750061035,50.0
none,9p08z8cp,20,antmaze-large-diverse-v2,0.5600634813308716,50.0
none,9p08z8cp,21,antmaze-large-diverse-v2,0.5635484457015991,50.0
none,9p08z8cp,22,antmaze-large-diverse-v2,0.5465911626815796,50.0
none,9p08z8cp,23,antmaze-large-diverse-v2,0.5381124019622803,50.0
none,9p08z8cp,24,antmaze-large-diverse-v2,0.5699167251586914,50.0
none,9p08z8cp,25,antmaze-large-diverse-v2,0.6040768623352051,50.0
none,9p08z8cp,26,antmaze-large-diverse-v2,0.5389142036437988,50.0
none,9p08z8cp,27,antmaze-large-diverse-v2,0.5603131651878357,50.0
none,9p08z8cp,28,antmaze-large-diverse-v2,0.5652956962585449,50.0
none,9p08z8cp,29,antmaze-large-diverse-v2,0.5862469673156738,50.0
none,9p08z8cp,30,antmaze-large-diverse-v2,0.518746018409729,50.0
none,9p08z8cp,31,antmaze-large-diverse-v2,0.5993486642837524,50.0
none,9p08z8cp,32,antmaze-large-diverse-v2,0.5844650268554688,50.0
none,9p08z8cp,33,antmaze-large-diverse-v2,0.5392699837684631,50.0
none,9p08z8cp,34,antmaze-large-diverse-v2,0.5782934427261353,50.0
none,9p08z8cp,35,antmaze-large-diverse-v2,0.5717406272888184,50.0
none,9p08z8cp,36,antmaze-large-diverse-v2,0.5793206691741943,50.0
none,9p08z8cp,37,antmaze-large-diverse-v2,0.5874244570732117,50.0
none,9p08z8cp,38,antmaze-large-diverse-v2,0.6076657176017761,50.0
none,9p08z8cp,39,antmaze-large-diverse-v2,0.5876457095146179,50.0
none,9p08z8cp,40,antmaze-large-diverse-v2,0.5805996656417847,50.0
none,9p08z8cp,41,antmaze-large-diverse-v2,0.5654866695404053,50.0
none,9p08z8cp,42,antmaze-large-diverse-v2,0.5980994701385498,50.0
none,9p08z8cp,43,antmaze-large-diverse-v2,0.5452520847320557,50.0
none,9p08z8cp,44,antmaze-large-diverse-v2,0.6017733812332153,50.0
none,9p08z8cp,45,antmaze-large-diverse-v2,0.5593459606170654,50.0
none,9p08z8cp,46,antmaze-large-diverse-v2,0.5717207789421082,50.0
none,9p08z8cp,47,antmaze-large-diverse-v2,0.5750683546066284,50.0
none,9p08z8cp,48,antmaze-large-diverse-v2,0.5633792877197266,50.0
none,9p08z8cp,49,antmaze-large-diverse-v2,0.543999433517456,50.0
pbrl,fbys1753,0,antmaze-large-play-v2,1.0399178266525269,0.01
pbrl,fbys1753,1,antmaze-large-play-v2,0.9632764458656311,0.01
pbrl,fbys1753,2,antmaze-large-play-v2,1.0342686176300049,0.01
pbrl,fbys1753,3,antmaze-large-play-v2,0.9366708397865295,0.01
pbrl,fbys1753,4,antmaze-large-play-v2,0.9295065402984619,0.01
pbrl,fbys1753,5,antmaze-large-play-v2,0.9603343605995178,0.01
pbrl,fbys1753,6,antmaze-large-play-v2,0.9157862663269043,0.01
pbrl,fbys1753,7,antmaze-large-play-v2,0.872238039970398,0.01
pbrl,fbys1753,8,antmaze-large-play-v2,0.8883813619613647,0.01
pbrl,fbys1753,9,antmaze-large-play-v2,0.929890513420105,0.01
pbrl,fbys1753,10,antmaze-large-play-v2,0.8551799058914185,0.01
pbrl,fbys1753,11,antmaze-large-play-v2,0.9226098656654358,0.01
pbrl,fbys1753,12,antmaze-large-play-v2,0.9701011180877686,0.01
pbrl,fbys1753,13,antmaze-large-play-v2,0.8562818169593811,0.01
pbrl,fbys1753,14,antmaze-large-play-v2,0.9318262338638306,0.01
pbrl,fbys1753,15,antmaze-large-play-v2,0.8580084443092346,0.01
pbrl,fbys1753,16,antmaze-large-play-v2,0.9434241652488708,0.01
pbrl,fbys1753,17,antmaze-large-play-v2,0.8682253360748291,0.01
pbrl,fbys1753,18,antmaze-large-play-v2,0.9175770282745361,0.01
pbrl,fbys1753,19,antmaze-large-play-v2,0.9153612852096558,0.01
pbrl,fbys1753,20,antmaze-large-play-v2,0.9420487880706787,0.01
pbrl,fbys1753,21,antmaze-large-play-v2,0.8769490718841553,0.01
pbrl,fbys1753,22,antmaze-large-play-v2,0.9072424173355103,0.01
pbrl,fbys1753,23,antmaze-large-play-v2,0.9622550010681152,0.01
pbrl,fbys1753,24,antmaze-large-play-v2,0.9192719459533691,0.01
pbrl,fbys1753,25,antmaze-large-play-v2,0.9800198078155518,0.01
pbrl,fbys1753,26,antmaze-large-play-v2,0.9303840398788452,0.01
pbrl,fbys1753,27,antmaze-large-play-v2,0.8599461317062378,0.01
pbrl,fbys1753,28,antmaze-large-play-v2,0.8753553628921509,0.01
pbrl,fbys1753,29,antmaze-large-play-v2,0.9302145838737488,0.01
pbrl,fbys1753,30,antmaze-large-play-v2,0.8946879506111145,0.01
pbrl,fbys1753,31,antmaze-large-play-v2,0.8742691874504089,0.01
pbrl,fbys1753,32,antmaze-large-play-v2,0.8702234029769897,0.01
pbrl,fbys1753,33,antmaze-large-play-v2,0.9326016902923584,0.01
pbrl,fbys1753,34,antmaze-large-play-v2,0.9211347103118896,0.01
pbrl,fbys1753,35,antmaze-large-play-v2,0.901802659034729,0.01
pbrl,fbys1753,36,antmaze-large-play-v2,0.9544038772583008,0.01
pbrl,fbys1753,37,antmaze-large-play-v2,0.958610475063324,0.01
pbrl,fbys1753,38,antmaze-large-play-v2,0.9477027654647827,0.01
pbrl,fbys1753,39,antmaze-large-play-v2,0.9131305813789368,0.01
pbrl,fbys1753,40,antmaze-large-play-v2,0.8823791742324829,0.01
pbrl,fbys1753,41,antmaze-large-play-v2,0.9128232002258301,0.01
pbrl,fbys1753,42,antmaze-large-play-v2,0.9274026155471802,0.01
pbrl,fbys1753,43,antmaze-large-play-v2,0.8498111963272095,0.01
pbrl,fbys1753,44,antmaze-large-play-v2,0.9688329100608826,0.01
pbrl,fbys1753,45,antmaze-large-play-v2,0.9631191492080688,0.01
pbrl,fbys1753,46,antmaze-large-play-v2,0.8619990348815918,0.01
pbrl,fbys1753,47,antmaze-large-play-v2,0.9478377103805542,0.01
pbrl,fbys1753,48,antmaze-large-play-v2,0.9345179200172424,0.01
pbrl,fbys1753,49,antmaze-large-play-v2,0.8707667589187622,0.01
none,ajnudal3,0,antmaze-large-diverse-v2,0.7894402146339417,50.0
none,ajnudal3,1,antmaze-large-diverse-v2,0.5578967928886414,50.0
none,ajnudal3,2,antmaze-large-diverse-v2,0.4875113368034363,50.0
none,ajnudal3,3,antmaze-large-diverse-v2,0.4389774203300476,50.0
none,ajnudal3,4,antmaze-large-diverse-v2,0.43682193756103516,50.0
none,ajnudal3,5,antmaze-large-diverse-v2,0.48066771030426025,50.0
none,ajnudal3,6,antmaze-large-diverse-v2,0.4684514105319977,50.0
none,ajnudal3,7,antmaze-large-diverse-v2,0.48248469829559326,50.0
none,ajnudal3,8,antmaze-large-diverse-v2,0.4846281111240387,50.0
none,ajnudal3,9,antmaze-large-diverse-v2,0.4866676330566406,50.0
none,ajnudal3,10,antmaze-large-diverse-v2,0.5090465545654297,50.0
none,ajnudal3,11,antmaze-large-diverse-v2,0.42286527156829834,50.0
none,ajnudal3,12,antmaze-large-diverse-v2,0.4642917513847351,50.0
none,ajnudal3,13,antmaze-large-diverse-v2,0.544464647769928,50.0
none,ajnudal3,14,antmaze-large-diverse-v2,0.5692262649536133,50.0
none,ajnudal3,15,antmaze-large-diverse-v2,0.5712937116622925,50.0
none,ajnudal3,16,antmaze-large-diverse-v2,0.5682371258735657,50.0
none,ajnudal3,17,antmaze-large-diverse-v2,0.5923963189125061,50.0
none,ajnudal3,18,antmaze-large-diverse-v2,0.5699062943458557,50.0
none,ajnudal3,19,antmaze-large-diverse-v2,0.5514893531799316,50.0
none,ajnudal3,20,antmaze-large-diverse-v2,0.5172871351242065,50.0
none,ajnudal3,21,antmaze-large-diverse-v2,0.553703784942627,50.0
none,ajnudal3,22,antmaze-large-diverse-v2,0.5595588088035583,50.0
none,ajnudal3,23,antmaze-large-diverse-v2,0.5504840612411499,50.0
none,ajnudal3,24,antmaze-large-diverse-v2,0.5382701754570007,50.0
none,ajnudal3,25,antmaze-large-diverse-v2,0.5904354453086853,50.0
none,ajnudal3,26,antmaze-large-diverse-v2,0.5810749530792236,50.0
none,ajnudal3,27,antmaze-large-diverse-v2,0.5411814451217651,50.0
none,ajnudal3,28,antmaze-large-diverse-v2,0.5518143773078918,50.0
none,ajnudal3,29,antmaze-large-diverse-v2,0.6291688680648804,50.0
none,ajnudal3,30,antmaze-large-diverse-v2,0.5938156843185425,50.0
none,ajnudal3,31,antmaze-large-diverse-v2,0.5866007208824158,50.0
none,ajnudal3,32,antmaze-large-diverse-v2,0.5557137727737427,50.0
none,ajnudal3,33,antmaze-large-diverse-v2,0.6023682355880737,50.0
none,ajnudal3,34,antmaze-large-diverse-v2,0.5364612340927124,50.0
none,ajnudal3,35,antmaze-large-diverse-v2,0.5361230373382568,50.0
none,ajnudal3,36,antmaze-large-diverse-v2,0.5960865020751953,50.0
none,ajnudal3,37,antmaze-large-diverse-v2,0.5566471815109253,50.0
none,ajnudal3,38,antmaze-large-diverse-v2,0.5654599666595459,50.0
none,ajnudal3,39,antmaze-large-diverse-v2,0.5764397382736206,50.0
none,ajnudal3,40,antmaze-large-diverse-v2,0.551235556602478,50.0
none,ajnudal3,41,antmaze-large-diverse-v2,0.55169278383255,50.0
none,ajnudal3,42,antmaze-large-diverse-v2,0.5547349452972412,50.0
none,ajnudal3,43,antmaze-large-diverse-v2,0.5720394849777222,50.0
none,ajnudal3,44,antmaze-large-diverse-v2,0.5832123160362244,50.0
none,ajnudal3,45,antmaze-large-diverse-v2,0.5946223735809326,50.0
none,ajnudal3,46,antmaze-large-diverse-v2,0.5506687164306641,50.0
none,ajnudal3,47,antmaze-large-diverse-v2,0.5241419076919556,50.0
none,ajnudal3,48,antmaze-large-diverse-v2,0.5193682909011841,50.0
none,ajnudal3,49,antmaze-large-diverse-v2,0.5542469024658203,50.0
pbrl,3t2i0x16,0,antmaze-large-diverse-v2,0.984917402267456,0.02
pbrl,3t2i0x16,1,antmaze-large-diverse-v2,0.9861222505569458,0.02
pbrl,3t2i0x16,2,antmaze-large-diverse-v2,0.8223576545715332,0.02
pbrl,3t2i0x16,3,antmaze-large-diverse-v2,0.8444280624389648,0.02
pbrl,3t2i0x16,4,antmaze-large-diverse-v2,0.75900799036026,0.02
pbrl,3t2i0x16,5,antmaze-large-diverse-v2,0.7458949089050293,0.02
pbrl,3t2i0x16,6,antmaze-large-diverse-v2,0.6985470056533813,0.02
pbrl,3t2i0x16,7,antmaze-large-diverse-v2,0.694513738155365,0.02
pbrl,3t2i0x16,8,antmaze-large-diverse-v2,0.7696064114570618,0.02
pbrl,3t2i0x16,9,antmaze-large-diverse-v2,0.735535740852356,0.02
pbrl,3t2i0x16,10,antmaze-large-diverse-v2,0.7856076955795288,0.02
pbrl,3t2i0x16,11,antmaze-large-diverse-v2,0.7771408557891846,0.02
pbrl,3t2i0x16,12,antmaze-large-diverse-v2,0.8083206415176392,0.02
pbrl,3t2i0x16,13,antmaze-large-diverse-v2,0.8293493390083313,0.02
pbrl,3t2i0x16,14,antmaze-large-diverse-v2,0.8118963241577148,0.02
pbrl,3t2i0x16,15,antmaze-large-diverse-v2,0.844340443611145,0.02
pbrl,3t2i0x16,16,antmaze-large-diverse-v2,0.8476481437683105,0.02
pbrl,3t2i0x16,17,antmaze-large-diverse-v2,0.8937743902206421,0.02
pbrl,3t2i0x16,18,antmaze-large-diverse-v2,0.8562108874320984,0.02
pbrl,3t2i0x16,19,antmaze-large-diverse-v2,0.9475888013839722,0.02
pbrl,3t2i0x16,20,antmaze-large-diverse-v2,0.871850848197937,0.02
pbrl,3t2i0x16,21,antmaze-large-diverse-v2,0.8910151720046997,0.02
pbrl,3t2i0x16,22,antmaze-large-diverse-v2,0.8558741211891174,0.02
pbrl,3t2i0x16,23,antmaze-large-diverse-v2,0.8634638786315918,0.02
pbrl,3t2i0x16,24,antmaze-large-diverse-v2,0.8089308738708496,0.02
pbrl,3t2i0x16,25,antmaze-large-diverse-v2,0.8519209623336792,0.02
pbrl,3t2i0x16,26,antmaze-large-diverse-v2,0.8733865022659302,0.02
pbrl,3t2i0x16,27,antmaze-large-diverse-v2,0.8325555324554443,0.02
pbrl,3t2i0x16,28,antmaze-large-diverse-v2,0.8073676824569702,0.02
pbrl,3t2i0x16,29,antmaze-large-diverse-v2,0.9046713709831238,0.02
pbrl,3t2i0x16,30,antmaze-large-diverse-v2,0.8536285161972046,0.02
pbrl,3t2i0x16,31,antmaze-large-diverse-v2,0.8565240502357483,0.02
pbrl,3t2i0x16,32,antmaze-large-diverse-v2,0.8358889818191528,0.02
pbrl,3t2i0x16,33,antmaze-large-diverse-v2,0.828158974647522,0.02
pbrl,3t2i0x16,34,antmaze-large-diverse-v2,0.8842206597328186,0.02
pbrl,3t2i0x16,35,antmaze-large-diverse-v2,0.8867952823638916,0.02
pbrl,3t2i0x16,36,antmaze-large-diverse-v2,0.8392552733421326,0.02
pbrl,3t2i0x16,37,antmaze-large-diverse-v2,0.8710243701934814,0.02
pbrl,3t2i0x16,38,antmaze-large-diverse-v2,0.8346869349479675,0.02
pbrl,3t2i0x16,39,antmaze-large-diverse-v2,0.8548265099525452,0.02
pbrl,3t2i0x16,40,antmaze-large-diverse-v2,0.8749822974205017,0.02
pbrl,3t2i0x16,41,antmaze-large-diverse-v2,0.9473937153816223,0.02
pbrl,3t2i0x16,42,antmaze-large-diverse-v2,0.8758712410926819,0.02
pbrl,3t2i0x16,43,antmaze-large-diverse-v2,0.8615776300430298,0.02
pbrl,3t2i0x16,44,antmaze-large-diverse-v2,0.8299793004989624,0.02
pbrl,3t2i0x16,45,antmaze-large-diverse-v2,0.8842138648033142,0.02
pbrl,3t2i0x16,46,antmaze-large-diverse-v2,0.8279495239257812,0.02
pbrl,3t2i0x16,47,antmaze-large-diverse-v2,0.8412187099456787,0.02
pbrl,3t2i0x16,48,antmaze-large-diverse-v2,0.8265371322631836,0.02
pbrl,3t2i0x16,49,antmaze-large-diverse-v2,0.8791776895523071,0.02
pbrl,y8i7aoft,0,antmaze-large-diverse-v2,1.0339264869689941,0.02
pbrl,y8i7aoft,1,antmaze-large-diverse-v2,0.9708747863769531,0.02
pbrl,y8i7aoft,2,antmaze-large-diverse-v2,0.9437461495399475,0.02
pbrl,y8i7aoft,3,antmaze-large-diverse-v2,0.903193473815918,0.02
pbrl,y8i7aoft,4,antmaze-large-diverse-v2,0.7781983613967896,0.02
pbrl,y8i7aoft,5,antmaze-large-diverse-v2,0.7101762294769287,0.02
pbrl,y8i7aoft,6,antmaze-large-diverse-v2,0.7585293054580688,0.02
pbrl,y8i7aoft,7,antmaze-large-diverse-v2,0.7303236722946167,0.02
pbrl,y8i7aoft,8,antmaze-large-diverse-v2,0.7063988447189331,0.02
pbrl,y8i7aoft,9,antmaze-large-diverse-v2,0.7534998655319214,0.02
pbrl,y8i7aoft,10,antmaze-large-diverse-v2,0.7731026411056519,0.02
pbrl,y8i7aoft,11,antmaze-large-diverse-v2,0.7390350103378296,0.02
pbrl,y8i7aoft,12,antmaze-large-diverse-v2,0.8072270154953003,0.02
pbrl,y8i7aoft,13,antmaze-large-diverse-v2,0.8297094702720642,0.02
pbrl,y8i7aoft,14,antmaze-large-diverse-v2,0.8973290920257568,0.02
pbrl,y8i7aoft,15,antmaze-large-diverse-v2,0.8586794137954712,0.02
pbrl,y8i7aoft,16,antmaze-large-diverse-v2,0.8672174215316772,0.02
pbrl,y8i7aoft,17,antmaze-large-diverse-v2,0.8414058089256287,0.02
pbrl,y8i7aoft,18,antmaze-large-diverse-v2,0.8676707744598389,0.02
pbrl,y8i7aoft,19,antmaze-large-diverse-v2,0.8774915337562561,0.02
pbrl,y8i7aoft,20,antmaze-large-diverse-v2,0.9100102186203003,0.02
pbrl,y8i7aoft,21,antmaze-large-diverse-v2,0.8476065397262573,0.02
pbrl,y8i7aoft,22,antmaze-large-diverse-v2,0.9343743324279785,0.02
pbrl,y8i7aoft,23,antmaze-large-diverse-v2,0.8451514840126038,0.02
pbrl,y8i7aoft,24,antmaze-large-diverse-v2,0.8406569361686707,0.02
pbrl,y8i7aoft,25,antmaze-large-diverse-v2,0.8998523950576782,0.02
pbrl,y8i7aoft,26,antmaze-large-diverse-v2,0.8651441335678101,0.02
pbrl,y8i7aoft,27,antmaze-large-diverse-v2,0.8752374649047852,0.02
pbrl,y8i7aoft,28,antmaze-large-diverse-v2,0.803779125213623,0.02
pbrl,y8i7aoft,29,antmaze-large-diverse-v2,0.8980709910392761,0.02
pbrl,y8i7aoft,30,antmaze-large-diverse-v2,0.8343919515609741,0.02
pbrl,y8i7aoft,31,antmaze-large-diverse-v2,0.9071179628372192,0.02
pbrl,y8i7aoft,32,antmaze-large-diverse-v2,0.8868505954742432,0.02
pbrl,y8i7aoft,33,antmaze-large-diverse-v2,0.8478336334228516,0.02
pbrl,y8i7aoft,34,antmaze-large-diverse-v2,0.8165865540504456,0.02
pbrl,y8i7aoft,35,antmaze-large-diverse-v2,0.8268663287162781,0.02
pbrl,y8i7aoft,36,antmaze-large-diverse-v2,0.8515861630439758,0.02
pbrl,y8i7aoft,37,antmaze-large-diverse-v2,0.7949272394180298,0.02
pbrl,y8i7aoft,38,antmaze-large-diverse-v2,0.8180606365203857,0.02
pbrl,y8i7aoft,39,antmaze-large-diverse-v2,0.8802230358123779,0.02
pbrl,y8i7aoft,40,antmaze-large-diverse-v2,0.9119859337806702,0.02
pbrl,y8i7aoft,41,antmaze-large-diverse-v2,0.883479118347168,0.02
pbrl,y8i7aoft,42,antmaze-large-diverse-v2,0.8442139625549316,0.02
pbrl,y8i7aoft,43,antmaze-large-diverse-v2,0.8863850831985474,0.02
pbrl,y8i7aoft,44,antmaze-large-diverse-v2,0.8402928113937378,0.02
pbrl,y8i7aoft,45,antmaze-large-diverse-v2,0.8840802907943726,0.02
pbrl,y8i7aoft,46,antmaze-large-diverse-v2,0.8150196671485901,0.02
pbrl,y8i7aoft,47,antmaze-large-diverse-v2,0.8827669620513916,0.02
pbrl,y8i7aoft,48,antmaze-large-diverse-v2,0.8240466117858887,0.02
pbrl,y8i7aoft,49,antmaze-large-diverse-v2,0.8584700226783752,0.02
none,0b6x4lp8,0,antmaze-large-diverse-v2,0.7928110361099243,50.0
none,0b6x4lp8,1,antmaze-large-diverse-v2,0.5512453317642212,50.0
none,0b6x4lp8,2,antmaze-large-diverse-v2,0.47022077441215515,50.0
none,0b6x4lp8,3,antmaze-large-diverse-v2,0.49188604950904846,50.0
none,0b6x4lp8,4,antmaze-large-diverse-v2,0.43986862897872925,50.0
none,0b6x4lp8,5,antmaze-large-diverse-v2,0.4986422657966614,50.0
none,0b6x4lp8,6,antmaze-large-diverse-v2,0.44104576110839844,50.0
none,0b6x4lp8,7,antmaze-large-diverse-v2,0.4518721103668213,50.0
none,0b6x4lp8,8,antmaze-large-diverse-v2,0.4417344927787781,50.0
none,0b6x4lp8,9,antmaze-large-diverse-v2,0.45393088459968567,50.0
none,0b6x4lp8,10,antmaze-large-diverse-v2,0.4939570426940918,50.0
none,0b6x4lp8,11,antmaze-large-diverse-v2,0.43091756105422974,50.0
none,0b6x4lp8,12,antmaze-large-diverse-v2,0.5576191544532776,50.0
none,0b6x4lp8,13,antmaze-large-diverse-v2,0.5390701293945312,50.0
none,0b6x4lp8,14,antmaze-large-diverse-v2,0.5684967041015625,50.0
none,0b6x4lp8,15,antmaze-large-diverse-v2,0.5448359251022339,50.0
none,0b6x4lp8,16,antmaze-large-diverse-v2,0.5946146249771118,50.0
none,0b6x4lp8,17,antmaze-large-diverse-v2,0.5717253088951111,50.0
none,0b6x4lp8,18,antmaze-large-diverse-v2,0.601450502872467,50.0
none,0b6x4lp8,19,antmaze-large-diverse-v2,0.570521354675293,50.0
none,0b6x4lp8,20,antmaze-large-diverse-v2,0.5506907105445862,50.0
none,0b6x4lp8,21,antmaze-large-diverse-v2,0.5246394872665405,50.0
none,0b6x4lp8,22,antmaze-large-diverse-v2,0.5323675870895386,50.0
none,0b6x4lp8,23,antmaze-large-diverse-v2,0.5572049617767334,50.0
none,0b6x4lp8,24,antmaze-large-diverse-v2,0.5863056182861328,50.0
none,0b6x4lp8,25,antmaze-large-diverse-v2,0.6350071430206299,50.0
none,0b6x4lp8,26,antmaze-large-diverse-v2,0.536232054233551,50.0
none,0b6x4lp8,27,antmaze-large-diverse-v2,0.6064749360084534,50.0
none,0b6x4lp8,28,antmaze-large-diverse-v2,0.5665707588195801,50.0
none,0b6x4lp8,29,antmaze-large-diverse-v2,0.5783282518386841,50.0
none,0b6x4lp8,30,antmaze-large-diverse-v2,0.5627223253250122,50.0
none,0b6x4lp8,31,antmaze-large-diverse-v2,0.6174670457839966,50.0
none,0b6x4lp8,32,antmaze-large-diverse-v2,0.5533760190010071,50.0
none,0b6x4lp8,33,antmaze-large-diverse-v2,0.5408613681793213,50.0
none,0b6x4lp8,34,antmaze-large-diverse-v2,0.5796016454696655,50.0
none,0b6x4lp8,35,antmaze-large-diverse-v2,0.6144878268241882,50.0
none,0b6x4lp8,36,antmaze-large-diverse-v2,0.5713322162628174,50.0
none,0b6x4lp8,37,antmaze-large-diverse-v2,0.5633203387260437,50.0
none,0b6x4lp8,38,antmaze-large-diverse-v2,0.5842360258102417,50.0
none,0b6x4lp8,39,antmaze-large-diverse-v2,0.5957100987434387,50.0
none,0b6x4lp8,40,antmaze-large-diverse-v2,0.5532217025756836,50.0
none,0b6x4lp8,41,antmaze-large-diverse-v2,0.5364464521408081,50.0
none,0b6x4lp8,42,antmaze-large-diverse-v2,0.591133713722229,50.0
none,0b6x4lp8,43,antmaze-large-diverse-v2,0.5838832855224609,50.0
none,0b6x4lp8,44,antmaze-large-diverse-v2,0.5485495328903198,50.0
none,0b6x4lp8,45,antmaze-large-diverse-v2,0.6012635231018066,50.0
none,0b6x4lp8,46,antmaze-large-diverse-v2,0.6427606344223022,50.0
none,0b6x4lp8,47,antmaze-large-diverse-v2,0.5997524261474609,50.0
none,0b6x4lp8,48,antmaze-large-diverse-v2,0.5752332806587219,50.0
none,0b6x4lp8,49,antmaze-large-diverse-v2,0.5785185098648071,50.0
pbrl,hf3t14cr,0,antmaze-large-diverse-v2,1.0195649862289429,0.02
pbrl,hf3t14cr,1,antmaze-large-diverse-v2,0.9643594026565552,0.02
pbrl,hf3t14cr,2,antmaze-large-diverse-v2,0.9673319458961487,0.02
pbrl,hf3t14cr,3,antmaze-large-diverse-v2,0.8230780363082886,0.02
pbrl,hf3t14cr,4,antmaze-large-diverse-v2,0.8731074333190918,0.02
pbrl,hf3t14cr,5,antmaze-large-diverse-v2,0.823976993560791,0.02
pbrl,hf3t14cr,6,antmaze-large-diverse-v2,0.8119276165962219,0.02
pbrl,hf3t14cr,7,antmaze-large-diverse-v2,0.7516547441482544,0.02
pbrl,hf3t14cr,8,antmaze-large-diverse-v2,0.8141398429870605,0.02
pbrl,hf3t14cr,9,antmaze-large-diverse-v2,0.7894382476806641,0.02
pbrl,hf3t14cr,10,antmaze-large-diverse-v2,0.7707672715187073,0.02
pbrl,hf3t14cr,11,antmaze-large-diverse-v2,0.7173978090286255,0.02
pbrl,hf3t14cr,12,antmaze-large-diverse-v2,0.8700361847877502,0.02
pbrl,hf3t14cr,13,antmaze-large-diverse-v2,0.8881003856658936,0.02
pbrl,hf3t14cr,14,antmaze-large-diverse-v2,0.9224886894226074,0.02
pbrl,hf3t14cr,15,antmaze-large-diverse-v2,0.8445173501968384,0.02
pbrl,hf3t14cr,16,antmaze-large-diverse-v2,0.9244764447212219,0.02
pbrl,hf3t14cr,17,antmaze-large-diverse-v2,0.9534770250320435,0.02
pbrl,hf3t14cr,18,antmaze-large-diverse-v2,0.9082415699958801,0.02
pbrl,hf3t14cr,19,antmaze-large-diverse-v2,0.8677029609680176,0.02
pbrl,hf3t14cr,20,antmaze-large-diverse-v2,0.9113479256629944,0.02
pbrl,hf3t14cr,21,antmaze-large-diverse-v2,0.9102684259414673,0.02
pbrl,hf3t14cr,22,antmaze-large-diverse-v2,0.9465514421463013,0.02
pbrl,hf3t14cr,23,antmaze-large-diverse-v2,0.9165456295013428,0.02
pbrl,hf3t14cr,24,antmaze-large-diverse-v2,0.8470957279205322,0.02
pbrl,hf3t14cr,25,antmaze-large-diverse-v2,0.9233558177947998,0.02
pbrl,hf3t14cr,26,antmaze-large-diverse-v2,0.8610458374023438,0.02
pbrl,hf3t14cr,27,antmaze-large-diverse-v2,0.8808066844940186,0.02
pbrl,hf3t14cr,28,antmaze-large-diverse-v2,0.8393496870994568,0.02
pbrl,hf3t14cr,29,antmaze-large-diverse-v2,0.8771539926528931,0.02
pbrl,hf3t14cr,30,antmaze-large-diverse-v2,0.8638356328010559,0.02
pbrl,hf3t14cr,31,antmaze-large-diverse-v2,0.8943524360656738,0.02
pbrl,hf3t14cr,32,antmaze-large-diverse-v2,0.8491568565368652,0.02
pbrl,hf3t14cr,33,antmaze-large-diverse-v2,0.8577131628990173,0.02
pbrl,hf3t14cr,34,antmaze-large-diverse-v2,0.8753180503845215,0.02
pbrl,hf3t14cr,35,antmaze-large-diverse-v2,0.8676042556762695,0.02
pbrl,hf3t14cr,36,antmaze-large-diverse-v2,0.8535170555114746,0.02
pbrl,hf3t14cr,37,antmaze-large-diverse-v2,0.840325117111206,0.02
pbrl,hf3t14cr,38,antmaze-large-diverse-v2,0.9078915119171143,0.02
pbrl,hf3t14cr,39,antmaze-large-diverse-v2,0.8717738389968872,0.02
pbrl,hf3t14cr,40,antmaze-large-diverse-v2,0.878860354423523,0.02
pbrl,hf3t14cr,41,antmaze-large-diverse-v2,0.8639160394668579,0.02
pbrl,hf3t14cr,42,antmaze-large-diverse-v2,0.8885514736175537,0.02
pbrl,hf3t14cr,43,antmaze-large-diverse-v2,0.8826028108596802,0.02
pbrl,hf3t14cr,44,antmaze-large-diverse-v2,0.8619927167892456,0.02
pbrl,hf3t14cr,45,antmaze-large-diverse-v2,0.9326505661010742,0.02
pbrl,hf3t14cr,46,antmaze-large-diverse-v2,0.8203495740890503,0.02
pbrl,hf3t14cr,47,antmaze-large-diverse-v2,0.8558636903762817,0.02
pbrl,hf3t14cr,48,antmaze-large-diverse-v2,0.8167291879653931,0.02
pbrl,hf3t14cr,49,antmaze-large-diverse-v2,0.860219419002533,0.02
none,5xtuyqa9,0,antmaze-large-diverse-v2,0.8021711707115173,50.0
none,5xtuyqa9,1,antmaze-large-diverse-v2,0.5633972883224487,50.0
none,5xtuyqa9,2,antmaze-large-diverse-v2,0.468725323677063,50.0
none,5xtuyqa9,3,antmaze-large-diverse-v2,0.4470898509025574,50.0
none,5xtuyqa9,4,antmaze-large-diverse-v2,0.4480593204498291,50.0
none,5xtuyqa9,5,antmaze-large-diverse-v2,0.45987266302108765,50.0
none,5xtuyqa9,6,antmaze-large-diverse-v2,0.4782584011554718,50.0
none,5xtuyqa9,7,antmaze-large-diverse-v2,0.4702727496623993,50.0
none,5xtuyqa9,8,antmaze-large-diverse-v2,0.4870454668998718,50.0
none,5xtuyqa9,9,antmaze-large-diverse-v2,0.4809936285018921,50.0
none,5xtuyqa9,10,antmaze-large-diverse-v2,0.48331978917121887,50.0
none,5xtuyqa9,11,antmaze-large-diverse-v2,0.47729766368865967,50.0
none,5xtuyqa9,12,antmaze-large-diverse-v2,0.50649094581604,50.0
none,5xtuyqa9,13,antmaze-large-diverse-v2,0.5442296266555786,50.0
none,5xtuyqa9,14,antmaze-large-diverse-v2,0.5503830313682556,50.0
none,5xtuyqa9,15,antmaze-large-diverse-v2,0.5562940835952759,50.0
none,5xtuyqa9,16,antmaze-large-diverse-v2,0.5754252672195435,50.0
none,5xtuyqa9,17,antmaze-large-diverse-v2,0.5906392335891724,50.0
none,5xtuyqa9,18,antmaze-large-diverse-v2,0.5658495426177979,50.0
none,5xtuyqa9,19,antmaze-large-diverse-v2,0.5410227179527283,50.0
none,5xtuyqa9,20,antmaze-large-diverse-v2,0.5536077618598938,50.0
none,5xtuyqa9,21,antmaze-large-diverse-v2,0.5239441394805908,50.0
none,5xtuyqa9,22,antmaze-large-diverse-v2,0.5913722515106201,50.0
none,5xtuyqa9,23,antmaze-large-diverse-v2,0.48347747325897217,50.0
none,5xtuyqa9,24,antmaze-large-diverse-v2,0.6200275421142578,50.0
none,5xtuyqa9,25,antmaze-large-diverse-v2,0.5444039106369019,50.0
none,5xtuyqa9,26,antmaze-large-diverse-v2,0.5637662410736084,50.0
none,5xtuyqa9,27,antmaze-large-diverse-v2,0.5353986620903015,50.0
none,5xtuyqa9,28,antmaze-large-diverse-v2,0.5491503477096558,50.0
none,5xtuyqa9,29,antmaze-large-diverse-v2,0.6034568548202515,50.0
none,5xtuyqa9,30,antmaze-large-diverse-v2,0.5702407360076904,50.0
none,5xtuyqa9,31,antmaze-large-diverse-v2,0.5977177619934082,50.0
none,5xtuyqa9,32,antmaze-large-diverse-v2,0.6225100755691528,50.0
none,5xtuyqa9,33,antmaze-large-diverse-v2,0.5633934736251831,50.0
none,5xtuyqa9,34,antmaze-large-diverse-v2,0.6003971099853516,50.0
none,5xtuyqa9,35,antmaze-large-diverse-v2,0.5466493368148804,50.0
none,5xtuyqa9,36,antmaze-large-diverse-v2,0.5666872262954712,50.0
none,5xtuyqa9,37,antmaze-large-diverse-v2,0.5273125767707825,50.0
none,5xtuyqa9,38,antmaze-large-diverse-v2,0.5656036138534546,50.0
none,5xtuyqa9,39,antmaze-large-diverse-v2,0.6059343814849854,50.0
none,5xtuyqa9,40,antmaze-large-diverse-v2,0.5149075984954834,50.0
none,5xtuyqa9,41,antmaze-large-diverse-v2,0.5507079362869263,50.0
none,5xtuyqa9,42,antmaze-large-diverse-v2,0.6162261366844177,50.0
none,5xtuyqa9,43,antmaze-large-diverse-v2,0.5785040259361267,50.0
none,5xtuyqa9,44,antmaze-large-diverse-v2,0.5757290124893188,50.0
none,5xtuyqa9,45,antmaze-large-diverse-v2,0.5750497579574585,50.0
none,5xtuyqa9,46,antmaze-large-diverse-v2,0.5298630595207214,50.0
none,5xtuyqa9,47,antmaze-large-diverse-v2,0.6120151281356812,50.0
none,5xtuyqa9,48,antmaze-large-diverse-v2,0.6106338500976562,50.0
none,5xtuyqa9,49,antmaze-large-diverse-v2,0.5394834280014038,50.0
pbrl,fdv4g2gg,0,antmaze-large-diverse-v2,1.0384212732315063,0.02
pbrl,fdv4g2gg,1,antmaze-large-diverse-v2,0.9547966718673706,0.02
pbrl,fdv4g2gg,2,antmaze-large-diverse-v2,0.9591963291168213,0.02
pbrl,fdv4g2gg,3,antmaze-large-diverse-v2,0.8377795219421387,0.02
pbrl,fdv4g2gg,4,antmaze-large-diverse-v2,0.8213412761688232,0.02
pbrl,fdv4g2gg,5,antmaze-large-diverse-v2,0.7962319850921631,0.02
pbrl,fdv4g2gg,6,antmaze-large-diverse-v2,0.7823790311813354,0.02
pbrl,fdv4g2gg,7,antmaze-large-diverse-v2,0.7644002437591553,0.02
pbrl,fdv4g2gg,8,antmaze-large-diverse-v2,0.7235169410705566,0.02
pbrl,fdv4g2gg,9,antmaze-large-diverse-v2,0.7549013495445251,0.02
pbrl,fdv4g2gg,10,antmaze-large-diverse-v2,0.7548862099647522,0.02
pbrl,fdv4g2gg,11,antmaze-large-diverse-v2,0.7496876120567322,0.02
pbrl,fdv4g2gg,12,antmaze-large-diverse-v2,0.8059921264648438,0.02
pbrl,fdv4g2gg,13,antmaze-large-diverse-v2,0.8269416093826294,0.02
pbrl,fdv4g2gg,14,antmaze-large-diverse-v2,0.8886021375656128,0.02
pbrl,fdv4g2gg,15,antmaze-large-diverse-v2,0.8841795325279236,0.02
pbrl,fdv4g2gg,16,antmaze-large-diverse-v2,0.8148741722106934,0.02
pbrl,fdv4g2gg,17,antmaze-large-diverse-v2,0.8504481315612793,0.02
pbrl,fdv4g2gg,18,antmaze-large-diverse-v2,0.8529564142227173,0.02
pbrl,fdv4g2gg,19,antmaze-large-diverse-v2,0.8922625780105591,0.02
pbrl,fdv4g2gg,20,antmaze-large-diverse-v2,0.8282432556152344,0.02
pbrl,fdv4g2gg,21,antmaze-large-diverse-v2,0.9090479612350464,0.02
pbrl,fdv4g2gg,22,antmaze-large-diverse-v2,0.8852247595787048,0.02
pbrl,fdv4g2gg,23,antmaze-large-diverse-v2,0.8962020874023438,0.02
pbrl,fdv4g2gg,24,antmaze-large-diverse-v2,0.9098840951919556,0.02
pbrl,fdv4g2gg,25,antmaze-large-diverse-v2,0.8626421689987183,0.02
pbrl,fdv4g2gg,26,antmaze-large-diverse-v2,0.8391551375389099,0.02
pbrl,fdv4g2gg,27,antmaze-large-diverse-v2,0.8652611374855042,0.02
pbrl,fdv4g2gg,28,antmaze-large-diverse-v2,0.8161711096763611,0.02
pbrl,fdv4g2gg,29,antmaze-large-diverse-v2,0.8650670051574707,0.02
pbrl,fdv4g2gg,30,antmaze-large-diverse-v2,0.8090096712112427,0.02
pbrl,fdv4g2gg,31,antmaze-large-diverse-v2,0.8838175535202026,0.02
pbrl,fdv4g2gg,32,antmaze-large-diverse-v2,0.8629363775253296,0.02
pbrl,fdv4g2gg,33,antmaze-large-diverse-v2,0.8198360204696655,0.02
pbrl,fdv4g2gg,34,antmaze-large-diverse-v2,0.8824572563171387,0.02
pbrl,fdv4g2gg,35,antmaze-large-diverse-v2,0.8683518767356873,0.02
pbrl,fdv4g2gg,36,antmaze-large-diverse-v2,0.9047598838806152,0.02
pbrl,fdv4g2gg,37,antmaze-large-diverse-v2,0.8452455997467041,0.02
pbrl,fdv4g2gg,38,antmaze-large-diverse-v2,0.8161888718605042,0.02
pbrl,fdv4g2gg,39,antmaze-large-diverse-v2,0.8807196021080017,0.02
pbrl,fdv4g2gg,40,antmaze-large-diverse-v2,0.8702428936958313,0.02
pbrl,fdv4g2gg,41,antmaze-large-diverse-v2,0.8596351146697998,0.02
pbrl,fdv4g2gg,42,antmaze-large-diverse-v2,0.8682045936584473,0.02
pbrl,fdv4g2gg,43,antmaze-large-diverse-v2,0.8555670380592346,0.02
pbrl,fdv4g2gg,44,antmaze-large-diverse-v2,0.8056595921516418,0.02
pbrl,fdv4g2gg,45,antmaze-large-diverse-v2,0.8930088877677917,0.02
pbrl,fdv4g2gg,46,antmaze-large-diverse-v2,0.8579486608505249,0.02
pbrl,fdv4g2gg,47,antmaze-large-diverse-v2,0.8846542835235596,0.02
pbrl,fdv4g2gg,48,antmaze-large-diverse-v2,0.8991078734397888,0.02
pbrl,fdv4g2gg,49,antmaze-large-diverse-v2,0.8136307597160339,0.02
none,o3zr9mrr,0,antmaze-medium-diverse-v2,0.8088247179985046,1.0
none,o3zr9mrr,1,antmaze-medium-diverse-v2,0.4631577730178833,1.0
none,o3zr9mrr,2,antmaze-medium-diverse-v2,0.46444234251976013,1.0
none,o3zr9mrr,3,antmaze-medium-diverse-v2,0.4973903000354767,1.0
none,o3zr9mrr,4,antmaze-medium-diverse-v2,0.5121604204177856,1.0
none,o3zr9mrr,5,antmaze-medium-diverse-v2,0.49445444345474243,1.0
none,o3zr9mrr,6,antmaze-medium-diverse-v2,0.5033085942268372,1.0
none,o3zr9mrr,7,antmaze-medium-diverse-v2,0.5165027379989624,1.0
none,o3zr9mrr,8,antmaze-medium-diverse-v2,0.5127886533737183,1.0
none,o3zr9mrr,9,antmaze-medium-diverse-v2,0.5061293244361877,1.0
none,o3zr9mrr,10,antmaze-medium-diverse-v2,0.47377270460128784,1.0
none,o3zr9mrr,11,antmaze-medium-diverse-v2,0.5419095158576965,1.0
none,o3zr9mrr,12,antmaze-medium-diverse-v2,0.5022118091583252,1.0
none,o3zr9mrr,13,antmaze-medium-diverse-v2,0.4969070553779602,1.0
none,o3zr9mrr,14,antmaze-medium-diverse-v2,0.4564402401447296,1.0
none,o3zr9mrr,15,antmaze-medium-diverse-v2,0.53336501121521,1.0
none,o3zr9mrr,16,antmaze-medium-diverse-v2,0.5655775666236877,1.0
none,o3zr9mrr,17,antmaze-medium-diverse-v2,0.5744903087615967,1.0
none,o3zr9mrr,18,antmaze-medium-diverse-v2,0.6310940980911255,1.0
none,o3zr9mrr,19,antmaze-medium-diverse-v2,0.608159601688385,1.0
none,o3zr9mrr,20,antmaze-medium-diverse-v2,0.6286439895629883,1.0
none,o3zr9mrr,21,antmaze-medium-diverse-v2,0.6468515992164612,1.0
none,o3zr9mrr,22,antmaze-medium-diverse-v2,0.572447657585144,1.0
none,o3zr9mrr,23,antmaze-medium-diverse-v2,0.5338913202285767,1.0
none,o3zr9mrr,24,antmaze-medium-diverse-v2,0.5171974897384644,1.0
none,o3zr9mrr,25,antmaze-medium-diverse-v2,0.5821560025215149,1.0
none,o3zr9mrr,26,antmaze-medium-diverse-v2,0.5897557735443115,1.0
none,o3zr9mrr,27,antmaze-medium-diverse-v2,0.6060737371444702,1.0
none,o3zr9mrr,28,antmaze-medium-diverse-v2,0.5852447748184204,1.0
none,o3zr9mrr,29,antmaze-medium-diverse-v2,0.5352500081062317,1.0
none,o3zr9mrr,30,antmaze-medium-diverse-v2,0.5763218402862549,1.0
none,o3zr9mrr,31,antmaze-medium-diverse-v2,0.5337069630622864,1.0
none,o3zr9mrr,32,antmaze-medium-diverse-v2,0.55687016248703,1.0
none,o3zr9mrr,33,antmaze-medium-diverse-v2,0.5835815668106079,1.0
none,o3zr9mrr,34,antmaze-medium-diverse-v2,0.6037402153015137,1.0
none,o3zr9mrr,35,antmaze-medium-diverse-v2,0.5047821998596191,1.0
none,o3zr9mrr,36,antmaze-medium-diverse-v2,0.6207264065742493,1.0
none,o3zr9mrr,37,antmaze-medium-diverse-v2,0.579066812992096,1.0
none,o3zr9mrr,38,antmaze-medium-diverse-v2,0.5434918403625488,1.0
none,o3zr9mrr,39,antmaze-medium-diverse-v2,0.5181466341018677,1.0
none,o3zr9mrr,40,antmaze-medium-diverse-v2,0.5825059413909912,1.0
none,o3zr9mrr,41,antmaze-medium-diverse-v2,0.538604736328125,1.0
none,o3zr9mrr,42,antmaze-medium-diverse-v2,0.5939689874649048,1.0
none,o3zr9mrr,43,antmaze-medium-diverse-v2,0.5448430180549622,1.0
none,o3zr9mrr,44,antmaze-medium-diverse-v2,0.5661001205444336,1.0
none,o3zr9mrr,45,antmaze-medium-diverse-v2,0.5489580631256104,1.0
none,o3zr9mrr,46,antmaze-medium-diverse-v2,0.5431676506996155,1.0
none,o3zr9mrr,47,antmaze-medium-diverse-v2,0.5342061519622803,1.0
none,o3zr9mrr,48,antmaze-medium-diverse-v2,0.6112538576126099,1.0
none,o3zr9mrr,49,antmaze-medium-diverse-v2,0.5637960433959961,1.0
pbrl,488ymrpd,0,antmaze-large-diverse-v2,0.9863748550415039,0.02
pbrl,488ymrpd,1,antmaze-large-diverse-v2,0.9123339653015137,0.02
pbrl,488ymrpd,2,antmaze-large-diverse-v2,0.8041995167732239,0.02
pbrl,488ymrpd,3,antmaze-large-diverse-v2,0.877967357635498,0.02
pbrl,488ymrpd,4,antmaze-large-diverse-v2,0.8187559843063354,0.02
pbrl,488ymrpd,5,antmaze-large-diverse-v2,0.7377611398696899,0.02
pbrl,488ymrpd,6,antmaze-large-diverse-v2,0.7756590843200684,0.02
pbrl,488ymrpd,7,antmaze-large-diverse-v2,0.6865530014038086,0.02
pbrl,488ymrpd,8,antmaze-large-diverse-v2,0.6601086854934692,0.02
pbrl,488ymrpd,9,antmaze-large-diverse-v2,0.6907749176025391,0.02
pbrl,488ymrpd,10,antmaze-large-diverse-v2,0.724907398223877,0.02
pbrl,488ymrpd,11,antmaze-large-diverse-v2,0.801501989364624,0.02
pbrl,488ymrpd,12,antmaze-large-diverse-v2,0.8522969484329224,0.02
pbrl,488ymrpd,13,antmaze-large-diverse-v2,0.853186845779419,0.02
pbrl,488ymrpd,14,antmaze-large-diverse-v2,0.8370153307914734,0.02
pbrl,488ymrpd,15,antmaze-large-diverse-v2,0.8613554835319519,0.02
pbrl,488ymrpd,16,antmaze-large-diverse-v2,0.8818822503089905,0.02
pbrl,488ymrpd,17,antmaze-large-diverse-v2,0.8277101516723633,0.02
pbrl,488ymrpd,18,antmaze-large-diverse-v2,0.9139623641967773,0.02
pbrl,488ymrpd,19,antmaze-large-diverse-v2,0.8301419615745544,0.02
pbrl,488ymrpd,20,antmaze-large-diverse-v2,0.8664665222167969,0.02
pbrl,488ymrpd,21,antmaze-large-diverse-v2,0.9048425555229187,0.02
pbrl,488ymrpd,22,antmaze-large-diverse-v2,0.9042085409164429,0.02
pbrl,488ymrpd,23,antmaze-large-diverse-v2,0.8780254125595093,0.02
pbrl,488ymrpd,24,antmaze-large-diverse-v2,0.9414370656013489,0.02
pbrl,488ymrpd,25,antmaze-large-diverse-v2,0.8466323614120483,0.02
pbrl,488ymrpd,26,antmaze-large-diverse-v2,0.8483630418777466,0.02
pbrl,488ymrpd,27,antmaze-large-diverse-v2,0.8356325626373291,0.02
pbrl,488ymrpd,28,antmaze-large-diverse-v2,0.8166735768318176,0.02
pbrl,488ymrpd,29,antmaze-large-diverse-v2,0.8710328340530396,0.02
pbrl,488ymrpd,30,antmaze-large-diverse-v2,0.8770678043365479,0.02
pbrl,488ymrpd,31,antmaze-large-diverse-v2,0.9024299383163452,0.02
pbrl,488ymrpd,32,antmaze-large-diverse-v2,0.9079300165176392,0.02
pbrl,488ymrpd,33,antmaze-large-diverse-v2,0.9014383554458618,0.02
pbrl,488ymrpd,34,antmaze-large-diverse-v2,0.8658944964408875,0.02
pbrl,488ymrpd,35,antmaze-large-diverse-v2,0.8572756052017212,0.02
pbrl,488ymrpd,36,antmaze-large-diverse-v2,0.7947139739990234,0.02
pbrl,488ymrpd,37,antmaze-large-diverse-v2,0.7962006330490112,0.02
pbrl,488ymrpd,38,antmaze-large-diverse-v2,0.8017674088478088,0.02
pbrl,488ymrpd,39,antmaze-large-diverse-v2,0.8645785450935364,0.02
pbrl,488ymrpd,40,antmaze-large-diverse-v2,0.8411785364151001,0.02
pbrl,488ymrpd,41,antmaze-large-diverse-v2,0.8391912579536438,0.02
pbrl,488ymrpd,42,antmaze-large-diverse-v2,0.8624342679977417,0.02
pbrl,488ymrpd,43,antmaze-large-diverse-v2,0.8512372970581055,0.02
pbrl,488ymrpd,44,antmaze-large-diverse-v2,0.828910768032074,0.02
pbrl,488ymrpd,45,antmaze-large-diverse-v2,0.8416136503219604,0.02
pbrl,488ymrpd,46,antmaze-large-diverse-v2,0.8334839344024658,0.02
pbrl,488ymrpd,47,antmaze-large-diverse-v2,0.8863791227340698,0.02
pbrl,488ymrpd,48,antmaze-large-diverse-v2,0.8789286613464355,0.02
pbrl,488ymrpd,49,antmaze-large-diverse-v2,0.8449229001998901,0.02
none,s8tv9khh,0,antmaze-medium-diverse-v2,0.8156416416168213,1.0
none,s8tv9khh,1,antmaze-medium-diverse-v2,0.5019824504852295,1.0
none,s8tv9khh,2,antmaze-medium-diverse-v2,0.4637051820755005,1.0
none,s8tv9khh,3,antmaze-medium-diverse-v2,0.4760250151157379,1.0
none,s8tv9khh,4,antmaze-medium-diverse-v2,0.5351954698562622,1.0
none,s8tv9khh,5,antmaze-medium-diverse-v2,0.49681317806243896,1.0
none,s8tv9khh,6,antmaze-medium-diverse-v2,0.513388991355896,1.0
none,s8tv9khh,7,antmaze-medium-diverse-v2,0.4881857931613922,1.0
none,s8tv9khh,8,antmaze-medium-diverse-v2,0.46407967805862427,1.0
none,s8tv9khh,9,antmaze-medium-diverse-v2,0.496896356344223,1.0
none,s8tv9khh,10,antmaze-medium-diverse-v2,0.5315325260162354,1.0
none,s8tv9khh,11,antmaze-medium-diverse-v2,0.5136612057685852,1.0
none,s8tv9khh,12,antmaze-medium-diverse-v2,0.520563006401062,1.0
none,s8tv9khh,13,antmaze-medium-diverse-v2,0.5306484699249268,1.0
none,s8tv9khh,14,antmaze-medium-diverse-v2,0.500548243522644,1.0
none,s8tv9khh,15,antmaze-medium-diverse-v2,0.5038796663284302,1.0
none,s8tv9khh,16,antmaze-medium-diverse-v2,0.534460186958313,1.0
none,s8tv9khh,17,antmaze-medium-diverse-v2,0.6107929348945618,1.0
none,s8tv9khh,18,antmaze-medium-diverse-v2,0.626585841178894,1.0
none,s8tv9khh,19,antmaze-medium-diverse-v2,0.6372343301773071,1.0
none,s8tv9khh,20,antmaze-medium-diverse-v2,0.6447441577911377,1.0
none,s8tv9khh,21,antmaze-medium-diverse-v2,0.5943976044654846,1.0
none,s8tv9khh,22,antmaze-medium-diverse-v2,0.5718652009963989,1.0
none,s8tv9khh,23,antmaze-medium-diverse-v2,0.5572398900985718,1.0
none,s8tv9khh,24,antmaze-medium-diverse-v2,0.5429666042327881,1.0
none,s8tv9khh,25,antmaze-medium-diverse-v2,0.5354746580123901,1.0
none,s8tv9khh,26,antmaze-medium-diverse-v2,0.5735204219818115,1.0
none,s8tv9khh,27,antmaze-medium-diverse-v2,0.5645316243171692,1.0
none,s8tv9khh,28,antmaze-medium-diverse-v2,0.5605042576789856,1.0
none,s8tv9khh,29,antmaze-medium-diverse-v2,0.5916483402252197,1.0
none,s8tv9khh,30,antmaze-medium-diverse-v2,0.5530721545219421,1.0
none,s8tv9khh,31,antmaze-medium-diverse-v2,0.5561537146568298,1.0
none,s8tv9khh,32,antmaze-medium-diverse-v2,0.5552085638046265,1.0
none,s8tv9khh,33,antmaze-medium-diverse-v2,0.5832542181015015,1.0
none,s8tv9khh,34,antmaze-medium-diverse-v2,0.540030837059021,1.0
none,s8tv9khh,35,antmaze-medium-diverse-v2,0.5529745817184448,1.0
none,s8tv9khh,36,antmaze-medium-diverse-v2,0.5729429721832275,1.0
none,s8tv9khh,37,antmaze-medium-diverse-v2,0.5902196764945984,1.0
none,s8tv9khh,38,antmaze-medium-diverse-v2,0.5496378540992737,1.0
none,s8tv9khh,39,antmaze-medium-diverse-v2,0.6050850749015808,1.0
none,s8tv9khh,40,antmaze-medium-diverse-v2,0.5679588317871094,1.0
none,s8tv9khh,41,antmaze-medium-diverse-v2,0.5358335375785828,1.0
none,s8tv9khh,42,antmaze-medium-diverse-v2,0.5459198951721191,1.0
none,s8tv9khh,43,antmaze-medium-diverse-v2,0.5554189085960388,1.0
none,s8tv9khh,44,antmaze-medium-diverse-v2,0.5622010231018066,1.0
none,s8tv9khh,45,antmaze-medium-diverse-v2,0.5571346282958984,1.0
none,s8tv9khh,46,antmaze-medium-diverse-v2,0.5056872367858887,1.0
none,s8tv9khh,47,antmaze-medium-diverse-v2,0.5849729776382446,1.0
none,s8tv9khh,48,antmaze-medium-diverse-v2,0.5826537609100342,1.0
none,s8tv9khh,49,antmaze-medium-diverse-v2,0.503116250038147,1.0
pbrl,1btqhoc3,0,antmaze-medium-diverse-v2,0.9759916067123413,0.02
pbrl,1btqhoc3,1,antmaze-medium-diverse-v2,0.8838990926742554,0.02
pbrl,1btqhoc3,2,antmaze-medium-diverse-v2,0.8869534730911255,0.02
pbrl,1btqhoc3,3,antmaze-medium-diverse-v2,0.8453769087791443,0.02
pbrl,1btqhoc3,4,antmaze-medium-diverse-v2,0.8290873169898987,0.02
pbrl,1btqhoc3,5,antmaze-medium-diverse-v2,0.7570570707321167,0.02
pbrl,1btqhoc3,6,antmaze-medium-diverse-v2,0.8037906289100647,0.02
pbrl,1btqhoc3,7,antmaze-medium-diverse-v2,0.7131761312484741,0.02
pbrl,1btqhoc3,8,antmaze-medium-diverse-v2,0.7302098274230957,0.02
pbrl,1btqhoc3,9,antmaze-medium-diverse-v2,0.7154558300971985,0.02
pbrl,1btqhoc3,10,antmaze-medium-diverse-v2,0.7665221691131592,0.02
pbrl,1btqhoc3,11,antmaze-medium-diverse-v2,0.796312689781189,0.02
pbrl,1btqhoc3,12,antmaze-medium-diverse-v2,0.7356753349304199,0.02
pbrl,1btqhoc3,13,antmaze-medium-diverse-v2,0.7857410311698914,0.02
pbrl,1btqhoc3,14,antmaze-medium-diverse-v2,0.752138614654541,0.02
pbrl,1btqhoc3,15,antmaze-medium-diverse-v2,0.8566925525665283,0.02
pbrl,1btqhoc3,16,antmaze-medium-diverse-v2,0.8082274794578552,0.02
pbrl,1btqhoc3,17,antmaze-medium-diverse-v2,0.803063690662384,0.02
pbrl,1btqhoc3,18,antmaze-medium-diverse-v2,0.8045097589492798,0.02
pbrl,1btqhoc3,19,antmaze-medium-diverse-v2,0.8159888982772827,0.02
pbrl,1btqhoc3,20,antmaze-medium-diverse-v2,0.8146110773086548,0.02
pbrl,1btqhoc3,21,antmaze-medium-diverse-v2,0.8391806483268738,0.02
pbrl,1btqhoc3,22,antmaze-medium-diverse-v2,0.848796010017395,0.02
pbrl,1btqhoc3,23,antmaze-medium-diverse-v2,0.8696860074996948,0.02
pbrl,1btqhoc3,24,antmaze-medium-diverse-v2,0.791051983833313,0.02
pbrl,1btqhoc3,25,antmaze-medium-diverse-v2,0.8451639413833618,0.02
pbrl,1btqhoc3,26,antmaze-medium-diverse-v2,0.810687780380249,0.02
pbrl,1btqhoc3,27,antmaze-medium-diverse-v2,0.8389495611190796,0.02
pbrl,1btqhoc3,28,antmaze-medium-diverse-v2,0.8530611991882324,0.02
pbrl,1btqhoc3,29,antmaze-medium-diverse-v2,0.8520261645317078,0.02
pbrl,1btqhoc3,30,antmaze-medium-diverse-v2,0.8530569672584534,0.02
pbrl,1btqhoc3,31,antmaze-medium-diverse-v2,0.824242115020752,0.02
pbrl,1btqhoc3,32,antmaze-medium-diverse-v2,0.8302023410797119,0.02
pbrl,1btqhoc3,33,antmaze-medium-diverse-v2,0.8563004732131958,0.02
pbrl,1btqhoc3,34,antmaze-medium-diverse-v2,0.8061754703521729,0.02
pbrl,1btqhoc3,35,antmaze-medium-diverse-v2,0.8528958559036255,0.02
pbrl,1btqhoc3,36,antmaze-medium-diverse-v2,0.8581889867782593,0.02
pbrl,1btqhoc3,37,antmaze-medium-diverse-v2,0.8573741912841797,0.02
pbrl,1btqhoc3,38,antmaze-medium-diverse-v2,0.8554884195327759,0.02
pbrl,1btqhoc3,39,antmaze-medium-diverse-v2,0.7931177616119385,0.02
pbrl,1btqhoc3,40,antmaze-medium-diverse-v2,0.8368009328842163,0.02
pbrl,1btqhoc3,41,antmaze-medium-diverse-v2,0.8103771209716797,0.02
pbrl,1btqhoc3,42,antmaze-medium-diverse-v2,0.877129316329956,0.02
pbrl,1btqhoc3,43,antmaze-medium-diverse-v2,0.8827756643295288,0.02
pbrl,1btqhoc3,44,antmaze-medium-diverse-v2,0.8077219724655151,0.02
pbrl,1btqhoc3,45,antmaze-medium-diverse-v2,0.8368598222732544,0.02
pbrl,1btqhoc3,46,antmaze-medium-diverse-v2,0.806033730506897,0.02
pbrl,1btqhoc3,47,antmaze-medium-diverse-v2,0.7647056579589844,0.02
pbrl,1btqhoc3,48,antmaze-medium-diverse-v2,0.8147028684616089,0.02
pbrl,1btqhoc3,49,antmaze-medium-diverse-v2,0.8646055459976196,0.02
none,2exaxczp,0,antmaze-medium-diverse-v2,0.8156839609146118,1.0
none,2exaxczp,1,antmaze-medium-diverse-v2,0.49796026945114136,1.0
none,2exaxczp,2,antmaze-medium-diverse-v2,0.4567979872226715,1.0
none,2exaxczp,3,antmaze-medium-diverse-v2,0.4628027677536011,1.0
none,2exaxczp,4,antmaze-medium-diverse-v2,0.5234887599945068,1.0
none,2exaxczp,5,antmaze-medium-diverse-v2,0.515152633190155,1.0
none,2exaxczp,6,antmaze-medium-diverse-v2,0.4913647770881653,1.0
none,2exaxczp,7,antmaze-medium-diverse-v2,0.511863648891449,1.0
none,2exaxczp,8,antmaze-medium-diverse-v2,0.4789883494377136,1.0
none,2exaxczp,9,antmaze-medium-diverse-v2,0.4987697899341583,1.0
none,2exaxczp,10,antmaze-medium-diverse-v2,0.4772934317588806,1.0
none,2exaxczp,11,antmaze-medium-diverse-v2,0.5325749516487122,1.0
none,2exaxczp,12,antmaze-medium-diverse-v2,0.5354013442993164,1.0
none,2exaxczp,13,antmaze-medium-diverse-v2,0.5217680931091309,1.0
none,2exaxczp,14,antmaze-medium-diverse-v2,0.4881862699985504,1.0
none,2exaxczp,15,antmaze-medium-diverse-v2,0.5528863668441772,1.0
none,2exaxczp,16,antmaze-medium-diverse-v2,0.5276534557342529,1.0
none,2exaxczp,17,antmaze-medium-diverse-v2,0.6067966818809509,1.0
none,2exaxczp,18,antmaze-medium-diverse-v2,0.6346759796142578,1.0
none,2exaxczp,19,antmaze-medium-diverse-v2,0.6015331149101257,1.0
none,2exaxczp,20,antmaze-medium-diverse-v2,0.6017413139343262,1.0
none,2exaxczp,21,antmaze-medium-diverse-v2,0.6051415205001831,1.0
none,2exaxczp,22,antmaze-medium-diverse-v2,0.6258154511451721,1.0
none,2exaxczp,23,antmaze-medium-diverse-v2,0.5852314233779907,1.0
none,2exaxczp,24,antmaze-medium-diverse-v2,0.6033706665039062,1.0
none,2exaxczp,25,antmaze-medium-diverse-v2,0.5508147478103638,1.0
none,2exaxczp,26,antmaze-medium-diverse-v2,0.551322340965271,1.0
none,2exaxczp,27,antmaze-medium-diverse-v2,0.5558258295059204,1.0
none,2exaxczp,28,antmaze-medium-diverse-v2,0.6040908098220825,1.0
none,2exaxczp,29,antmaze-medium-diverse-v2,0.611303448677063,1.0
none,2exaxczp,30,antmaze-medium-diverse-v2,0.5493791103363037,1.0
none,2exaxczp,31,antmaze-medium-diverse-v2,0.5699635148048401,1.0
none,2exaxczp,32,antmaze-medium-diverse-v2,0.5582652688026428,1.0
none,2exaxczp,33,antmaze-medium-diverse-v2,0.5264180302619934,1.0
none,2exaxczp,34,antmaze-medium-diverse-v2,0.5175312161445618,1.0
none,2exaxczp,35,antmaze-medium-diverse-v2,0.5828161835670471,1.0
none,2exaxczp,36,antmaze-medium-diverse-v2,0.5984569191932678,1.0
none,2exaxczp,37,antmaze-medium-diverse-v2,0.6513900756835938,1.0
none,2exaxczp,38,antmaze-medium-diverse-v2,0.5899724364280701,1.0
none,2exaxczp,39,antmaze-medium-diverse-v2,0.5560818910598755,1.0
none,2exaxczp,40,antmaze-medium-diverse-v2,0.5778106451034546,1.0
none,2exaxczp,41,antmaze-medium-diverse-v2,0.5545162558555603,1.0
none,2exaxczp,42,antmaze-medium-diverse-v2,0.5413302183151245,1.0
none,2exaxczp,43,antmaze-medium-diverse-v2,0.5899218320846558,1.0
none,2exaxczp,44,antmaze-medium-diverse-v2,0.5909230709075928,1.0
none,2exaxczp,45,antmaze-medium-diverse-v2,0.5861356258392334,1.0
none,2exaxczp,46,antmaze-medium-diverse-v2,0.5549405813217163,1.0
none,2exaxczp,47,antmaze-medium-diverse-v2,0.5780602693557739,1.0
none,2exaxczp,48,antmaze-medium-diverse-v2,0.6003658771514893,1.0
none,2exaxczp,49,antmaze-medium-diverse-v2,0.5656614303588867,1.0
pbrl,yl4btahk,0,antmaze-medium-diverse-v2,1.0051026344299316,0.02
pbrl,yl4btahk,1,antmaze-medium-diverse-v2,0.973567008972168,0.02
pbrl,yl4btahk,2,antmaze-medium-diverse-v2,0.9666945934295654,0.02
pbrl,yl4btahk,3,antmaze-medium-diverse-v2,0.8348836898803711,0.02
pbrl,yl4btahk,4,antmaze-medium-diverse-v2,0.836028516292572,0.02
pbrl,yl4btahk,5,antmaze-medium-diverse-v2,0.784121036529541,0.02
pbrl,yl4btahk,6,antmaze-medium-diverse-v2,0.7811963558197021,0.02
pbrl,yl4btahk,7,antmaze-medium-diverse-v2,0.6939071416854858,0.02
pbrl,yl4btahk,8,antmaze-medium-diverse-v2,0.6931912899017334,0.02
pbrl,yl4btahk,9,antmaze-medium-diverse-v2,0.7559609413146973,0.02
pbrl,yl4btahk,10,antmaze-medium-diverse-v2,0.8411386013031006,0.02
pbrl,yl4btahk,11,antmaze-medium-diverse-v2,0.7867870330810547,0.02
pbrl,yl4btahk,12,antmaze-medium-diverse-v2,0.8305739164352417,0.02
pbrl,yl4btahk,13,antmaze-medium-diverse-v2,0.7979488372802734,0.02
pbrl,yl4btahk,14,antmaze-medium-diverse-v2,0.8419313430786133,0.02
pbrl,yl4btahk,15,antmaze-medium-diverse-v2,0.8470677733421326,0.02
pbrl,yl4btahk,16,antmaze-medium-diverse-v2,0.8247848153114319,0.02
pbrl,yl4btahk,17,antmaze-medium-diverse-v2,0.7723509669303894,0.02
pbrl,yl4btahk,18,antmaze-medium-diverse-v2,0.8948085904121399,0.02
pbrl,yl4btahk,19,antmaze-medium-diverse-v2,0.8734805583953857,0.02
pbrl,yl4btahk,20,antmaze-medium-diverse-v2,0.867789089679718,0.02
pbrl,yl4btahk,21,antmaze-medium-diverse-v2,0.8467440605163574,0.02
pbrl,yl4btahk,22,antmaze-medium-diverse-v2,0.8015929460525513,0.02
pbrl,yl4btahk,23,antmaze-medium-diverse-v2,0.8250671625137329,0.02
pbrl,yl4btahk,24,antmaze-medium-diverse-v2,0.7738351821899414,0.02
pbrl,yl4btahk,25,antmaze-medium-diverse-v2,0.7923702001571655,0.02
pbrl,yl4btahk,26,antmaze-medium-diverse-v2,0.7347608208656311,0.02
pbrl,yl4btahk,27,antmaze-medium-diverse-v2,0.785714864730835,0.02
pbrl,yl4btahk,28,antmaze-medium-diverse-v2,0.8600445985794067,0.02
pbrl,yl4btahk,29,antmaze-medium-diverse-v2,0.8774483799934387,0.02
pbrl,yl4btahk,30,antmaze-medium-diverse-v2,0.8427586555480957,0.02
pbrl,yl4btahk,31,antmaze-medium-diverse-v2,0.8540952801704407,0.02
pbrl,yl4btahk,32,antmaze-medium-diverse-v2,0.8781470060348511,0.02
pbrl,yl4btahk,33,antmaze-medium-diverse-v2,0.8553987741470337,0.02
pbrl,yl4btahk,34,antmaze-medium-diverse-v2,0.8743652105331421,0.02
pbrl,yl4btahk,35,antmaze-medium-diverse-v2,0.7952275276184082,0.02
pbrl,yl4btahk,36,antmaze-medium-diverse-v2,0.8154707551002502,0.02
pbrl,yl4btahk,37,antmaze-medium-diverse-v2,0.7739664316177368,0.02
pbrl,yl4btahk,38,antmaze-medium-diverse-v2,0.8421519994735718,0.02
pbrl,yl4btahk,39,antmaze-medium-diverse-v2,0.8532003164291382,0.02
pbrl,yl4btahk,40,antmaze-medium-diverse-v2,0.7518426775932312,0.02
pbrl,yl4btahk,41,antmaze-medium-diverse-v2,0.8189157247543335,0.02
pbrl,yl4btahk,42,antmaze-medium-diverse-v2,0.8210431337356567,0.02
pbrl,yl4btahk,43,antmaze-medium-diverse-v2,0.8627782464027405,0.02
pbrl,yl4btahk,44,antmaze-medium-diverse-v2,0.7652616500854492,0.02
pbrl,yl4btahk,45,antmaze-medium-diverse-v2,0.8159103393554688,0.02
pbrl,yl4btahk,46,antmaze-medium-diverse-v2,0.7812327146530151,0.02
pbrl,yl4btahk,47,antmaze-medium-diverse-v2,0.7936411499977112,0.02
pbrl,yl4btahk,48,antmaze-medium-diverse-v2,0.7707252502441406,0.02
pbrl,yl4btahk,49,antmaze-medium-diverse-v2,0.7987768650054932,0.02
none,pxj8g92g,0,antmaze-medium-diverse-v2,0.7995297908782959,1.0
none,pxj8g92g,1,antmaze-medium-diverse-v2,0.46800467371940613,1.0
none,pxj8g92g,2,antmaze-medium-diverse-v2,0.47384369373321533,1.0
none,pxj8g92g,3,antmaze-medium-diverse-v2,0.5359192490577698,1.0
none,pxj8g92g,4,antmaze-medium-diverse-v2,0.43333619832992554,1.0
none,pxj8g92g,5,antmaze-medium-diverse-v2,0.4740997552871704,1.0
none,pxj8g92g,6,antmaze-medium-diverse-v2,0.5023046731948853,1.0
none,pxj8g92g,7,antmaze-medium-diverse-v2,0.4551055431365967,1.0
none,pxj8g92g,8,antmaze-medium-diverse-v2,0.44892561435699463,1.0
none,pxj8g92g,9,antmaze-medium-diverse-v2,0.4673795700073242,1.0
none,pxj8g92g,10,antmaze-medium-diverse-v2,0.49034300446510315,1.0
none,pxj8g92g,11,antmaze-medium-diverse-v2,0.4677268862724304,1.0
none,pxj8g92g,12,antmaze-medium-diverse-v2,0.4975813329219818,1.0
none,pxj8g92g,13,antmaze-medium-diverse-v2,0.4923492968082428,1.0
none,pxj8g92g,14,antmaze-medium-diverse-v2,0.49079638719558716,1.0
none,pxj8g92g,15,antmaze-medium-diverse-v2,0.47865989804267883,1.0
none,pxj8g92g,16,antmaze-medium-diverse-v2,0.5363618731498718,1.0
none,pxj8g92g,17,antmaze-medium-diverse-v2,0.5568146109580994,1.0
none,pxj8g92g,18,antmaze-medium-diverse-v2,0.5868947505950928,1.0
none,pxj8g92g,19,antmaze-medium-diverse-v2,0.5169614553451538,1.0
none,pxj8g92g,20,antmaze-medium-diverse-v2,0.5788167715072632,1.0
none,pxj8g92g,21,antmaze-medium-diverse-v2,0.5644894242286682,1.0
none,pxj8g92g,22,antmaze-medium-diverse-v2,0.5669184923171997,1.0
none,pxj8g92g,23,antmaze-medium-diverse-v2,0.5057045221328735,1.0
none,pxj8g92g,24,antmaze-medium-diverse-v2,0.5661349296569824,1.0
none,pxj8g92g,25,antmaze-medium-diverse-v2,0.522728681564331,1.0
none,pxj8g92g,26,antmaze-medium-diverse-v2,0.5366315841674805,1.0
none,pxj8g92g,27,antmaze-medium-diverse-v2,0.5548253655433655,1.0
none,pxj8g92g,28,antmaze-medium-diverse-v2,0.5689477920532227,1.0
none,pxj8g92g,29,antmaze-medium-diverse-v2,0.5404203534126282,1.0
none,pxj8g92g,30,antmaze-medium-diverse-v2,0.5317921042442322,1.0
none,pxj8g92g,31,antmaze-medium-diverse-v2,0.5384202003479004,1.0
none,pxj8g92g,32,antmaze-medium-diverse-v2,0.5908489227294922,1.0
none,pxj8g92g,33,antmaze-medium-diverse-v2,0.5406057834625244,1.0
none,pxj8g92g,34,antmaze-medium-diverse-v2,0.5310542583465576,1.0
none,pxj8g92g,35,antmaze-medium-diverse-v2,0.5697920322418213,1.0
none,pxj8g92g,36,antmaze-medium-diverse-v2,0.5152784585952759,1.0
none,pxj8g92g,37,antmaze-medium-diverse-v2,0.525852620601654,1.0
none,pxj8g92g,38,antmaze-medium-diverse-v2,0.5651479959487915,1.0
none,pxj8g92g,39,antmaze-medium-diverse-v2,0.5509482622146606,1.0
none,pxj8g92g,40,antmaze-medium-diverse-v2,0.5612325668334961,1.0
none,pxj8g92g,41,antmaze-medium-diverse-v2,0.5521307587623596,1.0
none,pxj8g92g,42,antmaze-medium-diverse-v2,0.5423046350479126,1.0
none,pxj8g92g,43,antmaze-medium-diverse-v2,0.5412780046463013,1.0
none,pxj8g92g,44,antmaze-medium-diverse-v2,0.5292640328407288,1.0
none,pxj8g92g,45,antmaze-medium-diverse-v2,0.567618727684021,1.0
none,pxj8g92g,46,antmaze-medium-diverse-v2,0.5625051259994507,1.0
none,pxj8g92g,47,antmaze-medium-diverse-v2,0.5575772523880005,1.0
none,pxj8g92g,48,antmaze-medium-diverse-v2,0.5714201927185059,1.0
none,pxj8g92g,49,antmaze-medium-diverse-v2,0.5765904188156128,1.0
pbrl,89npi58k,0,antmaze-medium-diverse-v2,0.9687701463699341,0.02
pbrl,89npi58k,1,antmaze-medium-diverse-v2,0.9331656694412231,0.02
pbrl,89npi58k,2,antmaze-medium-diverse-v2,0.9028537273406982,0.02
pbrl,89npi58k,3,antmaze-medium-diverse-v2,0.7761784791946411,0.02
pbrl,89npi58k,4,antmaze-medium-diverse-v2,0.8044708967208862,0.02
pbrl,89npi58k,5,antmaze-medium-diverse-v2,0.6817666292190552,0.02
pbrl,89npi58k,6,antmaze-medium-diverse-v2,0.6576858162879944,0.02
pbrl,89npi58k,7,antmaze-medium-diverse-v2,0.6392728090286255,0.02
pbrl,89npi58k,8,antmaze-medium-diverse-v2,0.6850510835647583,0.02
pbrl,89npi58k,9,antmaze-medium-diverse-v2,0.8449244499206543,0.02
pbrl,89npi58k,10,antmaze-medium-diverse-v2,0.8772796392440796,0.02
pbrl,89npi58k,11,antmaze-medium-diverse-v2,0.8181487321853638,0.02
pbrl,89npi58k,12,antmaze-medium-diverse-v2,0.7687438726425171,0.02
pbrl,89npi58k,13,antmaze-medium-diverse-v2,0.8121205568313599,0.02
pbrl,89npi58k,14,antmaze-medium-diverse-v2,0.7673605680465698,0.02
pbrl,89npi58k,15,antmaze-medium-diverse-v2,0.848233699798584,0.02
pbrl,89npi58k,16,antmaze-medium-diverse-v2,0.8352570533752441,0.02
pbrl,89npi58k,17,antmaze-medium-diverse-v2,0.8833178877830505,0.02
pbrl,89npi58k,18,antmaze-medium-diverse-v2,0.8252796530723572,0.02
pbrl,89npi58k,19,antmaze-medium-diverse-v2,0.7664377093315125,0.02
pbrl,89npi58k,20,antmaze-medium-diverse-v2,0.8271979093551636,0.02
pbrl,89npi58k,21,antmaze-medium-diverse-v2,0.8437241315841675,0.02
pbrl,89npi58k,22,antmaze-medium-diverse-v2,0.8429776430130005,0.02
pbrl,89npi58k,23,antmaze-medium-diverse-v2,0.7835806608200073,0.02
pbrl,89npi58k,24,antmaze-medium-diverse-v2,0.835530161857605,0.02
pbrl,89npi58k,25,antmaze-medium-diverse-v2,0.7796186208724976,0.02
pbrl,89npi58k,26,antmaze-medium-diverse-v2,0.7885535955429077,0.02
pbrl,89npi58k,27,antmaze-medium-diverse-v2,0.8099756836891174,0.02
pbrl,89npi58k,28,antmaze-medium-diverse-v2,0.8291842341423035,0.02
pbrl,89npi58k,29,antmaze-medium-diverse-v2,0.8449729681015015,0.02
pbrl,89npi58k,30,antmaze-medium-diverse-v2,0.8419845104217529,0.02
pbrl,89npi58k,31,antmaze-medium-diverse-v2,0.8269370794296265,0.02
pbrl,89npi58k,32,antmaze-medium-diverse-v2,0.7561972737312317,0.02
pbrl,89npi58k,33,antmaze-medium-diverse-v2,0.818453311920166,0.02
pbrl,89npi58k,34,antmaze-medium-diverse-v2,0.7867171168327332,0.02
pbrl,89npi58k,35,antmaze-medium-diverse-v2,0.7814120054244995,0.02
pbrl,89npi58k,36,antmaze-medium-diverse-v2,0.8059965372085571,0.02
pbrl,89npi58k,37,antmaze-medium-diverse-v2,0.8699060678482056,0.02
pbrl,89npi58k,38,antmaze-medium-diverse-v2,0.8303794860839844,0.02
pbrl,89npi58k,39,antmaze-medium-diverse-v2,0.8111216425895691,0.02
pbrl,89npi58k,40,antmaze-medium-diverse-v2,0.8454674482345581,0.02
pbrl,89npi58k,41,antmaze-medium-diverse-v2,0.7455052137374878,0.02
pbrl,89npi58k,42,antmaze-medium-diverse-v2,0.843367338180542,0.02
pbrl,89npi58k,43,antmaze-medium-diverse-v2,0.8230174779891968,0.02
pbrl,89npi58k,44,antmaze-medium-diverse-v2,0.7867089509963989,0.02
pbrl,89npi58k,45,antmaze-medium-diverse-v2,0.7926619052886963,0.02
pbrl,89npi58k,46,antmaze-medium-diverse-v2,0.8324446678161621,0.02
pbrl,89npi58k,47,antmaze-medium-diverse-v2,0.8434066772460938,0.02
pbrl,89npi58k,48,antmaze-medium-diverse-v2,0.8304161429405212,0.02
pbrl,89npi58k,49,antmaze-medium-diverse-v2,0.8013699650764465,0.02
none,a4jgzw3k,0,antmaze-medium-diverse-v2,0.7592260837554932,1.0
none,a4jgzw3k,1,antmaze-medium-diverse-v2,0.48418545722961426,1.0
none,a4jgzw3k,2,antmaze-medium-diverse-v2,0.473123162984848,1.0
none,a4jgzw3k,3,antmaze-medium-diverse-v2,0.5405199527740479,1.0
none,a4jgzw3k,4,antmaze-medium-diverse-v2,0.5259183645248413,1.0
none,a4jgzw3k,5,antmaze-medium-diverse-v2,0.5412082672119141,1.0
none,a4jgzw3k,6,antmaze-medium-diverse-v2,0.5210065841674805,1.0
none,a4jgzw3k,7,antmaze-medium-diverse-v2,0.4927796423435211,1.0
none,a4jgzw3k,8,antmaze-medium-diverse-v2,0.5456464290618896,1.0
none,a4jgzw3k,9,antmaze-medium-diverse-v2,0.5314090251922607,1.0
none,a4jgzw3k,10,antmaze-medium-diverse-v2,0.47703438997268677,1.0
none,a4jgzw3k,11,antmaze-medium-diverse-v2,0.5033352375030518,1.0
none,a4jgzw3k,12,antmaze-medium-diverse-v2,0.5106260776519775,1.0
none,a4jgzw3k,13,antmaze-medium-diverse-v2,0.5257697105407715,1.0
none,a4jgzw3k,14,antmaze-medium-diverse-v2,0.5090758204460144,1.0
none,a4jgzw3k,15,antmaze-medium-diverse-v2,0.5134844183921814,1.0
none,a4jgzw3k,16,antmaze-medium-diverse-v2,0.5909523963928223,1.0
none,a4jgzw3k,17,antmaze-medium-diverse-v2,0.5722571611404419,1.0
none,a4jgzw3k,18,antmaze-medium-diverse-v2,0.5145230293273926,1.0
none,a4jgzw3k,19,antmaze-medium-diverse-v2,0.5397331714630127,1.0
none,a4jgzw3k,20,antmaze-medium-diverse-v2,0.6252957582473755,1.0
none,a4jgzw3k,21,antmaze-medium-diverse-v2,0.5875521302223206,1.0
none,a4jgzw3k,22,antmaze-medium-diverse-v2,0.5338760614395142,1.0
none,a4jgzw3k,23,antmaze-medium-diverse-v2,0.547612190246582,1.0
none,a4jgzw3k,24,antmaze-medium-diverse-v2,0.6013762950897217,1.0
none,a4jgzw3k,25,antmaze-medium-diverse-v2,0.618267834186554,1.0
none,a4jgzw3k,26,antmaze-medium-diverse-v2,0.5493636131286621,1.0
none,a4jgzw3k,27,antmaze-medium-diverse-v2,0.5659289360046387,1.0
none,a4jgzw3k,28,antmaze-medium-diverse-v2,0.5533927083015442,1.0
none,a4jgzw3k,29,antmaze-medium-diverse-v2,0.5705512762069702,1.0
none,a4jgzw3k,30,antmaze-medium-diverse-v2,0.5781698226928711,1.0
none,a4jgzw3k,31,antmaze-medium-diverse-v2,0.573009729385376,1.0
none,a4jgzw3k,32,antmaze-medium-diverse-v2,0.5760308504104614,1.0
none,a4jgzw3k,33,antmaze-medium-diverse-v2,0.5801470875740051,1.0
none,a4jgzw3k,34,antmaze-medium-diverse-v2,0.5357934832572937,1.0
none,a4jgzw3k,35,antmaze-medium-diverse-v2,0.5587681531906128,1.0
none,a4jgzw3k,36,antmaze-medium-diverse-v2,0.582464873790741,1.0
none,a4jgzw3k,37,antmaze-medium-diverse-v2,0.6080099940299988,1.0
none,a4jgzw3k,38,antmaze-medium-diverse-v2,0.5558202266693115,1.0
none,a4jgzw3k,39,antmaze-medium-diverse-v2,0.5269713401794434,1.0
none,a4jgzw3k,40,antmaze-medium-diverse-v2,0.6512159109115601,1.0
none,a4jgzw3k,41,antmaze-medium-diverse-v2,0.5360397696495056,1.0
none,a4jgzw3k,42,antmaze-medium-diverse-v2,0.561862587928772,1.0
none,a4jgzw3k,43,antmaze-medium-diverse-v2,0.5528358221054077,1.0
none,a4jgzw3k,44,antmaze-medium-diverse-v2,0.5699234008789062,1.0
none,a4jgzw3k,45,antmaze-medium-diverse-v2,0.5711206197738647,1.0
none,a4jgzw3k,46,antmaze-medium-diverse-v2,0.5406375527381897,1.0
none,a4jgzw3k,47,antmaze-medium-diverse-v2,0.5552251935005188,1.0
none,a4jgzw3k,48,antmaze-medium-diverse-v2,0.5439462661743164,1.0
none,a4jgzw3k,49,antmaze-medium-diverse-v2,0.5776609182357788,1.0
pbrl,1qsong9a,0,antmaze-medium-diverse-v2,0.9677489995956421,0.02
pbrl,1qsong9a,1,antmaze-medium-diverse-v2,0.916537880897522,0.02
pbrl,1qsong9a,2,antmaze-medium-diverse-v2,0.8816220760345459,0.02
pbrl,1qsong9a,3,antmaze-medium-diverse-v2,0.8036999106407166,0.02
pbrl,1qsong9a,4,antmaze-medium-diverse-v2,0.695468544960022,0.02
pbrl,1qsong9a,5,antmaze-medium-diverse-v2,0.716350793838501,0.02
pbrl,1qsong9a,6,antmaze-medium-diverse-v2,0.6667618751525879,0.02
pbrl,1qsong9a,7,antmaze-medium-diverse-v2,0.7036066055297852,0.02
pbrl,1qsong9a,8,antmaze-medium-diverse-v2,0.6560577750205994,0.02
pbrl,1qsong9a,9,antmaze-medium-diverse-v2,0.7571406960487366,0.02
pbrl,1qsong9a,10,antmaze-medium-diverse-v2,0.7565664052963257,0.02
pbrl,1qsong9a,11,antmaze-medium-diverse-v2,0.7952672839164734,0.02
pbrl,1qsong9a,12,antmaze-medium-diverse-v2,0.7824307680130005,0.02
pbrl,1qsong9a,13,antmaze-medium-diverse-v2,0.7735607028007507,0.02
pbrl,1qsong9a,14,antmaze-medium-diverse-v2,0.7934093475341797,0.02
pbrl,1qsong9a,15,antmaze-medium-diverse-v2,0.8380813598632812,0.02
pbrl,1qsong9a,16,antmaze-medium-diverse-v2,0.8133741617202759,0.02
pbrl,1qsong9a,17,antmaze-medium-diverse-v2,0.819037139415741,0.02
pbrl,1qsong9a,18,antmaze-medium-diverse-v2,0.8009880781173706,0.02
pbrl,1qsong9a,19,antmaze-medium-diverse-v2,0.7399035692214966,0.02
pbrl,1qsong9a,20,antmaze-medium-diverse-v2,0.8078643083572388,0.02
pbrl,1qsong9a,21,antmaze-medium-diverse-v2,0.8388714790344238,0.02
pbrl,1qsong9a,22,antmaze-medium-diverse-v2,0.783505916595459,0.02
pbrl,1qsong9a,23,antmaze-medium-diverse-v2,0.842552125453949,0.02
pbrl,1qsong9a,24,antmaze-medium-diverse-v2,0.874142050743103,0.02
pbrl,1qsong9a,25,antmaze-medium-diverse-v2,0.8267931938171387,0.02
pbrl,1qsong9a,26,antmaze-medium-diverse-v2,0.7863138318061829,0.02
pbrl,1qsong9a,27,antmaze-medium-diverse-v2,0.7921327352523804,0.02
pbrl,1qsong9a,28,antmaze-medium-diverse-v2,0.810678243637085,0.02
pbrl,1qsong9a,29,antmaze-medium-diverse-v2,0.8553492426872253,0.02
pbrl,1qsong9a,30,antmaze-medium-diverse-v2,0.8089259266853333,0.02
pbrl,1qsong9a,31,antmaze-medium-diverse-v2,0.8378355503082275,0.02
pbrl,1qsong9a,32,antmaze-medium-diverse-v2,0.824146032333374,0.02
pbrl,1qsong9a,33,antmaze-medium-diverse-v2,0.8421953320503235,0.02
pbrl,1qsong9a,34,antmaze-medium-diverse-v2,0.8417354822158813,0.02
pbrl,1qsong9a,35,antmaze-medium-diverse-v2,0.8052103519439697,0.02
pbrl,1qsong9a,36,antmaze-medium-diverse-v2,0.7820672392845154,0.02
pbrl,1qsong9a,37,antmaze-medium-diverse-v2,0.8111411333084106,0.02
pbrl,1qsong9a,38,antmaze-medium-diverse-v2,0.8261101841926575,0.02
pbrl,1qsong9a,39,antmaze-medium-diverse-v2,0.7807949185371399,0.02
pbrl,1qsong9a,40,antmaze-medium-diverse-v2,0.8027400970458984,0.02
pbrl,1qsong9a,41,antmaze-medium-diverse-v2,0.7821223735809326,0.02
pbrl,1qsong9a,42,antmaze-medium-diverse-v2,0.7893974184989929,0.02
pbrl,1qsong9a,43,antmaze-medium-diverse-v2,0.7842050194740295,0.02
pbrl,1qsong9a,44,antmaze-medium-diverse-v2,0.8263391256332397,0.02
pbrl,1qsong9a,45,antmaze-medium-diverse-v2,0.8757873177528381,0.02
pbrl,1qsong9a,46,antmaze-medium-diverse-v2,0.8349001407623291,0.02
pbrl,1qsong9a,47,antmaze-medium-diverse-v2,0.809965968132019,0.02
pbrl,1qsong9a,48,antmaze-medium-diverse-v2,0.8136084675788879,0.02
pbrl,1qsong9a,49,antmaze-medium-diverse-v2,0.8271299004554749,0.02
pbrl,93q1xsfw,0,antmaze-medium-diverse-v2,0.9327185750007629,0.02
pbrl,93q1xsfw,1,antmaze-medium-diverse-v2,1.0645511150360107,0.02
pbrl,93q1xsfw,2,antmaze-medium-diverse-v2,0.8546175956726074,0.02
pbrl,93q1xsfw,3,antmaze-medium-diverse-v2,0.8596574068069458,0.02
pbrl,93q1xsfw,4,antmaze-medium-diverse-v2,0.8455632925033569,0.02
pbrl,93q1xsfw,5,antmaze-medium-diverse-v2,0.7907997965812683,0.02
pbrl,93q1xsfw,6,antmaze-medium-diverse-v2,0.7439891695976257,0.02
pbrl,93q1xsfw,7,antmaze-medium-diverse-v2,0.6551049947738647,0.02
pbrl,93q1xsfw,8,antmaze-medium-diverse-v2,0.6919049620628357,0.02
pbrl,93q1xsfw,9,antmaze-medium-diverse-v2,0.7096902132034302,0.02
pbrl,93q1xsfw,10,antmaze-medium-diverse-v2,0.7182353138923645,0.02
pbrl,93q1xsfw,11,antmaze-medium-diverse-v2,0.6891754269599915,0.02
pbrl,93q1xsfw,12,antmaze-medium-diverse-v2,0.7839518189430237,0.02
pbrl,93q1xsfw,13,antmaze-medium-diverse-v2,0.7568254470825195,0.02
pbrl,93q1xsfw,14,antmaze-medium-diverse-v2,0.7958807945251465,0.02
pbrl,93q1xsfw,15,antmaze-medium-diverse-v2,0.83185875415802,0.02
pbrl,93q1xsfw,16,antmaze-medium-diverse-v2,0.7808979749679565,0.02
pbrl,93q1xsfw,17,antmaze-medium-diverse-v2,0.736372709274292,0.02
pbrl,93q1xsfw,18,antmaze-medium-diverse-v2,0.7957448959350586,0.02
pbrl,93q1xsfw,19,antmaze-medium-diverse-v2,0.7969422936439514,0.02
pbrl,93q1xsfw,20,antmaze-medium-diverse-v2,0.8048450946807861,0.02
pbrl,93q1xsfw,21,antmaze-medium-diverse-v2,0.8182586431503296,0.02
pbrl,93q1xsfw,22,antmaze-medium-diverse-v2,0.8023714423179626,0.02
pbrl,93q1xsfw,23,antmaze-medium-diverse-v2,0.7217674255371094,0.02
pbrl,93q1xsfw,24,antmaze-medium-diverse-v2,0.8146615028381348,0.02
pbrl,93q1xsfw,25,antmaze-medium-diverse-v2,0.8369176387786865,0.02
pbrl,93q1xsfw,26,antmaze-medium-diverse-v2,0.7716342210769653,0.02
pbrl,93q1xsfw,27,antmaze-medium-diverse-v2,0.7956086993217468,0.02
pbrl,93q1xsfw,28,antmaze-medium-diverse-v2,0.8213894367218018,0.02
pbrl,93q1xsfw,29,antmaze-medium-diverse-v2,0.8240375518798828,0.02
pbrl,93q1xsfw,30,antmaze-medium-diverse-v2,0.8109367489814758,0.02
pbrl,93q1xsfw,31,antmaze-medium-diverse-v2,0.8965597152709961,0.02
pbrl,93q1xsfw,32,antmaze-medium-diverse-v2,0.8409425020217896,0.02
pbrl,93q1xsfw,33,antmaze-medium-diverse-v2,0.8207425475120544,0.02
pbrl,93q1xsfw,34,antmaze-medium-diverse-v2,0.8511420488357544,0.02
pbrl,93q1xsfw,35,antmaze-medium-diverse-v2,0.7944059371948242,0.02
pbrl,93q1xsfw,36,antmaze-medium-diverse-v2,0.8216385841369629,0.02
pbrl,93q1xsfw,37,antmaze-medium-diverse-v2,0.8001548051834106,0.02
pbrl,93q1xsfw,38,antmaze-medium-diverse-v2,0.7913196086883545,0.02
pbrl,93q1xsfw,39,antmaze-medium-diverse-v2,0.8097411394119263,0.02
pbrl,93q1xsfw,40,antmaze-medium-diverse-v2,0.8011767864227295,0.02
pbrl,93q1xsfw,41,antmaze-medium-diverse-v2,0.7592408657073975,0.02
pbrl,93q1xsfw,42,antmaze-medium-diverse-v2,0.795257568359375,0.02
pbrl,93q1xsfw,43,antmaze-medium-diverse-v2,0.8667482137680054,0.02
pbrl,93q1xsfw,44,antmaze-medium-diverse-v2,0.782787561416626,0.02
pbrl,93q1xsfw,45,antmaze-medium-diverse-v2,0.85333651304245,0.02
pbrl,93q1xsfw,46,antmaze-medium-diverse-v2,0.7716951370239258,0.02
pbrl,93q1xsfw,47,antmaze-medium-diverse-v2,0.8107322454452515,0.02
pbrl,93q1xsfw,48,antmaze-medium-diverse-v2,0.8607379198074341,0.02
pbrl,93q1xsfw,49,antmaze-medium-diverse-v2,0.786307156085968,0.02
none,drma71lp,0,antmaze-medium-diverse-v2,0.8270227909088135,5.0
none,drma71lp,1,antmaze-medium-diverse-v2,0.47186148166656494,5.0
none,drma71lp,2,antmaze-medium-diverse-v2,0.442510187625885,5.0
none,drma71lp,3,antmaze-medium-diverse-v2,0.4380784034729004,5.0
none,drma71lp,4,antmaze-medium-diverse-v2,0.4572388529777527,5.0
none,drma71lp,5,antmaze-medium-diverse-v2,0.4390334188938141,5.0
none,drma71lp,6,antmaze-medium-diverse-v2,0.4423733353614807,5.0
none,drma71lp,7,antmaze-medium-diverse-v2,0.4669983386993408,5.0
none,drma71lp,8,antmaze-medium-diverse-v2,0.467952698469162,5.0
none,drma71lp,9,antmaze-medium-diverse-v2,0.4508454203605652,5.0
none,drma71lp,10,antmaze-medium-diverse-v2,0.46505478024482727,5.0
none,drma71lp,11,antmaze-medium-diverse-v2,0.5276159048080444,5.0
none,drma71lp,12,antmaze-medium-diverse-v2,0.523419976234436,5.0
none,drma71lp,13,antmaze-medium-diverse-v2,0.5099618434906006,5.0
none,drma71lp,14,antmaze-medium-diverse-v2,0.45522943139076233,5.0
none,drma71lp,15,antmaze-medium-diverse-v2,0.4998164176940918,5.0
none,drma71lp,16,antmaze-medium-diverse-v2,0.5248018503189087,5.0
none,drma71lp,17,antmaze-medium-diverse-v2,0.5297009944915771,5.0
none,drma71lp,18,antmaze-medium-diverse-v2,0.5652823448181152,5.0
none,drma71lp,19,antmaze-medium-diverse-v2,0.6031759977340698,5.0
none,drma71lp,20,antmaze-medium-diverse-v2,0.6435829401016235,5.0
none,drma71lp,21,antmaze-medium-diverse-v2,0.6426362991333008,5.0
none,drma71lp,22,antmaze-medium-diverse-v2,0.5999982357025146,5.0
none,drma71lp,23,antmaze-medium-diverse-v2,0.540873646736145,5.0
none,drma71lp,24,antmaze-medium-diverse-v2,0.522689938545227,5.0
none,drma71lp,25,antmaze-medium-diverse-v2,0.5656030178070068,5.0
none,drma71lp,26,antmaze-medium-diverse-v2,0.5813026428222656,5.0
none,drma71lp,27,antmaze-medium-diverse-v2,0.5923184752464294,5.0
none,drma71lp,28,antmaze-medium-diverse-v2,0.5573067665100098,5.0
none,drma71lp,29,antmaze-medium-diverse-v2,0.5210790634155273,5.0
none,drma71lp,30,antmaze-medium-diverse-v2,0.543560802936554,5.0
none,drma71lp,31,antmaze-medium-diverse-v2,0.5127120018005371,5.0
none,drma71lp,32,antmaze-medium-diverse-v2,0.5391179323196411,5.0
none,drma71lp,33,antmaze-medium-diverse-v2,0.5870524644851685,5.0
none,drma71lp,34,antmaze-medium-diverse-v2,0.6053457856178284,5.0
none,drma71lp,35,antmaze-medium-diverse-v2,0.5237439870834351,5.0
none,drma71lp,36,antmaze-medium-diverse-v2,0.5495126247406006,5.0
none,drma71lp,37,antmaze-medium-diverse-v2,0.5543475151062012,5.0
none,drma71lp,38,antmaze-medium-diverse-v2,0.5346078276634216,5.0
none,drma71lp,39,antmaze-medium-diverse-v2,0.48935621976852417,5.0
none,drma71lp,40,antmaze-medium-diverse-v2,0.5494039058685303,5.0
none,drma71lp,41,antmaze-medium-diverse-v2,0.5252653360366821,5.0
none,drma71lp,42,antmaze-medium-diverse-v2,0.5686569213867188,5.0
none,drma71lp,43,antmaze-medium-diverse-v2,0.5401842594146729,5.0
none,drma71lp,44,antmaze-medium-diverse-v2,0.540244460105896,5.0
none,drma71lp,45,antmaze-medium-diverse-v2,0.5179587006568909,5.0
none,drma71lp,46,antmaze-medium-diverse-v2,0.5291543006896973,5.0
none,drma71lp,47,antmaze-medium-diverse-v2,0.5318439602851868,5.0
none,drma71lp,48,antmaze-medium-diverse-v2,0.5797032117843628,5.0
none,drma71lp,49,antmaze-medium-diverse-v2,0.5541027784347534,5.0
pbrl,rtdlgu7q,0,antmaze-medium-play-v2,0.9834844470024109,0.02
pbrl,rtdlgu7q,1,antmaze-medium-play-v2,0.9880852699279785,0.02
pbrl,rtdlgu7q,2,antmaze-medium-play-v2,0.9222820997238159,0.02
pbrl,rtdlgu7q,3,antmaze-medium-play-v2,0.8346623182296753,0.02
pbrl,rtdlgu7q,4,antmaze-medium-play-v2,0.8328495025634766,0.02
pbrl,rtdlgu7q,5,antmaze-medium-play-v2,0.8192248344421387,0.02
pbrl,rtdlgu7q,6,antmaze-medium-play-v2,0.7201461791992188,0.02
pbrl,rtdlgu7q,7,antmaze-medium-play-v2,0.6798998713493347,0.02
pbrl,rtdlgu7q,8,antmaze-medium-play-v2,0.6918667554855347,0.02
pbrl,rtdlgu7q,9,antmaze-medium-play-v2,0.7104911804199219,0.02
pbrl,rtdlgu7q,10,antmaze-medium-play-v2,0.7074531316757202,0.02
pbrl,rtdlgu7q,11,antmaze-medium-play-v2,0.7604242563247681,0.02
pbrl,rtdlgu7q,12,antmaze-medium-play-v2,0.7508320808410645,0.02
pbrl,rtdlgu7q,13,antmaze-medium-play-v2,0.8824682235717773,0.02
pbrl,rtdlgu7q,14,antmaze-medium-play-v2,0.8270363807678223,0.02
pbrl,rtdlgu7q,15,antmaze-medium-play-v2,0.7780110836029053,0.02
pbrl,rtdlgu7q,16,antmaze-medium-play-v2,0.7793451547622681,0.02
pbrl,rtdlgu7q,17,antmaze-medium-play-v2,0.8087705969810486,0.02
pbrl,rtdlgu7q,18,antmaze-medium-play-v2,0.8450183868408203,0.02
pbrl,rtdlgu7q,19,antmaze-medium-play-v2,0.8234388828277588,0.02
pbrl,rtdlgu7q,20,antmaze-medium-play-v2,0.7313933372497559,0.02
pbrl,rtdlgu7q,21,antmaze-medium-play-v2,0.839594841003418,0.02
pbrl,rtdlgu7q,22,antmaze-medium-play-v2,0.798123300075531,0.02
pbrl,rtdlgu7q,23,antmaze-medium-play-v2,0.7973296046257019,0.02
pbrl,rtdlgu7q,24,antmaze-medium-play-v2,0.7811307311058044,0.02
pbrl,rtdlgu7q,25,antmaze-medium-play-v2,0.7926758527755737,0.02
pbrl,rtdlgu7q,26,antmaze-medium-play-v2,0.8572679758071899,0.02
pbrl,rtdlgu7q,27,antmaze-medium-play-v2,0.7639973759651184,0.02
pbrl,rtdlgu7q,28,antmaze-medium-play-v2,0.8140035271644592,0.02
pbrl,rtdlgu7q,29,antmaze-medium-play-v2,0.8266737461090088,0.02
pbrl,rtdlgu7q,30,antmaze-medium-play-v2,0.8078708648681641,0.02
pbrl,rtdlgu7q,31,antmaze-medium-play-v2,0.7706804275512695,0.02
pbrl,rtdlgu7q,32,antmaze-medium-play-v2,0.8251931667327881,0.02
pbrl,rtdlgu7q,33,antmaze-medium-play-v2,0.8021830320358276,0.02
pbrl,rtdlgu7q,34,antmaze-medium-play-v2,0.799903154373169,0.02
pbrl,rtdlgu7q,35,antmaze-medium-play-v2,0.8165091872215271,0.02
pbrl,rtdlgu7q,36,antmaze-medium-play-v2,0.8044416904449463,0.02
pbrl,rtdlgu7q,37,antmaze-medium-play-v2,0.7733445167541504,0.02
pbrl,rtdlgu7q,38,antmaze-medium-play-v2,0.7525070905685425,0.02
pbrl,rtdlgu7q,39,antmaze-medium-play-v2,0.8089535236358643,0.02
pbrl,rtdlgu7q,40,antmaze-medium-play-v2,0.8077659010887146,0.02
pbrl,rtdlgu7q,41,antmaze-medium-play-v2,0.7866853475570679,0.02
pbrl,rtdlgu7q,42,antmaze-medium-play-v2,0.8117735385894775,0.02
pbrl,rtdlgu7q,43,antmaze-medium-play-v2,0.7689523100852966,0.02
pbrl,rtdlgu7q,44,antmaze-medium-play-v2,0.8344112634658813,0.02
pbrl,rtdlgu7q,45,antmaze-medium-play-v2,0.8160107731819153,0.02
pbrl,rtdlgu7q,46,antmaze-medium-play-v2,0.8596377372741699,0.02
pbrl,rtdlgu7q,47,antmaze-medium-play-v2,0.7850584983825684,0.02
pbrl,rtdlgu7q,48,antmaze-medium-play-v2,0.8010843396186829,0.02
pbrl,rtdlgu7q,49,antmaze-medium-play-v2,0.805179238319397,0.02
none,mrodd3n7,0,antmaze-medium-diverse-v2,0.8208354115486145,5.0
none,mrodd3n7,1,antmaze-medium-diverse-v2,0.5301807522773743,5.0
none,mrodd3n7,2,antmaze-medium-diverse-v2,0.4392387866973877,5.0
none,mrodd3n7,3,antmaze-medium-diverse-v2,0.45592164993286133,5.0
none,mrodd3n7,4,antmaze-medium-diverse-v2,0.490620881319046,5.0
none,mrodd3n7,5,antmaze-medium-diverse-v2,0.47077706456184387,5.0
none,mrodd3n7,6,antmaze-medium-diverse-v2,0.4780783951282501,5.0
none,mrodd3n7,7,antmaze-medium-diverse-v2,0.45030349493026733,5.0
none,mrodd3n7,8,antmaze-medium-diverse-v2,0.4294138550758362,5.0
none,mrodd3n7,9,antmaze-medium-diverse-v2,0.4360498785972595,5.0
none,mrodd3n7,10,antmaze-medium-diverse-v2,0.4802801012992859,5.0
none,mrodd3n7,11,antmaze-medium-diverse-v2,0.49059414863586426,5.0
none,mrodd3n7,12,antmaze-medium-diverse-v2,0.5414693355560303,5.0
none,mrodd3n7,13,antmaze-medium-diverse-v2,0.5455678701400757,5.0
none,mrodd3n7,14,antmaze-medium-diverse-v2,0.5054789781570435,5.0
none,mrodd3n7,15,antmaze-medium-diverse-v2,0.5246173739433289,5.0
none,mrodd3n7,16,antmaze-medium-diverse-v2,0.5081799030303955,5.0
none,mrodd3n7,17,antmaze-medium-diverse-v2,0.5366510152816772,5.0
none,mrodd3n7,18,antmaze-medium-diverse-v2,0.5540713667869568,5.0
none,mrodd3n7,19,antmaze-medium-diverse-v2,0.6133920550346375,5.0
none,mrodd3n7,20,antmaze-medium-diverse-v2,0.6179466843605042,5.0
none,mrodd3n7,21,antmaze-medium-diverse-v2,0.6059431433677673,5.0
none,mrodd3n7,22,antmaze-medium-diverse-v2,0.5576227307319641,5.0
none,mrodd3n7,23,antmaze-medium-diverse-v2,0.5347395539283752,5.0
none,mrodd3n7,24,antmaze-medium-diverse-v2,0.5630111694335938,5.0
none,mrodd3n7,25,antmaze-medium-diverse-v2,0.5281804800033569,5.0
none,mrodd3n7,26,antmaze-medium-diverse-v2,0.557536244392395,5.0
none,mrodd3n7,27,antmaze-medium-diverse-v2,0.5408313870429993,5.0
none,mrodd3n7,28,antmaze-medium-diverse-v2,0.5614633560180664,5.0
none,mrodd3n7,29,antmaze-medium-diverse-v2,0.5828913450241089,5.0
none,mrodd3n7,30,antmaze-medium-diverse-v2,0.5200926065444946,5.0
none,mrodd3n7,31,antmaze-medium-diverse-v2,0.5567681193351746,5.0
none,mrodd3n7,32,antmaze-medium-diverse-v2,0.5325949788093567,5.0
none,mrodd3n7,33,antmaze-medium-diverse-v2,0.5611258745193481,5.0
none,mrodd3n7,34,antmaze-medium-diverse-v2,0.5210105180740356,5.0
none,mrodd3n7,35,antmaze-medium-diverse-v2,0.5356292128562927,5.0
none,mrodd3n7,36,antmaze-medium-diverse-v2,0.5502886772155762,5.0
none,mrodd3n7,37,antmaze-medium-diverse-v2,0.5372223854064941,5.0
none,mrodd3n7,38,antmaze-medium-diverse-v2,0.5319132804870605,5.0
none,mrodd3n7,39,antmaze-medium-diverse-v2,0.5815094113349915,5.0
none,mrodd3n7,40,antmaze-medium-diverse-v2,0.5511226058006287,5.0
none,mrodd3n7,41,antmaze-medium-diverse-v2,0.4967779815196991,5.0
none,mrodd3n7,42,antmaze-medium-diverse-v2,0.546015739440918,5.0
none,mrodd3n7,43,antmaze-medium-diverse-v2,0.5220673084259033,5.0
none,mrodd3n7,44,antmaze-medium-diverse-v2,0.5497559309005737,5.0
none,mrodd3n7,45,antmaze-medium-diverse-v2,0.5618674159049988,5.0
none,mrodd3n7,46,antmaze-medium-diverse-v2,0.4956916570663452,5.0
none,mrodd3n7,47,antmaze-medium-diverse-v2,0.5638519525527954,5.0
none,mrodd3n7,48,antmaze-medium-diverse-v2,0.5567423105239868,5.0
none,mrodd3n7,49,antmaze-medium-diverse-v2,0.49327927827835083,5.0
pbrl,ihby2hvz,0,antmaze-medium-play-v2,0.9622830748558044,0.02
pbrl,ihby2hvz,1,antmaze-medium-play-v2,1.0159640312194824,0.02
pbrl,ihby2hvz,2,antmaze-medium-play-v2,0.9424891471862793,0.02
pbrl,ihby2hvz,3,antmaze-medium-play-v2,0.9092035293579102,0.02
pbrl,ihby2hvz,4,antmaze-medium-play-v2,0.8446121215820312,0.02
pbrl,ihby2hvz,5,antmaze-medium-play-v2,0.8085611462593079,0.02
pbrl,ihby2hvz,6,antmaze-medium-play-v2,0.7258008122444153,0.02
pbrl,ihby2hvz,7,antmaze-medium-play-v2,0.6262158155441284,0.02
pbrl,ihby2hvz,8,antmaze-medium-play-v2,0.7017749547958374,0.02
pbrl,ihby2hvz,9,antmaze-medium-play-v2,0.7117493748664856,0.02
pbrl,ihby2hvz,10,antmaze-medium-play-v2,0.6948916912078857,0.02
pbrl,ihby2hvz,11,antmaze-medium-play-v2,0.7691170573234558,0.02
pbrl,ihby2hvz,12,antmaze-medium-play-v2,0.8075137138366699,0.02
pbrl,ihby2hvz,13,antmaze-medium-play-v2,0.8128658533096313,0.02
pbrl,ihby2hvz,14,antmaze-medium-play-v2,0.8214032053947449,0.02
pbrl,ihby2hvz,15,antmaze-medium-play-v2,0.8631411790847778,0.02
pbrl,ihby2hvz,16,antmaze-medium-play-v2,0.8609582185745239,0.02
pbrl,ihby2hvz,17,antmaze-medium-play-v2,0.8370734453201294,0.02
pbrl,ihby2hvz,18,antmaze-medium-play-v2,0.8238452672958374,0.02
pbrl,ihby2hvz,19,antmaze-medium-play-v2,0.7758255004882812,0.02
pbrl,ihby2hvz,20,antmaze-medium-play-v2,0.8235324621200562,0.02
pbrl,ihby2hvz,21,antmaze-medium-play-v2,0.8373886346817017,0.02
pbrl,ihby2hvz,22,antmaze-medium-play-v2,0.8384685516357422,0.02
pbrl,ihby2hvz,23,antmaze-medium-play-v2,0.7862058877944946,0.02
pbrl,ihby2hvz,24,antmaze-medium-play-v2,0.8747353553771973,0.02
pbrl,ihby2hvz,25,antmaze-medium-play-v2,0.8283764123916626,0.02
pbrl,ihby2hvz,26,antmaze-medium-play-v2,0.8660981059074402,0.02
pbrl,ihby2hvz,27,antmaze-medium-play-v2,0.7957037687301636,0.02
pbrl,ihby2hvz,28,antmaze-medium-play-v2,0.7796273827552795,0.02
pbrl,ihby2hvz,29,antmaze-medium-play-v2,0.783815860748291,0.02
pbrl,ihby2hvz,30,antmaze-medium-play-v2,0.8578908443450928,0.02
pbrl,ihby2hvz,31,antmaze-medium-play-v2,0.7568963766098022,0.02
pbrl,ihby2hvz,32,antmaze-medium-play-v2,0.8127307891845703,0.02
pbrl,ihby2hvz,33,antmaze-medium-play-v2,0.8525351285934448,0.02
pbrl,ihby2hvz,34,antmaze-medium-play-v2,0.7840246558189392,0.02
pbrl,ihby2hvz,35,antmaze-medium-play-v2,0.7939441800117493,0.02
pbrl,ihby2hvz,36,antmaze-medium-play-v2,0.7921105623245239,0.02
pbrl,ihby2hvz,37,antmaze-medium-play-v2,0.7401100397109985,0.02
pbrl,ihby2hvz,38,antmaze-medium-play-v2,0.7656559348106384,0.02
pbrl,ihby2hvz,39,antmaze-medium-play-v2,0.8161830306053162,0.02
pbrl,ihby2hvz,40,antmaze-medium-play-v2,0.7691695094108582,0.02
pbrl,ihby2hvz,41,antmaze-medium-play-v2,0.8080072402954102,0.02
pbrl,ihby2hvz,42,antmaze-medium-play-v2,0.7969315052032471,0.02
pbrl,ihby2hvz,43,antmaze-medium-play-v2,0.7308403253555298,0.02
pbrl,ihby2hvz,44,antmaze-medium-play-v2,0.7680689096450806,0.02
pbrl,ihby2hvz,45,antmaze-medium-play-v2,0.7649754285812378,0.02
pbrl,ihby2hvz,46,antmaze-medium-play-v2,0.8482507467269897,0.02
pbrl,ihby2hvz,47,antmaze-medium-play-v2,0.7377684712409973,0.02
pbrl,ihby2hvz,48,antmaze-medium-play-v2,0.7486573457717896,0.02
pbrl,ihby2hvz,49,antmaze-medium-play-v2,0.8021770715713501,0.02
none,fqyezmmb,0,antmaze-medium-diverse-v2,0.832510232925415,5.0
none,fqyezmmb,1,antmaze-medium-diverse-v2,0.5138372182846069,5.0
none,fqyezmmb,2,antmaze-medium-diverse-v2,0.46186506748199463,5.0
none,fqyezmmb,3,antmaze-medium-diverse-v2,0.44477951526641846,5.0
none,fqyezmmb,4,antmaze-medium-diverse-v2,0.5030940771102905,5.0
none,fqyezmmb,5,antmaze-medium-diverse-v2,0.4964319169521332,5.0
none,fqyezmmb,6,antmaze-medium-diverse-v2,0.5197069644927979,5.0
none,fqyezmmb,7,antmaze-medium-diverse-v2,0.5050734281539917,5.0
none,fqyezmmb,8,antmaze-medium-diverse-v2,0.49110525846481323,5.0
none,fqyezmmb,9,antmaze-medium-diverse-v2,0.5012214779853821,5.0
none,fqyezmmb,10,antmaze-medium-diverse-v2,0.5006940364837646,5.0
none,fqyezmmb,11,antmaze-medium-diverse-v2,0.5081666111946106,5.0
none,fqyezmmb,12,antmaze-medium-diverse-v2,0.4903002977371216,5.0
none,fqyezmmb,13,antmaze-medium-diverse-v2,0.49448317289352417,5.0
none,fqyezmmb,14,antmaze-medium-diverse-v2,0.47571834921836853,5.0
none,fqyezmmb,15,antmaze-medium-diverse-v2,0.5427541136741638,5.0
none,fqyezmmb,16,antmaze-medium-diverse-v2,0.4997153580188751,5.0
none,fqyezmmb,17,antmaze-medium-diverse-v2,0.5775362253189087,5.0
none,fqyezmmb,18,antmaze-medium-diverse-v2,0.5948513746261597,5.0
none,fqyezmmb,19,antmaze-medium-diverse-v2,0.5619053244590759,5.0
none,fqyezmmb,20,antmaze-medium-diverse-v2,0.558317244052887,5.0
none,fqyezmmb,21,antmaze-medium-diverse-v2,0.577133297920227,5.0
none,fqyezmmb,22,antmaze-medium-diverse-v2,0.6031033396720886,5.0
none,fqyezmmb,23,antmaze-medium-diverse-v2,0.593782901763916,5.0
none,fqyezmmb,24,antmaze-medium-diverse-v2,0.600143551826477,5.0
none,fqyezmmb,25,antmaze-medium-diverse-v2,0.5760436058044434,5.0
none,fqyezmmb,26,antmaze-medium-diverse-v2,0.5410444736480713,5.0
none,fqyezmmb,27,antmaze-medium-diverse-v2,0.5781536102294922,5.0
none,fqyezmmb,28,antmaze-medium-diverse-v2,0.6128279566764832,5.0
none,fqyezmmb,29,antmaze-medium-diverse-v2,0.5751397013664246,5.0
none,fqyezmmb,30,antmaze-medium-diverse-v2,0.541615903377533,5.0
none,fqyezmmb,31,antmaze-medium-diverse-v2,0.5554143786430359,5.0
none,fqyezmmb,32,antmaze-medium-diverse-v2,0.5250898599624634,5.0
none,fqyezmmb,33,antmaze-medium-diverse-v2,0.5015629529953003,5.0
none,fqyezmmb,34,antmaze-medium-diverse-v2,0.49882930517196655,5.0
none,fqyezmmb,35,antmaze-medium-diverse-v2,0.5686729550361633,5.0
none,fqyezmmb,36,antmaze-medium-diverse-v2,0.6052906513214111,5.0
none,fqyezmmb,37,antmaze-medium-diverse-v2,0.6250712275505066,5.0
none,fqyezmmb,38,antmaze-medium-diverse-v2,0.566643238067627,5.0
none,fqyezmmb,39,antmaze-medium-diverse-v2,0.5280999541282654,5.0
none,fqyezmmb,40,antmaze-medium-diverse-v2,0.5640766024589539,5.0
none,fqyezmmb,41,antmaze-medium-diverse-v2,0.5058196783065796,5.0
none,fqyezmmb,42,antmaze-medium-diverse-v2,0.506319522857666,5.0
none,fqyezmmb,43,antmaze-medium-diverse-v2,0.5613049864768982,5.0
none,fqyezmmb,44,antmaze-medium-diverse-v2,0.5420067310333252,5.0
none,fqyezmmb,45,antmaze-medium-diverse-v2,0.5765408873558044,5.0
none,fqyezmmb,46,antmaze-medium-diverse-v2,0.5139411091804504,5.0
none,fqyezmmb,47,antmaze-medium-diverse-v2,0.5609301328659058,5.0
none,fqyezmmb,48,antmaze-medium-diverse-v2,0.5879034996032715,5.0
none,fqyezmmb,49,antmaze-medium-diverse-v2,0.5266776084899902,5.0
pbrl,lr7o9l42,0,antmaze-medium-play-v2,0.9534552097320557,0.02
pbrl,lr7o9l42,1,antmaze-medium-play-v2,0.8634960651397705,0.02
pbrl,lr7o9l42,2,antmaze-medium-play-v2,0.8680984973907471,0.02
pbrl,lr7o9l42,3,antmaze-medium-play-v2,0.9184345602989197,0.02
pbrl,lr7o9l42,4,antmaze-medium-play-v2,0.8620172739028931,0.02
pbrl,lr7o9l42,5,antmaze-medium-play-v2,0.7606145143508911,0.02
pbrl,lr7o9l42,6,antmaze-medium-play-v2,0.7774938941001892,0.02
pbrl,lr7o9l42,7,antmaze-medium-play-v2,0.760893702507019,0.02
pbrl,lr7o9l42,8,antmaze-medium-play-v2,0.7509483098983765,0.02
pbrl,lr7o9l42,9,antmaze-medium-play-v2,0.815214991569519,0.02
pbrl,lr7o9l42,10,antmaze-medium-play-v2,0.8024141788482666,0.02
pbrl,lr7o9l42,11,antmaze-medium-play-v2,0.7938117980957031,0.02
pbrl,lr7o9l42,12,antmaze-medium-play-v2,0.7733542323112488,0.02
pbrl,lr7o9l42,13,antmaze-medium-play-v2,0.8163565397262573,0.02
pbrl,lr7o9l42,14,antmaze-medium-play-v2,0.8154188394546509,0.02
pbrl,lr7o9l42,15,antmaze-medium-play-v2,0.7709617018699646,0.02
pbrl,lr7o9l42,16,antmaze-medium-play-v2,0.9214134216308594,0.02
pbrl,lr7o9l42,17,antmaze-medium-play-v2,0.8433635830879211,0.02
pbrl,lr7o9l42,18,antmaze-medium-play-v2,0.8265796303749084,0.02
pbrl,lr7o9l42,19,antmaze-medium-play-v2,0.8288924694061279,0.02
pbrl,lr7o9l42,20,antmaze-medium-play-v2,0.7747831344604492,0.02
pbrl,lr7o9l42,21,antmaze-medium-play-v2,0.8214311599731445,0.02
pbrl,lr7o9l42,22,antmaze-medium-play-v2,0.794623613357544,0.02
pbrl,lr7o9l42,23,antmaze-medium-play-v2,0.7844040393829346,0.02
pbrl,lr7o9l42,24,antmaze-medium-play-v2,0.800444483757019,0.02
pbrl,lr7o9l42,25,antmaze-medium-play-v2,0.7870169281959534,0.02
pbrl,lr7o9l42,26,antmaze-medium-play-v2,0.7692360877990723,0.02
pbrl,lr7o9l42,27,antmaze-medium-play-v2,0.8276660442352295,0.02
pbrl,lr7o9l42,28,antmaze-medium-play-v2,0.8516227602958679,0.02
pbrl,lr7o9l42,29,antmaze-medium-play-v2,0.7897466421127319,0.02
pbrl,lr7o9l42,30,antmaze-medium-play-v2,0.7718835473060608,0.02
pbrl,lr7o9l42,31,antmaze-medium-play-v2,0.7940373420715332,0.02
pbrl,lr7o9l42,32,antmaze-medium-play-v2,0.7446526288986206,0.02
pbrl,lr7o9l42,33,antmaze-medium-play-v2,0.7642773985862732,0.02
pbrl,lr7o9l42,34,antmaze-medium-play-v2,0.8537818193435669,0.02
pbrl,lr7o9l42,35,antmaze-medium-play-v2,0.8072121143341064,0.02
pbrl,lr7o9l42,36,antmaze-medium-play-v2,0.7638915777206421,0.02
pbrl,lr7o9l42,37,antmaze-medium-play-v2,0.8332710266113281,0.02
pbrl,lr7o9l42,38,antmaze-medium-play-v2,0.7344959378242493,0.02
pbrl,lr7o9l42,39,antmaze-medium-play-v2,0.8664383888244629,0.02
pbrl,lr7o9l42,40,antmaze-medium-play-v2,0.7621599435806274,0.02
pbrl,lr7o9l42,41,antmaze-medium-play-v2,0.8000069260597229,0.02
pbrl,lr7o9l42,42,antmaze-medium-play-v2,0.8519258499145508,0.02
pbrl,lr7o9l42,43,antmaze-medium-play-v2,0.7666530609130859,0.02
pbrl,lr7o9l42,44,antmaze-medium-play-v2,0.8099806308746338,0.02
pbrl,lr7o9l42,45,antmaze-medium-play-v2,0.7811877131462097,0.02
pbrl,lr7o9l42,46,antmaze-medium-play-v2,0.8007428050041199,0.02
pbrl,lr7o9l42,47,antmaze-medium-play-v2,0.8110561966896057,0.02
pbrl,lr7o9l42,48,antmaze-medium-play-v2,0.7652857899665833,0.02
pbrl,lr7o9l42,49,antmaze-medium-play-v2,0.7850866317749023,0.02
none,l7av96in,0,antmaze-medium-diverse-v2,0.7833032608032227,5.0
none,l7av96in,1,antmaze-medium-diverse-v2,0.49360185861587524,5.0
none,l7av96in,2,antmaze-medium-diverse-v2,0.45665037631988525,5.0
none,l7av96in,3,antmaze-medium-diverse-v2,0.4807942509651184,5.0
none,l7av96in,4,antmaze-medium-diverse-v2,0.41047990322113037,5.0
none,l7av96in,5,antmaze-medium-diverse-v2,0.4558047950267792,5.0
none,l7av96in,6,antmaze-medium-diverse-v2,0.4456302225589752,5.0
none,l7av96in,7,antmaze-medium-diverse-v2,0.43346184492111206,5.0
none,l7av96in,8,antmaze-medium-diverse-v2,0.45808470249176025,5.0
none,l7av96in,9,antmaze-medium-diverse-v2,0.45817726850509644,5.0
none,l7av96in,10,antmaze-medium-diverse-v2,0.4850952625274658,5.0
none,l7av96in,11,antmaze-medium-diverse-v2,0.47768914699554443,5.0
none,l7av96in,12,antmaze-medium-diverse-v2,0.4876646399497986,5.0
none,l7av96in,13,antmaze-medium-diverse-v2,0.5236573219299316,5.0
none,l7av96in,14,antmaze-medium-diverse-v2,0.4744641184806824,5.0
none,l7av96in,15,antmaze-medium-diverse-v2,0.45199695229530334,5.0
none,l7av96in,16,antmaze-medium-diverse-v2,0.5146092772483826,5.0
none,l7av96in,17,antmaze-medium-diverse-v2,0.5085378289222717,5.0
none,l7av96in,18,antmaze-medium-diverse-v2,0.5805009603500366,5.0
none,l7av96in,19,antmaze-medium-diverse-v2,0.5280554294586182,5.0
none,l7av96in,20,antmaze-medium-diverse-v2,0.5731546878814697,5.0
none,l7av96in,21,antmaze-medium-diverse-v2,0.5764057040214539,5.0
none,l7av96in,22,antmaze-medium-diverse-v2,0.6043543815612793,5.0
none,l7av96in,23,antmaze-medium-diverse-v2,0.5206698775291443,5.0
none,l7av96in,24,antmaze-medium-diverse-v2,0.6085026264190674,5.0
none,l7av96in,25,antmaze-medium-diverse-v2,0.5472540855407715,5.0
none,l7av96in,26,antmaze-medium-diverse-v2,0.5250400304794312,5.0
none,l7av96in,27,antmaze-medium-diverse-v2,0.5709123611450195,5.0
none,l7av96in,28,antmaze-medium-diverse-v2,0.5725661516189575,5.0
none,l7av96in,29,antmaze-medium-diverse-v2,0.5853815078735352,5.0
none,l7av96in,30,antmaze-medium-diverse-v2,0.531521201133728,5.0
none,l7av96in,31,antmaze-medium-diverse-v2,0.5539119243621826,5.0
none,l7av96in,32,antmaze-medium-diverse-v2,0.5829613208770752,5.0
none,l7av96in,33,antmaze-medium-diverse-v2,0.5573938488960266,5.0
none,l7av96in,34,antmaze-medium-diverse-v2,0.5627533197402954,5.0
none,l7av96in,35,antmaze-medium-diverse-v2,0.537176251411438,5.0
none,l7av96in,36,antmaze-medium-diverse-v2,0.5153418779373169,5.0
none,l7av96in,37,antmaze-medium-diverse-v2,0.4976409375667572,5.0
none,l7av96in,38,antmaze-medium-diverse-v2,0.5411937236785889,5.0
none,l7av96in,39,antmaze-medium-diverse-v2,0.5394480228424072,5.0
none,l7av96in,40,antmaze-medium-diverse-v2,0.5498414039611816,5.0
none,l7av96in,41,antmaze-medium-diverse-v2,0.5302415490150452,5.0
none,l7av96in,42,antmaze-medium-diverse-v2,0.5264562368392944,5.0
none,l7av96in,43,antmaze-medium-diverse-v2,0.506621241569519,5.0
none,l7av96in,44,antmaze-medium-diverse-v2,0.49295902252197266,5.0
none,l7av96in,45,antmaze-medium-diverse-v2,0.5699142217636108,5.0
none,l7av96in,46,antmaze-medium-diverse-v2,0.56060791015625,5.0
none,l7av96in,47,antmaze-medium-diverse-v2,0.5281273126602173,5.0
none,l7av96in,48,antmaze-medium-diverse-v2,0.5973861813545227,5.0
none,l7av96in,49,antmaze-medium-diverse-v2,0.5552414655685425,5.0
pbrl,gibc1col,0,antmaze-medium-play-v2,0.9918361306190491,0.02
pbrl,gibc1col,1,antmaze-medium-play-v2,0.9619767665863037,0.02
pbrl,gibc1col,2,antmaze-medium-play-v2,1.0087008476257324,0.02
pbrl,gibc1col,3,antmaze-medium-play-v2,0.9054142832756042,0.02
pbrl,gibc1col,4,antmaze-medium-play-v2,0.8041371703147888,0.02
pbrl,gibc1col,5,antmaze-medium-play-v2,0.8194704055786133,0.02
pbrl,gibc1col,6,antmaze-medium-play-v2,0.7177779674530029,0.02
pbrl,gibc1col,7,antmaze-medium-play-v2,0.6390117406845093,0.02
pbrl,gibc1col,8,antmaze-medium-play-v2,0.7285861968994141,0.02
pbrl,gibc1col,9,antmaze-medium-play-v2,0.7556171417236328,0.02
pbrl,gibc1col,10,antmaze-medium-play-v2,0.7491908073425293,0.02
pbrl,gibc1col,11,antmaze-medium-play-v2,0.7472935914993286,0.02
pbrl,gibc1col,12,antmaze-medium-play-v2,0.718544602394104,0.02
pbrl,gibc1col,13,antmaze-medium-play-v2,0.8219252228736877,0.02
pbrl,gibc1col,14,antmaze-medium-play-v2,0.8037775754928589,0.02
pbrl,gibc1col,15,antmaze-medium-play-v2,0.8424218893051147,0.02
pbrl,gibc1col,16,antmaze-medium-play-v2,0.8084162473678589,0.02
pbrl,gibc1col,17,antmaze-medium-play-v2,0.789797306060791,0.02
pbrl,gibc1col,18,antmaze-medium-play-v2,0.833217442035675,0.02
pbrl,gibc1col,19,antmaze-medium-play-v2,0.8652067184448242,0.02
pbrl,gibc1col,20,antmaze-medium-play-v2,0.7628902196884155,0.02
pbrl,gibc1col,21,antmaze-medium-play-v2,0.7709496021270752,0.02
pbrl,gibc1col,22,antmaze-medium-play-v2,0.8002810478210449,0.02
pbrl,gibc1col,23,antmaze-medium-play-v2,0.7469891309738159,0.02
pbrl,gibc1col,24,antmaze-medium-play-v2,0.8018152117729187,0.02
pbrl,gibc1col,25,antmaze-medium-play-v2,0.8253741264343262,0.02
pbrl,gibc1col,26,antmaze-medium-play-v2,0.7519217133522034,0.02
pbrl,gibc1col,27,antmaze-medium-play-v2,0.7628015875816345,0.02
pbrl,gibc1col,28,antmaze-medium-play-v2,0.7904341220855713,0.02
pbrl,gibc1col,29,antmaze-medium-play-v2,0.8349319100379944,0.02
pbrl,gibc1col,30,antmaze-medium-play-v2,0.7717862129211426,0.02
pbrl,gibc1col,31,antmaze-medium-play-v2,0.7512494325637817,0.02
pbrl,gibc1col,32,antmaze-medium-play-v2,0.8341752290725708,0.02
pbrl,gibc1col,33,antmaze-medium-play-v2,0.8046795129776001,0.02
pbrl,gibc1col,34,antmaze-medium-play-v2,0.7988936901092529,0.02
pbrl,gibc1col,35,antmaze-medium-play-v2,0.7965221405029297,0.02
pbrl,gibc1col,36,antmaze-medium-play-v2,0.7848140597343445,0.02
pbrl,gibc1col,37,antmaze-medium-play-v2,0.841718316078186,0.02
pbrl,gibc1col,38,antmaze-medium-play-v2,0.7772550582885742,0.02
pbrl,gibc1col,39,antmaze-medium-play-v2,0.7636306881904602,0.02
pbrl,gibc1col,40,antmaze-medium-play-v2,0.8218405246734619,0.02
pbrl,gibc1col,41,antmaze-medium-play-v2,0.8070446252822876,0.02
pbrl,gibc1col,42,antmaze-medium-play-v2,0.7292530536651611,0.02
pbrl,gibc1col,43,antmaze-medium-play-v2,0.814785897731781,0.02
pbrl,gibc1col,44,antmaze-medium-play-v2,0.7997735142707825,0.02
pbrl,gibc1col,45,antmaze-medium-play-v2,0.7858970165252686,0.02
pbrl,gibc1col,46,antmaze-medium-play-v2,0.739838719367981,0.02
pbrl,gibc1col,47,antmaze-medium-play-v2,0.8053188323974609,0.02
pbrl,gibc1col,48,antmaze-medium-play-v2,0.7916083335876465,0.02
pbrl,gibc1col,49,antmaze-medium-play-v2,0.8130388259887695,0.02
none,l53or5ul,0,antmaze-medium-diverse-v2,0.7762572765350342,5.0
none,l53or5ul,1,antmaze-medium-diverse-v2,0.5010281801223755,5.0
none,l53or5ul,2,antmaze-medium-diverse-v2,0.4558458924293518,5.0
none,l53or5ul,3,antmaze-medium-diverse-v2,0.509283721446991,5.0
none,l53or5ul,4,antmaze-medium-diverse-v2,0.49109748005867004,5.0
none,l53or5ul,5,antmaze-medium-diverse-v2,0.5050191283226013,5.0
none,l53or5ul,6,antmaze-medium-diverse-v2,0.5171247720718384,5.0
none,l53or5ul,7,antmaze-medium-diverse-v2,0.514693558216095,5.0
none,l53or5ul,8,antmaze-medium-diverse-v2,0.4955049753189087,5.0
none,l53or5ul,9,antmaze-medium-diverse-v2,0.473737895488739,5.0
none,l53or5ul,10,antmaze-medium-diverse-v2,0.4455198049545288,5.0
none,l53or5ul,11,antmaze-medium-diverse-v2,0.48355722427368164,5.0
none,l53or5ul,12,antmaze-medium-diverse-v2,0.5437556505203247,5.0
none,l53or5ul,13,antmaze-medium-diverse-v2,0.5358067750930786,5.0
none,l53or5ul,14,antmaze-medium-diverse-v2,0.5006661415100098,5.0
none,l53or5ul,15,antmaze-medium-diverse-v2,0.4812890589237213,5.0
none,l53or5ul,16,antmaze-medium-diverse-v2,0.5298822522163391,5.0
none,l53or5ul,17,antmaze-medium-diverse-v2,0.5426881313323975,5.0
none,l53or5ul,18,antmaze-medium-diverse-v2,0.5158231258392334,5.0
none,l53or5ul,19,antmaze-medium-diverse-v2,0.511523962020874,5.0
none,l53or5ul,20,antmaze-medium-diverse-v2,0.6525541543960571,5.0
none,l53or5ul,21,antmaze-medium-diverse-v2,0.5826882123947144,5.0
none,l53or5ul,22,antmaze-medium-diverse-v2,0.5265946388244629,5.0
none,l53or5ul,23,antmaze-medium-diverse-v2,0.56105637550354,5.0
none,l53or5ul,24,antmaze-medium-diverse-v2,0.5779910087585449,5.0
none,l53or5ul,25,antmaze-medium-diverse-v2,0.5981197357177734,5.0
none,l53or5ul,26,antmaze-medium-diverse-v2,0.5288850665092468,5.0
none,l53or5ul,27,antmaze-medium-diverse-v2,0.5471988916397095,5.0
none,l53or5ul,28,antmaze-medium-diverse-v2,0.549309492111206,5.0
none,l53or5ul,29,antmaze-medium-diverse-v2,0.5445433855056763,5.0
none,l53or5ul,30,antmaze-medium-diverse-v2,0.5531407594680786,5.0
none,l53or5ul,31,antmaze-medium-diverse-v2,0.5281072854995728,5.0
none,l53or5ul,32,antmaze-medium-diverse-v2,0.5508632659912109,5.0
none,l53or5ul,33,antmaze-medium-diverse-v2,0.5581117272377014,5.0
none,l53or5ul,34,antmaze-medium-diverse-v2,0.5291382074356079,5.0
none,l53or5ul,35,antmaze-medium-diverse-v2,0.5096986889839172,5.0
none,l53or5ul,36,antmaze-medium-diverse-v2,0.5402198433876038,5.0
none,l53or5ul,37,antmaze-medium-diverse-v2,0.5454367399215698,5.0
none,l53or5ul,38,antmaze-medium-diverse-v2,0.537816047668457,5.0
none,l53or5ul,39,antmaze-medium-diverse-v2,0.4970221519470215,5.0
none,l53or5ul,40,antmaze-medium-diverse-v2,0.6015547513961792,5.0
none,l53or5ul,41,antmaze-medium-diverse-v2,0.5253870487213135,5.0
none,l53or5ul,42,antmaze-medium-diverse-v2,0.5094354152679443,5.0
none,l53or5ul,43,antmaze-medium-diverse-v2,0.5258033275604248,5.0
none,l53or5ul,44,antmaze-medium-diverse-v2,0.5227911472320557,5.0
none,l53or5ul,45,antmaze-medium-diverse-v2,0.5321378707885742,5.0
none,l53or5ul,46,antmaze-medium-diverse-v2,0.5616189241409302,5.0
none,l53or5ul,47,antmaze-medium-diverse-v2,0.5274655818939209,5.0
none,l53or5ul,48,antmaze-medium-diverse-v2,0.48844677209854126,5.0
none,l53or5ul,49,antmaze-medium-diverse-v2,0.5069593191146851,5.0
pbrl,maov3p1z,0,antmaze-medium-play-v2,0.9311593770980835,0.02
pbrl,maov3p1z,1,antmaze-medium-play-v2,0.9584933519363403,0.02
pbrl,maov3p1z,2,antmaze-medium-play-v2,0.8929118514060974,0.02
pbrl,maov3p1z,3,antmaze-medium-play-v2,0.8692094087600708,0.02
pbrl,maov3p1z,4,antmaze-medium-play-v2,0.8891350030899048,0.02
pbrl,maov3p1z,5,antmaze-medium-play-v2,0.6538835763931274,0.02
pbrl,maov3p1z,6,antmaze-medium-play-v2,0.7188159227371216,0.02
pbrl,maov3p1z,7,antmaze-medium-play-v2,0.7044813632965088,0.02
pbrl,maov3p1z,8,antmaze-medium-play-v2,0.7088804841041565,0.02
pbrl,maov3p1z,9,antmaze-medium-play-v2,0.7167247533798218,0.02
pbrl,maov3p1z,10,antmaze-medium-play-v2,0.7833327054977417,0.02
pbrl,maov3p1z,11,antmaze-medium-play-v2,0.7579811215400696,0.02
pbrl,maov3p1z,12,antmaze-medium-play-v2,0.7474246621131897,0.02
pbrl,maov3p1z,13,antmaze-medium-play-v2,0.8783943057060242,0.02
pbrl,maov3p1z,14,antmaze-medium-play-v2,0.8189470767974854,0.02
pbrl,maov3p1z,15,antmaze-medium-play-v2,0.8733870983123779,0.02
pbrl,maov3p1z,16,antmaze-medium-play-v2,0.8001943230628967,0.02
pbrl,maov3p1z,17,antmaze-medium-play-v2,0.8472345471382141,0.02
pbrl,maov3p1z,18,antmaze-medium-play-v2,0.8690141439437866,0.02
pbrl,maov3p1z,19,antmaze-medium-play-v2,0.8156798481941223,0.02
pbrl,maov3p1z,20,antmaze-medium-play-v2,0.8006314039230347,0.02
pbrl,maov3p1z,21,antmaze-medium-play-v2,0.7448203563690186,0.02
pbrl,maov3p1z,22,antmaze-medium-play-v2,0.8013899922370911,0.02
pbrl,maov3p1z,23,antmaze-medium-play-v2,0.7813844680786133,0.02
pbrl,maov3p1z,24,antmaze-medium-play-v2,0.8110538125038147,0.02
pbrl,maov3p1z,25,antmaze-medium-play-v2,0.7898088693618774,0.02
pbrl,maov3p1z,26,antmaze-medium-play-v2,0.7673720121383667,0.02
pbrl,maov3p1z,27,antmaze-medium-play-v2,0.8013706207275391,0.02
pbrl,maov3p1z,28,antmaze-medium-play-v2,0.7747210264205933,0.02
pbrl,maov3p1z,29,antmaze-medium-play-v2,0.8121802806854248,0.02
pbrl,maov3p1z,30,antmaze-medium-play-v2,0.8270446062088013,0.02
pbrl,maov3p1z,31,antmaze-medium-play-v2,0.7866894006729126,0.02
pbrl,maov3p1z,32,antmaze-medium-play-v2,0.830049991607666,0.02
pbrl,maov3p1z,33,antmaze-medium-play-v2,0.8115671277046204,0.02
pbrl,maov3p1z,34,antmaze-medium-play-v2,0.8255705833435059,0.02
pbrl,maov3p1z,35,antmaze-medium-play-v2,0.7703220248222351,0.02
pbrl,maov3p1z,36,antmaze-medium-play-v2,0.8444700837135315,0.02
pbrl,maov3p1z,37,antmaze-medium-play-v2,0.8326845765113831,0.02
pbrl,maov3p1z,38,antmaze-medium-play-v2,0.7501319050788879,0.02
pbrl,maov3p1z,39,antmaze-medium-play-v2,0.7726529240608215,0.02
pbrl,maov3p1z,40,antmaze-medium-play-v2,0.7954795360565186,0.02
pbrl,maov3p1z,41,antmaze-medium-play-v2,0.7730690240859985,0.02
pbrl,maov3p1z,42,antmaze-medium-play-v2,0.8026270866394043,0.02
pbrl,maov3p1z,43,antmaze-medium-play-v2,0.8120684623718262,0.02
pbrl,maov3p1z,44,antmaze-medium-play-v2,0.8148938417434692,0.02
pbrl,maov3p1z,45,antmaze-medium-play-v2,0.8088508248329163,0.02
pbrl,maov3p1z,46,antmaze-medium-play-v2,0.7666436433792114,0.02
pbrl,maov3p1z,47,antmaze-medium-play-v2,0.7692461013793945,0.02
pbrl,maov3p1z,48,antmaze-medium-play-v2,0.8338986039161682,0.02
pbrl,maov3p1z,49,antmaze-medium-play-v2,0.7844108939170837,0.02
pbrl,dgrz2gw5,0,antmaze-large-play-v2,0.9556833505630493,0.02
pbrl,dgrz2gw5,1,antmaze-large-play-v2,1.040420651435852,0.02
pbrl,dgrz2gw5,2,antmaze-large-play-v2,0.8765683770179749,0.02
pbrl,dgrz2gw5,3,antmaze-large-play-v2,0.8519115447998047,0.02
pbrl,dgrz2gw5,4,antmaze-large-play-v2,0.8553274869918823,0.02
pbrl,dgrz2gw5,5,antmaze-large-play-v2,0.8450820446014404,0.02
pbrl,dgrz2gw5,6,antmaze-large-play-v2,0.7737596035003662,0.02
pbrl,dgrz2gw5,7,antmaze-large-play-v2,0.7400776147842407,0.02
pbrl,dgrz2gw5,8,antmaze-large-play-v2,0.6553871035575867,0.02
pbrl,dgrz2gw5,9,antmaze-large-play-v2,0.7459536194801331,0.02
pbrl,dgrz2gw5,10,antmaze-large-play-v2,0.7393175363540649,0.02
pbrl,dgrz2gw5,11,antmaze-large-play-v2,0.744086503982544,0.02
pbrl,dgrz2gw5,12,antmaze-large-play-v2,0.7810624241828918,0.02
pbrl,dgrz2gw5,13,antmaze-large-play-v2,0.7212836146354675,0.02
pbrl,dgrz2gw5,14,antmaze-large-play-v2,0.8085801601409912,0.02
pbrl,dgrz2gw5,15,antmaze-large-play-v2,0.7971273064613342,0.02
pbrl,dgrz2gw5,16,antmaze-large-play-v2,0.7909500598907471,0.02
pbrl,dgrz2gw5,17,antmaze-large-play-v2,0.8521366119384766,0.02
pbrl,dgrz2gw5,18,antmaze-large-play-v2,0.8574035167694092,0.02
pbrl,dgrz2gw5,19,antmaze-large-play-v2,0.8646630048751831,0.02
pbrl,dgrz2gw5,20,antmaze-large-play-v2,0.880892276763916,0.02
pbrl,dgrz2gw5,21,antmaze-large-play-v2,0.8262128829956055,0.02
pbrl,dgrz2gw5,22,antmaze-large-play-v2,0.9118108749389648,0.02
pbrl,dgrz2gw5,23,antmaze-large-play-v2,0.850869357585907,0.02
pbrl,dgrz2gw5,24,antmaze-large-play-v2,0.8654986619949341,0.02
pbrl,dgrz2gw5,25,antmaze-large-play-v2,0.9432602524757385,0.02
pbrl,dgrz2gw5,26,antmaze-large-play-v2,0.8648815155029297,0.02
pbrl,dgrz2gw5,27,antmaze-large-play-v2,0.8763655424118042,0.02
pbrl,dgrz2gw5,28,antmaze-large-play-v2,0.8781912326812744,0.02
pbrl,dgrz2gw5,29,antmaze-large-play-v2,0.8635438680648804,0.02
pbrl,dgrz2gw5,30,antmaze-large-play-v2,0.9047136306762695,0.02
pbrl,dgrz2gw5,31,antmaze-large-play-v2,0.9071973562240601,0.02
pbrl,dgrz2gw5,32,antmaze-large-play-v2,0.879388689994812,0.02
pbrl,dgrz2gw5,33,antmaze-large-play-v2,0.8507861495018005,0.02
pbrl,dgrz2gw5,34,antmaze-large-play-v2,0.8788739442825317,0.02
pbrl,dgrz2gw5,35,antmaze-large-play-v2,0.8783630132675171,0.02
pbrl,dgrz2gw5,36,antmaze-large-play-v2,0.9067551493644714,0.02
pbrl,dgrz2gw5,37,antmaze-large-play-v2,0.8740530014038086,0.02
pbrl,dgrz2gw5,38,antmaze-large-play-v2,0.8507525324821472,0.02
pbrl,dgrz2gw5,39,antmaze-large-play-v2,0.8555871248245239,0.02
pbrl,dgrz2gw5,40,antmaze-large-play-v2,0.8728870749473572,0.02
pbrl,dgrz2gw5,41,antmaze-large-play-v2,0.8461011648178101,0.02
pbrl,dgrz2gw5,42,antmaze-large-play-v2,0.8541892766952515,0.02
pbrl,dgrz2gw5,43,antmaze-large-play-v2,0.8043938875198364,0.02
pbrl,dgrz2gw5,44,antmaze-large-play-v2,0.8256138563156128,0.02
pbrl,dgrz2gw5,45,antmaze-large-play-v2,0.8695380687713623,0.02
pbrl,dgrz2gw5,46,antmaze-large-play-v2,0.8624993562698364,0.02
pbrl,dgrz2gw5,47,antmaze-large-play-v2,0.9006234407424927,0.02
pbrl,dgrz2gw5,48,antmaze-large-play-v2,0.8634769916534424,0.02
pbrl,dgrz2gw5,49,antmaze-large-play-v2,0.8641105890274048,0.02
none,jbud9zj2,0,antmaze-medium-diverse-v2,0.8393654823303223,10.0
none,jbud9zj2,1,antmaze-medium-diverse-v2,0.5139058232307434,10.0
none,jbud9zj2,2,antmaze-medium-diverse-v2,0.4607822895050049,10.0
none,jbud9zj2,3,antmaze-medium-diverse-v2,0.4273889362812042,10.0
none,jbud9zj2,4,antmaze-medium-diverse-v2,0.4619576334953308,10.0
none,jbud9zj2,5,antmaze-medium-diverse-v2,0.46258100867271423,10.0
none,jbud9zj2,6,antmaze-medium-diverse-v2,0.4772128462791443,10.0
none,jbud9zj2,7,antmaze-medium-diverse-v2,0.478647381067276,10.0
none,jbud9zj2,8,antmaze-medium-diverse-v2,0.46185293793678284,10.0
none,jbud9zj2,9,antmaze-medium-diverse-v2,0.4291563630104065,10.0
none,jbud9zj2,10,antmaze-medium-diverse-v2,0.453265517950058,10.0
none,jbud9zj2,11,antmaze-medium-diverse-v2,0.4917518198490143,10.0
none,jbud9zj2,12,antmaze-medium-diverse-v2,0.4809820353984833,10.0
none,jbud9zj2,13,antmaze-medium-diverse-v2,0.508613646030426,10.0
none,jbud9zj2,14,antmaze-medium-diverse-v2,0.48731982707977295,10.0
none,jbud9zj2,15,antmaze-medium-diverse-v2,0.5172461271286011,10.0
none,jbud9zj2,16,antmaze-medium-diverse-v2,0.5104647278785706,10.0
none,jbud9zj2,17,antmaze-medium-diverse-v2,0.5294978022575378,10.0
none,jbud9zj2,18,antmaze-medium-diverse-v2,0.5522805452346802,10.0
none,jbud9zj2,19,antmaze-medium-diverse-v2,0.5613179206848145,10.0
none,jbud9zj2,20,antmaze-medium-diverse-v2,0.6457502841949463,10.0
none,jbud9zj2,21,antmaze-medium-diverse-v2,0.6741183996200562,10.0
none,jbud9zj2,22,antmaze-medium-diverse-v2,0.5882786512374878,10.0
none,jbud9zj2,23,antmaze-medium-diverse-v2,0.5289090871810913,10.0
none,jbud9zj2,24,antmaze-medium-diverse-v2,0.5471181869506836,10.0
none,jbud9zj2,25,antmaze-medium-diverse-v2,0.5708150267601013,10.0
none,jbud9zj2,26,antmaze-medium-diverse-v2,0.6033270359039307,10.0
none,jbud9zj2,27,antmaze-medium-diverse-v2,0.5980428457260132,10.0
none,jbud9zj2,28,antmaze-medium-diverse-v2,0.5579148530960083,10.0
none,jbud9zj2,29,antmaze-medium-diverse-v2,0.5378715991973877,10.0
none,jbud9zj2,30,antmaze-medium-diverse-v2,0.5602636337280273,10.0
none,jbud9zj2,31,antmaze-medium-diverse-v2,0.5202814340591431,10.0
none,jbud9zj2,32,antmaze-medium-diverse-v2,0.5489646196365356,10.0
none,jbud9zj2,33,antmaze-medium-diverse-v2,0.588653564453125,10.0
none,jbud9zj2,34,antmaze-medium-diverse-v2,0.5807119607925415,10.0
none,jbud9zj2,35,antmaze-medium-diverse-v2,0.507287859916687,10.0
none,jbud9zj2,36,antmaze-medium-diverse-v2,0.5575603246688843,10.0
none,jbud9zj2,37,antmaze-medium-diverse-v2,0.5389123558998108,10.0
none,jbud9zj2,38,antmaze-medium-diverse-v2,0.5442466735839844,10.0
none,jbud9zj2,39,antmaze-medium-diverse-v2,0.5085399150848389,10.0
none,jbud9zj2,40,antmaze-medium-diverse-v2,0.5541551113128662,10.0
none,jbud9zj2,41,antmaze-medium-diverse-v2,0.5341930389404297,10.0
none,jbud9zj2,42,antmaze-medium-diverse-v2,0.5790339708328247,10.0
none,jbud9zj2,43,antmaze-medium-diverse-v2,0.5318247079849243,10.0
none,jbud9zj2,44,antmaze-medium-diverse-v2,0.5587719678878784,10.0
none,jbud9zj2,45,antmaze-medium-diverse-v2,0.5047274827957153,10.0
none,jbud9zj2,46,antmaze-medium-diverse-v2,0.5189899802207947,10.0
none,jbud9zj2,47,antmaze-medium-diverse-v2,0.49366626143455505,10.0
none,jbud9zj2,48,antmaze-medium-diverse-v2,0.5717908143997192,10.0
none,jbud9zj2,49,antmaze-medium-diverse-v2,0.5527713894844055,10.0
pbrl,wwuoowr1,0,antmaze-large-play-v2,0.9435195922851562,0.02
pbrl,wwuoowr1,1,antmaze-large-play-v2,0.9881799221038818,0.02
pbrl,wwuoowr1,2,antmaze-large-play-v2,0.8430649638175964,0.02
pbrl,wwuoowr1,3,antmaze-large-play-v2,0.9130932092666626,0.02
pbrl,wwuoowr1,4,antmaze-large-play-v2,0.8204571008682251,0.02
pbrl,wwuoowr1,5,antmaze-large-play-v2,0.781571626663208,0.02
pbrl,wwuoowr1,6,antmaze-large-play-v2,0.7371582984924316,0.02
pbrl,wwuoowr1,7,antmaze-large-play-v2,0.6816674470901489,0.02
pbrl,wwuoowr1,8,antmaze-large-play-v2,0.6509231328964233,0.02
pbrl,wwuoowr1,9,antmaze-large-play-v2,0.7259490489959717,0.02
pbrl,wwuoowr1,10,antmaze-large-play-v2,0.7737833261489868,0.02
pbrl,wwuoowr1,11,antmaze-large-play-v2,0.7580243349075317,0.02
pbrl,wwuoowr1,12,antmaze-large-play-v2,0.846917986869812,0.02
pbrl,wwuoowr1,13,antmaze-large-play-v2,0.8036214113235474,0.02
pbrl,wwuoowr1,14,antmaze-large-play-v2,0.8100118041038513,0.02
pbrl,wwuoowr1,15,antmaze-large-play-v2,0.9101740121841431,0.02
pbrl,wwuoowr1,16,antmaze-large-play-v2,0.8713196516036987,0.02
pbrl,wwuoowr1,17,antmaze-large-play-v2,0.8194910287857056,0.02
pbrl,wwuoowr1,18,antmaze-large-play-v2,0.8464599847793579,0.02
pbrl,wwuoowr1,19,antmaze-large-play-v2,0.8252739906311035,0.02
pbrl,wwuoowr1,20,antmaze-large-play-v2,0.8384360074996948,0.02
pbrl,wwuoowr1,21,antmaze-large-play-v2,0.9018865823745728,0.02
pbrl,wwuoowr1,22,antmaze-large-play-v2,0.8254128098487854,0.02
pbrl,wwuoowr1,23,antmaze-large-play-v2,0.8715122938156128,0.02
pbrl,wwuoowr1,24,antmaze-large-play-v2,0.8812397718429565,0.02
pbrl,wwuoowr1,25,antmaze-large-play-v2,0.8001313209533691,0.02
pbrl,wwuoowr1,26,antmaze-large-play-v2,0.8023710250854492,0.02
pbrl,wwuoowr1,27,antmaze-large-play-v2,0.9040921330451965,0.02
pbrl,wwuoowr1,28,antmaze-large-play-v2,0.825240969657898,0.02
pbrl,wwuoowr1,29,antmaze-large-play-v2,0.8824726939201355,0.02
pbrl,wwuoowr1,30,antmaze-large-play-v2,0.8218597769737244,0.02
pbrl,wwuoowr1,31,antmaze-large-play-v2,0.9110445380210876,0.02
pbrl,wwuoowr1,32,antmaze-large-play-v2,0.8688267469406128,0.02
pbrl,wwuoowr1,33,antmaze-large-play-v2,0.8218215703964233,0.02
pbrl,wwuoowr1,34,antmaze-large-play-v2,0.8262159824371338,0.02
pbrl,wwuoowr1,35,antmaze-large-play-v2,0.8476272225379944,0.02
pbrl,wwuoowr1,36,antmaze-large-play-v2,0.8102231025695801,0.02
pbrl,wwuoowr1,37,antmaze-large-play-v2,0.7972790598869324,0.02
pbrl,wwuoowr1,38,antmaze-large-play-v2,0.8190932273864746,0.02
pbrl,wwuoowr1,39,antmaze-large-play-v2,0.8547674417495728,0.02
pbrl,wwuoowr1,40,antmaze-large-play-v2,0.8551034927368164,0.02
pbrl,wwuoowr1,41,antmaze-large-play-v2,0.8229414224624634,0.02
pbrl,wwuoowr1,42,antmaze-large-play-v2,0.8380839824676514,0.02
pbrl,wwuoowr1,43,antmaze-large-play-v2,0.8963550329208374,0.02
pbrl,wwuoowr1,44,antmaze-large-play-v2,0.8635659217834473,0.02
pbrl,wwuoowr1,45,antmaze-large-play-v2,0.8624205589294434,0.02
pbrl,wwuoowr1,46,antmaze-large-play-v2,0.8221332430839539,0.02
pbrl,wwuoowr1,47,antmaze-large-play-v2,0.932431697845459,0.02
pbrl,wwuoowr1,48,antmaze-large-play-v2,0.846919596195221,0.02
pbrl,wwuoowr1,49,antmaze-large-play-v2,0.7795625925064087,0.02
none,z5pl7w8z,0,antmaze-medium-diverse-v2,0.8296746015548706,10.0
none,z5pl7w8z,1,antmaze-medium-diverse-v2,0.5285025835037231,10.0
none,z5pl7w8z,2,antmaze-medium-diverse-v2,0.4859192967414856,10.0
none,z5pl7w8z,3,antmaze-medium-diverse-v2,0.4882572293281555,10.0
none,z5pl7w8z,4,antmaze-medium-diverse-v2,0.4896916151046753,10.0
none,z5pl7w8z,5,antmaze-medium-diverse-v2,0.47993314266204834,10.0
none,z5pl7w8z,6,antmaze-medium-diverse-v2,0.4857344627380371,10.0
none,z5pl7w8z,7,antmaze-medium-diverse-v2,0.4884158968925476,10.0
none,z5pl7w8z,8,antmaze-medium-diverse-v2,0.45338016748428345,10.0
none,z5pl7w8z,9,antmaze-medium-diverse-v2,0.4698309898376465,10.0
none,z5pl7w8z,10,antmaze-medium-diverse-v2,0.47596925497055054,10.0
none,z5pl7w8z,11,antmaze-medium-diverse-v2,0.4639614224433899,10.0
none,z5pl7w8z,12,antmaze-medium-diverse-v2,0.5192387104034424,10.0
none,z5pl7w8z,13,antmaze-medium-diverse-v2,0.5603440403938293,10.0
none,z5pl7w8z,14,antmaze-medium-diverse-v2,0.4925452172756195,10.0
none,z5pl7w8z,15,antmaze-medium-diverse-v2,0.4996543526649475,10.0
none,z5pl7w8z,16,antmaze-medium-diverse-v2,0.48491233587265015,10.0
none,z5pl7w8z,17,antmaze-medium-diverse-v2,0.5272433757781982,10.0
none,z5pl7w8z,18,antmaze-medium-diverse-v2,0.5744512677192688,10.0
none,z5pl7w8z,19,antmaze-medium-diverse-v2,0.5963373780250549,10.0
none,z5pl7w8z,20,antmaze-medium-diverse-v2,0.610109806060791,10.0
none,z5pl7w8z,21,antmaze-medium-diverse-v2,0.6004058122634888,10.0
none,z5pl7w8z,22,antmaze-medium-diverse-v2,0.5388870239257812,10.0
none,z5pl7w8z,23,antmaze-medium-diverse-v2,0.543814480304718,10.0
none,z5pl7w8z,24,antmaze-medium-diverse-v2,0.5762673020362854,10.0
none,z5pl7w8z,25,antmaze-medium-diverse-v2,0.541275143623352,10.0
none,z5pl7w8z,26,antmaze-medium-diverse-v2,0.5699994564056396,10.0
none,z5pl7w8z,27,antmaze-medium-diverse-v2,0.575034499168396,10.0
none,z5pl7w8z,28,antmaze-medium-diverse-v2,0.5535343885421753,10.0
none,z5pl7w8z,29,antmaze-medium-diverse-v2,0.5990939140319824,10.0
none,z5pl7w8z,30,antmaze-medium-diverse-v2,0.5508575439453125,10.0
none,z5pl7w8z,31,antmaze-medium-diverse-v2,0.5795025825500488,10.0
none,z5pl7w8z,32,antmaze-medium-diverse-v2,0.5592411756515503,10.0
none,z5pl7w8z,33,antmaze-medium-diverse-v2,0.6027897596359253,10.0
none,z5pl7w8z,34,antmaze-medium-diverse-v2,0.5594978332519531,10.0
none,z5pl7w8z,35,antmaze-medium-diverse-v2,0.5546962022781372,10.0
none,z5pl7w8z,36,antmaze-medium-diverse-v2,0.5508172512054443,10.0
none,z5pl7w8z,37,antmaze-medium-diverse-v2,0.5412580966949463,10.0
none,z5pl7w8z,38,antmaze-medium-diverse-v2,0.5336759090423584,10.0
none,z5pl7w8z,39,antmaze-medium-diverse-v2,0.5735155344009399,10.0
none,z5pl7w8z,40,antmaze-medium-diverse-v2,0.5509775280952454,10.0
none,z5pl7w8z,41,antmaze-medium-diverse-v2,0.5286751985549927,10.0
none,z5pl7w8z,42,antmaze-medium-diverse-v2,0.5696439743041992,10.0
none,z5pl7w8z,43,antmaze-medium-diverse-v2,0.5405845642089844,10.0
none,z5pl7w8z,44,antmaze-medium-diverse-v2,0.5798043012619019,10.0
none,z5pl7w8z,45,antmaze-medium-diverse-v2,0.5502870678901672,10.0
none,z5pl7w8z,46,antmaze-medium-diverse-v2,0.48152226209640503,10.0
none,z5pl7w8z,47,antmaze-medium-diverse-v2,0.5523177981376648,10.0
none,z5pl7w8z,48,antmaze-medium-diverse-v2,0.5332834720611572,10.0
none,z5pl7w8z,49,antmaze-medium-diverse-v2,0.4853624105453491,10.0
pbrl,89vdkmos,0,antmaze-large-play-v2,0.9263337850570679,0.02
pbrl,89vdkmos,1,antmaze-large-play-v2,0.9611638784408569,0.02
pbrl,89vdkmos,2,antmaze-large-play-v2,0.9275503158569336,0.02
pbrl,89vdkmos,3,antmaze-large-play-v2,0.9175640344619751,0.02
pbrl,89vdkmos,4,antmaze-large-play-v2,0.8995050191879272,0.02
pbrl,89vdkmos,5,antmaze-large-play-v2,0.8257377743721008,0.02
pbrl,89vdkmos,6,antmaze-large-play-v2,0.7630560994148254,0.02
pbrl,89vdkmos,7,antmaze-large-play-v2,0.6988456845283508,0.02
pbrl,89vdkmos,8,antmaze-large-play-v2,0.7360325455665588,0.02
pbrl,89vdkmos,9,antmaze-large-play-v2,0.7642611861228943,0.02
pbrl,89vdkmos,10,antmaze-large-play-v2,0.804562509059906,0.02
pbrl,89vdkmos,11,antmaze-large-play-v2,0.7691904306411743,0.02
pbrl,89vdkmos,12,antmaze-large-play-v2,0.8225162625312805,0.02
pbrl,89vdkmos,13,antmaze-large-play-v2,0.7977931499481201,0.02
pbrl,89vdkmos,14,antmaze-large-play-v2,0.839218020439148,0.02
pbrl,89vdkmos,15,antmaze-large-play-v2,0.765792727470398,0.02
pbrl,89vdkmos,16,antmaze-large-play-v2,0.8564554452896118,0.02
pbrl,89vdkmos,17,antmaze-large-play-v2,0.8571435213088989,0.02
pbrl,89vdkmos,18,antmaze-large-play-v2,0.8748081922531128,0.02
pbrl,89vdkmos,19,antmaze-large-play-v2,0.8319199085235596,0.02
pbrl,89vdkmos,20,antmaze-large-play-v2,0.8246902227401733,0.02
pbrl,89vdkmos,21,antmaze-large-play-v2,0.852047324180603,0.02
pbrl,89vdkmos,22,antmaze-large-play-v2,0.7374299764633179,0.02
pbrl,89vdkmos,23,antmaze-large-play-v2,0.834679365158081,0.02
pbrl,89vdkmos,24,antmaze-large-play-v2,0.8189802169799805,0.02
pbrl,89vdkmos,25,antmaze-large-play-v2,0.8763312101364136,0.02
pbrl,89vdkmos,26,antmaze-large-play-v2,0.8359276056289673,0.02
pbrl,89vdkmos,27,antmaze-large-play-v2,0.8585124611854553,0.02
pbrl,89vdkmos,28,antmaze-large-play-v2,0.8346311450004578,0.02
pbrl,89vdkmos,29,antmaze-large-play-v2,0.8567845821380615,0.02
pbrl,89vdkmos,30,antmaze-large-play-v2,0.8312276005744934,0.02
pbrl,89vdkmos,31,antmaze-large-play-v2,0.9059402942657471,0.02
pbrl,89vdkmos,32,antmaze-large-play-v2,0.8234868049621582,0.02
pbrl,89vdkmos,33,antmaze-large-play-v2,0.8212462663650513,0.02
pbrl,89vdkmos,34,antmaze-large-play-v2,0.8560919761657715,0.02
pbrl,89vdkmos,35,antmaze-large-play-v2,0.8078974485397339,0.02
pbrl,89vdkmos,36,antmaze-large-play-v2,0.8441892266273499,0.02
pbrl,89vdkmos,37,antmaze-large-play-v2,0.8119599223136902,0.02
pbrl,89vdkmos,38,antmaze-large-play-v2,0.8728557825088501,0.02
pbrl,89vdkmos,39,antmaze-large-play-v2,0.8559218645095825,0.02
pbrl,89vdkmos,40,antmaze-large-play-v2,0.8547673225402832,0.02
pbrl,89vdkmos,41,antmaze-large-play-v2,0.8408063650131226,0.02
pbrl,89vdkmos,42,antmaze-large-play-v2,0.8366039991378784,0.02
pbrl,89vdkmos,43,antmaze-large-play-v2,0.828787624835968,0.02
pbrl,89vdkmos,44,antmaze-large-play-v2,0.8780743479728699,0.02
pbrl,89vdkmos,45,antmaze-large-play-v2,0.8548959493637085,0.02
pbrl,89vdkmos,46,antmaze-large-play-v2,0.8872144818305969,0.02
pbrl,89vdkmos,47,antmaze-large-play-v2,0.8734038472175598,0.02
pbrl,89vdkmos,48,antmaze-large-play-v2,0.7590162754058838,0.02
pbrl,89vdkmos,49,antmaze-large-play-v2,0.8447474837303162,0.02
none,aa7irrmh,0,antmaze-medium-diverse-v2,0.8391447067260742,10.0
none,aa7irrmh,1,antmaze-medium-diverse-v2,0.5327199101448059,10.0
none,aa7irrmh,2,antmaze-medium-diverse-v2,0.46222347021102905,10.0
none,aa7irrmh,3,antmaze-medium-diverse-v2,0.4338909387588501,10.0
none,aa7irrmh,4,antmaze-medium-diverse-v2,0.4876406490802765,10.0
none,aa7irrmh,5,antmaze-medium-diverse-v2,0.4839629530906677,10.0
none,aa7irrmh,6,antmaze-medium-diverse-v2,0.4739469885826111,10.0
none,aa7irrmh,7,antmaze-medium-diverse-v2,0.5070896744728088,10.0
none,aa7irrmh,8,antmaze-medium-diverse-v2,0.49078670144081116,10.0
none,aa7irrmh,9,antmaze-medium-diverse-v2,0.47680649161338806,10.0
none,aa7irrmh,10,antmaze-medium-diverse-v2,0.4698646664619446,10.0
none,aa7irrmh,11,antmaze-medium-diverse-v2,0.49324923753738403,10.0
none,aa7irrmh,12,antmaze-medium-diverse-v2,0.5061384439468384,10.0
none,aa7irrmh,13,antmaze-medium-diverse-v2,0.5172165632247925,10.0
none,aa7irrmh,14,antmaze-medium-diverse-v2,0.4558483362197876,10.0
none,aa7irrmh,15,antmaze-medium-diverse-v2,0.5424007177352905,10.0
none,aa7irrmh,16,antmaze-medium-diverse-v2,0.5095633864402771,10.0
none,aa7irrmh,17,antmaze-medium-diverse-v2,0.5947557687759399,10.0
none,aa7irrmh,18,antmaze-medium-diverse-v2,0.6005410552024841,10.0
none,aa7irrmh,19,antmaze-medium-diverse-v2,0.5602544546127319,10.0
none,aa7irrmh,20,antmaze-medium-diverse-v2,0.5560232400894165,10.0
none,aa7irrmh,21,antmaze-medium-diverse-v2,0.5704379677772522,10.0
none,aa7irrmh,22,antmaze-medium-diverse-v2,0.5722372531890869,10.0
none,aa7irrmh,23,antmaze-medium-diverse-v2,0.5840389132499695,10.0
none,aa7irrmh,24,antmaze-medium-diverse-v2,0.5782276391983032,10.0
none,aa7irrmh,25,antmaze-medium-diverse-v2,0.5647346377372742,10.0
none,aa7irrmh,26,antmaze-medium-diverse-v2,0.5567077994346619,10.0
none,aa7irrmh,27,antmaze-medium-diverse-v2,0.5704407095909119,10.0
none,aa7irrmh,28,antmaze-medium-diverse-v2,0.6151760816574097,10.0
none,aa7irrmh,29,antmaze-medium-diverse-v2,0.5909799337387085,10.0
none,aa7irrmh,30,antmaze-medium-diverse-v2,0.5486960411071777,10.0
none,aa7irrmh,31,antmaze-medium-diverse-v2,0.5493336915969849,10.0
none,aa7irrmh,32,antmaze-medium-diverse-v2,0.5398499965667725,10.0
none,aa7irrmh,33,antmaze-medium-diverse-v2,0.5033015608787537,10.0
none,aa7irrmh,34,antmaze-medium-diverse-v2,0.4943171441555023,10.0
none,aa7irrmh,35,antmaze-medium-diverse-v2,0.5572110414505005,10.0
none,aa7irrmh,36,antmaze-medium-diverse-v2,0.5864933133125305,10.0
none,aa7irrmh,37,antmaze-medium-diverse-v2,0.6245317459106445,10.0
none,aa7irrmh,38,antmaze-medium-diverse-v2,0.5838069915771484,10.0
none,aa7irrmh,39,antmaze-medium-diverse-v2,0.5508824586868286,10.0
none,aa7irrmh,40,antmaze-medium-diverse-v2,0.5279271602630615,10.0
none,aa7irrmh,41,antmaze-medium-diverse-v2,0.5051891207695007,10.0
none,aa7irrmh,42,antmaze-medium-diverse-v2,0.5055981278419495,10.0
none,aa7irrmh,43,antmaze-medium-diverse-v2,0.544148325920105,10.0
none,aa7irrmh,44,antmaze-medium-diverse-v2,0.5698091387748718,10.0
none,aa7irrmh,45,antmaze-medium-diverse-v2,0.5523383617401123,10.0
none,aa7irrmh,46,antmaze-medium-diverse-v2,0.4959263503551483,10.0
none,aa7irrmh,47,antmaze-medium-diverse-v2,0.5737087726593018,10.0
none,aa7irrmh,48,antmaze-medium-diverse-v2,0.5779191851615906,10.0
none,aa7irrmh,49,antmaze-medium-diverse-v2,0.5273953676223755,10.0
pbrl,12kbp7gw,0,antmaze-large-play-v2,1.0088074207305908,0.02
pbrl,12kbp7gw,1,antmaze-large-play-v2,0.9892798662185669,0.02
pbrl,12kbp7gw,2,antmaze-large-play-v2,0.8909604549407959,0.02
pbrl,12kbp7gw,3,antmaze-large-play-v2,0.9043871164321899,0.02
pbrl,12kbp7gw,4,antmaze-large-play-v2,0.8945702314376831,0.02
pbrl,12kbp7gw,5,antmaze-large-play-v2,0.8593183159828186,0.02
pbrl,12kbp7gw,6,antmaze-large-play-v2,0.7399210929870605,0.02
pbrl,12kbp7gw,7,antmaze-large-play-v2,0.6550719738006592,0.02
pbrl,12kbp7gw,8,antmaze-large-play-v2,0.7268879413604736,0.02
pbrl,12kbp7gw,9,antmaze-large-play-v2,0.7174453735351562,0.02
pbrl,12kbp7gw,10,antmaze-large-play-v2,0.7431089282035828,0.02
pbrl,12kbp7gw,11,antmaze-large-play-v2,0.7311190962791443,0.02
pbrl,12kbp7gw,12,antmaze-large-play-v2,0.7760334610939026,0.02
pbrl,12kbp7gw,13,antmaze-large-play-v2,0.8006267547607422,0.02
pbrl,12kbp7gw,14,antmaze-large-play-v2,0.7960047721862793,0.02
pbrl,12kbp7gw,15,antmaze-large-play-v2,0.8349881172180176,0.02
pbrl,12kbp7gw,16,antmaze-large-play-v2,0.8503519296646118,0.02
pbrl,12kbp7gw,17,antmaze-large-play-v2,0.8958256244659424,0.02
pbrl,12kbp7gw,18,antmaze-large-play-v2,0.862850546836853,0.02
pbrl,12kbp7gw,19,antmaze-large-play-v2,0.8751944303512573,0.02
pbrl,12kbp7gw,20,antmaze-large-play-v2,0.8629072308540344,0.02
pbrl,12kbp7gw,21,antmaze-large-play-v2,0.8624722361564636,0.02
pbrl,12kbp7gw,22,antmaze-large-play-v2,0.8803253173828125,0.02
pbrl,12kbp7gw,23,antmaze-large-play-v2,0.8842039108276367,0.02
pbrl,12kbp7gw,24,antmaze-large-play-v2,0.8554865121841431,0.02
pbrl,12kbp7gw,25,antmaze-large-play-v2,0.8596371412277222,0.02
pbrl,12kbp7gw,26,antmaze-large-play-v2,0.9136099219322205,0.02
pbrl,12kbp7gw,27,antmaze-large-play-v2,0.8727585077285767,0.02
pbrl,12kbp7gw,28,antmaze-large-play-v2,0.8745014071464539,0.02
pbrl,12kbp7gw,29,antmaze-large-play-v2,0.8885907530784607,0.02
pbrl,12kbp7gw,30,antmaze-large-play-v2,0.8604456186294556,0.02
pbrl,12kbp7gw,31,antmaze-large-play-v2,0.8947391510009766,0.02
pbrl,12kbp7gw,32,antmaze-large-play-v2,0.8773187398910522,0.02
pbrl,12kbp7gw,33,antmaze-large-play-v2,0.8256633281707764,0.02
pbrl,12kbp7gw,34,antmaze-large-play-v2,0.8063696026802063,0.02
pbrl,12kbp7gw,35,antmaze-large-play-v2,0.9335225820541382,0.02
pbrl,12kbp7gw,36,antmaze-large-play-v2,0.8621208667755127,0.02
pbrl,12kbp7gw,37,antmaze-large-play-v2,0.8357691764831543,0.02
pbrl,12kbp7gw,38,antmaze-large-play-v2,0.9145779609680176,0.02
pbrl,12kbp7gw,39,antmaze-large-play-v2,0.8847955465316772,0.02
pbrl,12kbp7gw,40,antmaze-large-play-v2,0.8325854539871216,0.02
pbrl,12kbp7gw,41,antmaze-large-play-v2,0.822641909122467,0.02
pbrl,12kbp7gw,42,antmaze-large-play-v2,0.8169639706611633,0.02
pbrl,12kbp7gw,43,antmaze-large-play-v2,0.8773162364959717,0.02
pbrl,12kbp7gw,44,antmaze-large-play-v2,0.8386725783348083,0.02
pbrl,12kbp7gw,45,antmaze-large-play-v2,0.8268753886222839,0.02
pbrl,12kbp7gw,46,antmaze-large-play-v2,0.8462700843811035,0.02
pbrl,12kbp7gw,47,antmaze-large-play-v2,0.8164983987808228,0.02
pbrl,12kbp7gw,48,antmaze-large-play-v2,0.841029703617096,0.02
pbrl,12kbp7gw,49,antmaze-large-play-v2,0.8505434989929199,0.02
none,aukdcly4,0,antmaze-medium-diverse-v2,0.7982642650604248,10.0
none,aukdcly4,1,antmaze-medium-diverse-v2,0.5115278959274292,10.0
none,aukdcly4,2,antmaze-medium-diverse-v2,0.47237569093704224,10.0
none,aukdcly4,3,antmaze-medium-diverse-v2,0.5155640840530396,10.0
none,aukdcly4,4,antmaze-medium-diverse-v2,0.45988893508911133,10.0
none,aukdcly4,5,antmaze-medium-diverse-v2,0.45799368619918823,10.0
none,aukdcly4,6,antmaze-medium-diverse-v2,0.45823290944099426,10.0
none,aukdcly4,7,antmaze-medium-diverse-v2,0.44555968046188354,10.0
none,aukdcly4,8,antmaze-medium-diverse-v2,0.497442364692688,10.0
none,aukdcly4,9,antmaze-medium-diverse-v2,0.4651104211807251,10.0
none,aukdcly4,10,antmaze-medium-diverse-v2,0.49025410413742065,10.0
none,aukdcly4,11,antmaze-medium-diverse-v2,0.49901288747787476,10.0
none,aukdcly4,12,antmaze-medium-diverse-v2,0.5242925882339478,10.0
none,aukdcly4,13,antmaze-medium-diverse-v2,0.51521235704422,10.0
none,aukdcly4,14,antmaze-medium-diverse-v2,0.48382043838500977,10.0
none,aukdcly4,15,antmaze-medium-diverse-v2,0.4656825363636017,10.0
none,aukdcly4,16,antmaze-medium-diverse-v2,0.522555947303772,10.0
none,aukdcly4,17,antmaze-medium-diverse-v2,0.5189487934112549,10.0
none,aukdcly4,18,antmaze-medium-diverse-v2,0.5577236413955688,10.0
none,aukdcly4,19,antmaze-medium-diverse-v2,0.5229217410087585,10.0
none,aukdcly4,20,antmaze-medium-diverse-v2,0.5859963297843933,10.0
none,aukdcly4,21,antmaze-medium-diverse-v2,0.6019883751869202,10.0
none,aukdcly4,22,antmaze-medium-diverse-v2,0.5980924367904663,10.0
none,aukdcly4,23,antmaze-medium-diverse-v2,0.5154696702957153,10.0
none,aukdcly4,24,antmaze-medium-diverse-v2,0.5650553703308105,10.0
none,aukdcly4,25,antmaze-medium-diverse-v2,0.5325307846069336,10.0
none,aukdcly4,26,antmaze-medium-diverse-v2,0.5246983170509338,10.0
none,aukdcly4,27,antmaze-medium-diverse-v2,0.5490168333053589,10.0
none,aukdcly4,28,antmaze-medium-diverse-v2,0.5555691123008728,10.0
none,aukdcly4,29,antmaze-medium-diverse-v2,0.5584880113601685,10.0
none,aukdcly4,30,antmaze-medium-diverse-v2,0.5527893304824829,10.0
none,aukdcly4,31,antmaze-medium-diverse-v2,0.5515649318695068,10.0
none,aukdcly4,32,antmaze-medium-diverse-v2,0.5791641473770142,10.0
none,aukdcly4,33,antmaze-medium-diverse-v2,0.53441321849823,10.0
none,aukdcly4,34,antmaze-medium-diverse-v2,0.5251986980438232,10.0
none,aukdcly4,35,antmaze-medium-diverse-v2,0.5510019659996033,10.0
none,aukdcly4,36,antmaze-medium-diverse-v2,0.49794214963912964,10.0
none,aukdcly4,37,antmaze-medium-diverse-v2,0.5055661201477051,10.0
none,aukdcly4,38,antmaze-medium-diverse-v2,0.5269144773483276,10.0
none,aukdcly4,39,antmaze-medium-diverse-v2,0.5532129406929016,10.0
none,aukdcly4,40,antmaze-medium-diverse-v2,0.5438311696052551,10.0
none,aukdcly4,41,antmaze-medium-diverse-v2,0.5116952657699585,10.0
none,aukdcly4,42,antmaze-medium-diverse-v2,0.5186448097229004,10.0
none,aukdcly4,43,antmaze-medium-diverse-v2,0.5071368217468262,10.0
none,aukdcly4,44,antmaze-medium-diverse-v2,0.4862508475780487,10.0
none,aukdcly4,45,antmaze-medium-diverse-v2,0.5435360670089722,10.0
none,aukdcly4,46,antmaze-medium-diverse-v2,0.5367401838302612,10.0
none,aukdcly4,47,antmaze-medium-diverse-v2,0.535820722579956,10.0
none,aukdcly4,48,antmaze-medium-diverse-v2,0.5811842679977417,10.0
none,aukdcly4,49,antmaze-medium-diverse-v2,0.5538275241851807,10.0
pbrl,q67te71u,0,antmaze-large-play-v2,0.9866642951965332,0.02
pbrl,q67te71u,1,antmaze-large-play-v2,0.8960144519805908,0.02
pbrl,q67te71u,2,antmaze-large-play-v2,0.8416814208030701,0.02
pbrl,q67te71u,3,antmaze-large-play-v2,0.7425845861434937,0.02
pbrl,q67te71u,4,antmaze-large-play-v2,0.6585696935653687,0.02
pbrl,q67te71u,5,antmaze-large-play-v2,0.6697037220001221,0.02
pbrl,q67te71u,6,antmaze-large-play-v2,0.7074629068374634,0.02
pbrl,q67te71u,7,antmaze-large-play-v2,0.7581486701965332,0.02
pbrl,q67te71u,8,antmaze-large-play-v2,0.6869181990623474,0.02
pbrl,q67te71u,9,antmaze-large-play-v2,0.7370997667312622,0.02
pbrl,q67te71u,10,antmaze-large-play-v2,0.7329930067062378,0.02
pbrl,q67te71u,11,antmaze-large-play-v2,0.7824259400367737,0.02
pbrl,q67te71u,12,antmaze-large-play-v2,0.8155637979507446,0.02
pbrl,q67te71u,13,antmaze-large-play-v2,0.7681317329406738,0.02
pbrl,q67te71u,14,antmaze-large-play-v2,0.8536685109138489,0.02
pbrl,q67te71u,15,antmaze-large-play-v2,0.7833976745605469,0.02
pbrl,q67te71u,16,antmaze-large-play-v2,0.8661777973175049,0.02
pbrl,q67te71u,17,antmaze-large-play-v2,0.8006888628005981,0.02
pbrl,q67te71u,18,antmaze-large-play-v2,0.917804479598999,0.02
pbrl,q67te71u,19,antmaze-large-play-v2,0.8419373035430908,0.02
pbrl,q67te71u,20,antmaze-large-play-v2,0.9243590831756592,0.02
pbrl,q67te71u,21,antmaze-large-play-v2,0.8570626974105835,0.02
pbrl,q67te71u,22,antmaze-large-play-v2,0.9317959547042847,0.02
pbrl,q67te71u,23,antmaze-large-play-v2,0.8172988891601562,0.02
pbrl,q67te71u,24,antmaze-large-play-v2,0.8348168134689331,0.02
pbrl,q67te71u,25,antmaze-large-play-v2,0.9048300981521606,0.02
pbrl,q67te71u,26,antmaze-large-play-v2,0.8674958944320679,0.02
pbrl,q67te71u,27,antmaze-large-play-v2,0.8536732196807861,0.02
pbrl,q67te71u,28,antmaze-large-play-v2,0.8127278089523315,0.02
pbrl,q67te71u,29,antmaze-large-play-v2,0.8672717809677124,0.02
pbrl,q67te71u,30,antmaze-large-play-v2,0.8119090795516968,0.02
pbrl,q67te71u,31,antmaze-large-play-v2,0.8735815286636353,0.02
pbrl,q67te71u,32,antmaze-large-play-v2,0.803267776966095,0.02
pbrl,q67te71u,33,antmaze-large-play-v2,0.844612717628479,0.02
pbrl,q67te71u,34,antmaze-large-play-v2,0.838335394859314,0.02
pbrl,q67te71u,35,antmaze-large-play-v2,0.8359777927398682,0.02
pbrl,q67te71u,36,antmaze-large-play-v2,0.9076172709465027,0.02
pbrl,q67te71u,37,antmaze-large-play-v2,0.8729920387268066,0.02
pbrl,q67te71u,38,antmaze-large-play-v2,0.908825159072876,0.02
pbrl,q67te71u,39,antmaze-large-play-v2,0.8759786486625671,0.02
pbrl,q67te71u,40,antmaze-large-play-v2,0.8278684616088867,0.02
pbrl,q67te71u,41,antmaze-large-play-v2,0.8325122594833374,0.02
pbrl,q67te71u,42,antmaze-large-play-v2,0.8584613800048828,0.02
pbrl,q67te71u,43,antmaze-large-play-v2,0.8038853406906128,0.02
pbrl,q67te71u,44,antmaze-large-play-v2,0.9062111973762512,0.02
pbrl,q67te71u,45,antmaze-large-play-v2,0.8426289558410645,0.02
pbrl,q67te71u,46,antmaze-large-play-v2,0.8314188122749329,0.02
pbrl,q67te71u,47,antmaze-large-play-v2,0.8435242176055908,0.02
pbrl,q67te71u,48,antmaze-large-play-v2,0.8585655093193054,0.02
pbrl,q67te71u,49,antmaze-large-play-v2,0.8410701751708984,0.02
none,yfu2gxsr,0,antmaze-medium-diverse-v2,0.7903690338134766,10.0
none,yfu2gxsr,1,antmaze-medium-diverse-v2,0.5265346765518188,10.0
none,yfu2gxsr,2,antmaze-medium-diverse-v2,0.47859373688697815,10.0
none,yfu2gxsr,3,antmaze-medium-diverse-v2,0.5437245965003967,10.0
none,yfu2gxsr,4,antmaze-medium-diverse-v2,0.4769197106361389,10.0
none,yfu2gxsr,5,antmaze-medium-diverse-v2,0.47999751567840576,10.0
none,yfu2gxsr,6,antmaze-medium-diverse-v2,0.5110852718353271,10.0
none,yfu2gxsr,7,antmaze-medium-diverse-v2,0.5257625579833984,10.0
none,yfu2gxsr,8,antmaze-medium-diverse-v2,0.5288602113723755,10.0
none,yfu2gxsr,9,antmaze-medium-diverse-v2,0.46725693345069885,10.0
none,yfu2gxsr,10,antmaze-medium-diverse-v2,0.42429113388061523,10.0
none,yfu2gxsr,11,antmaze-medium-diverse-v2,0.46568867564201355,10.0
none,yfu2gxsr,12,antmaze-medium-diverse-v2,0.548552930355072,10.0
none,yfu2gxsr,13,antmaze-medium-diverse-v2,0.5311490297317505,10.0
none,yfu2gxsr,14,antmaze-medium-diverse-v2,0.5091434121131897,10.0
none,yfu2gxsr,15,antmaze-medium-diverse-v2,0.5025212168693542,10.0
none,yfu2gxsr,16,antmaze-medium-diverse-v2,0.5568249225616455,10.0
none,yfu2gxsr,17,antmaze-medium-diverse-v2,0.5535906553268433,10.0
none,yfu2gxsr,18,antmaze-medium-diverse-v2,0.4950178861618042,10.0
none,yfu2gxsr,19,antmaze-medium-diverse-v2,0.5132184624671936,10.0
none,yfu2gxsr,20,antmaze-medium-diverse-v2,0.6324847936630249,10.0
none,yfu2gxsr,21,antmaze-medium-diverse-v2,0.5955415964126587,10.0
none,yfu2gxsr,22,antmaze-medium-diverse-v2,0.5564112067222595,10.0
none,yfu2gxsr,23,antmaze-medium-diverse-v2,0.5789458751678467,10.0
none,yfu2gxsr,24,antmaze-medium-diverse-v2,0.6043176651000977,10.0
none,yfu2gxsr,25,antmaze-medium-diverse-v2,0.623617947101593,10.0
none,yfu2gxsr,26,antmaze-medium-diverse-v2,0.5487963557243347,10.0
none,yfu2gxsr,27,antmaze-medium-diverse-v2,0.5603389739990234,10.0
none,yfu2gxsr,28,antmaze-medium-diverse-v2,0.5585347414016724,10.0
none,yfu2gxsr,29,antmaze-medium-diverse-v2,0.5449979901313782,10.0
none,yfu2gxsr,30,antmaze-medium-diverse-v2,0.5651142597198486,10.0
none,yfu2gxsr,31,antmaze-medium-diverse-v2,0.555111289024353,10.0
none,yfu2gxsr,32,antmaze-medium-diverse-v2,0.5791231393814087,10.0
none,yfu2gxsr,33,antmaze-medium-diverse-v2,0.5466226935386658,10.0
none,yfu2gxsr,34,antmaze-medium-diverse-v2,0.5377020835876465,10.0
none,yfu2gxsr,35,antmaze-medium-diverse-v2,0.5401495695114136,10.0
none,yfu2gxsr,36,antmaze-medium-diverse-v2,0.5770462155342102,10.0
none,yfu2gxsr,37,antmaze-medium-diverse-v2,0.5738012790679932,10.0
none,yfu2gxsr,38,antmaze-medium-diverse-v2,0.535437822341919,10.0
none,yfu2gxsr,39,antmaze-medium-diverse-v2,0.5181045532226562,10.0
none,yfu2gxsr,40,antmaze-medium-diverse-v2,0.5984604358673096,10.0
none,yfu2gxsr,41,antmaze-medium-diverse-v2,0.5062171220779419,10.0
none,yfu2gxsr,42,antmaze-medium-diverse-v2,0.5094811916351318,10.0
none,yfu2gxsr,43,antmaze-medium-diverse-v2,0.5256402492523193,10.0
none,yfu2gxsr,44,antmaze-medium-diverse-v2,0.5471862554550171,10.0
none,yfu2gxsr,45,antmaze-medium-diverse-v2,0.5567672252655029,10.0
none,yfu2gxsr,46,antmaze-medium-diverse-v2,0.5448762774467468,10.0
none,yfu2gxsr,47,antmaze-medium-diverse-v2,0.5370980501174927,10.0
none,yfu2gxsr,48,antmaze-medium-diverse-v2,0.5246557593345642,10.0
none,yfu2gxsr,49,antmaze-medium-diverse-v2,0.5267265439033508,10.0
pbrl,31w36jrc,0,antmaze-large-diverse-v2,0.9018820524215698,0.05
pbrl,31w36jrc,1,antmaze-large-diverse-v2,0.8021142482757568,0.05
pbrl,31w36jrc,2,antmaze-large-diverse-v2,0.6752415895462036,0.05
pbrl,31w36jrc,3,antmaze-large-diverse-v2,0.6369656324386597,0.05
pbrl,31w36jrc,4,antmaze-large-diverse-v2,0.6712383031845093,0.05
pbrl,31w36jrc,5,antmaze-large-diverse-v2,0.6819065809249878,0.05
pbrl,31w36jrc,6,antmaze-large-diverse-v2,0.6613454818725586,0.05
pbrl,31w36jrc,7,antmaze-large-diverse-v2,0.7385705709457397,0.05
pbrl,31w36jrc,8,antmaze-large-diverse-v2,0.7138844132423401,0.05
pbrl,31w36jrc,9,antmaze-large-diverse-v2,0.7008338570594788,0.05
pbrl,31w36jrc,10,antmaze-large-diverse-v2,0.6808789968490601,0.05
pbrl,31w36jrc,11,antmaze-large-diverse-v2,0.6722308397293091,0.05
pbrl,31w36jrc,12,antmaze-large-diverse-v2,0.7333109378814697,0.05
pbrl,31w36jrc,13,antmaze-large-diverse-v2,0.720749020576477,0.05
pbrl,31w36jrc,14,antmaze-large-diverse-v2,0.7339630126953125,0.05
pbrl,31w36jrc,15,antmaze-large-diverse-v2,0.7630566954612732,0.05
pbrl,31w36jrc,16,antmaze-large-diverse-v2,0.7581189870834351,0.05
pbrl,31w36jrc,17,antmaze-large-diverse-v2,0.7964302897453308,0.05
pbrl,31w36jrc,18,antmaze-large-diverse-v2,0.8391761779785156,0.05
pbrl,31w36jrc,19,antmaze-large-diverse-v2,0.8164358735084534,0.05
pbrl,31w36jrc,20,antmaze-large-diverse-v2,0.8086934685707092,0.05
pbrl,31w36jrc,21,antmaze-large-diverse-v2,0.7731123566627502,0.05
pbrl,31w36jrc,22,antmaze-large-diverse-v2,0.7775698900222778,0.05
pbrl,31w36jrc,23,antmaze-large-diverse-v2,0.8158692121505737,0.05
pbrl,31w36jrc,24,antmaze-large-diverse-v2,0.7336598634719849,0.05
pbrl,31w36jrc,25,antmaze-large-diverse-v2,0.7524048089981079,0.05
pbrl,31w36jrc,26,antmaze-large-diverse-v2,0.7650794982910156,0.05
pbrl,31w36jrc,27,antmaze-large-diverse-v2,0.7450709342956543,0.05
pbrl,31w36jrc,28,antmaze-large-diverse-v2,0.7222796678543091,0.05
pbrl,31w36jrc,29,antmaze-large-diverse-v2,0.7604514360427856,0.05
pbrl,31w36jrc,30,antmaze-large-diverse-v2,0.7792030572891235,0.05
pbrl,31w36jrc,31,antmaze-large-diverse-v2,0.7536845207214355,0.05
pbrl,31w36jrc,32,antmaze-large-diverse-v2,0.7740243673324585,0.05
pbrl,31w36jrc,33,antmaze-large-diverse-v2,0.7336001396179199,0.05
pbrl,31w36jrc,34,antmaze-large-diverse-v2,0.7591794729232788,0.05
pbrl,31w36jrc,35,antmaze-large-diverse-v2,0.7741894721984863,0.05
pbrl,31w36jrc,36,antmaze-large-diverse-v2,0.8155895471572876,0.05
pbrl,31w36jrc,37,antmaze-large-diverse-v2,0.7710305452346802,0.05
pbrl,31w36jrc,38,antmaze-large-diverse-v2,0.7998961210250854,0.05
pbrl,31w36jrc,39,antmaze-large-diverse-v2,0.8179469108581543,0.05
pbrl,31w36jrc,40,antmaze-large-diverse-v2,0.8008211255073547,0.05
pbrl,31w36jrc,41,antmaze-large-diverse-v2,0.812982439994812,0.05
pbrl,31w36jrc,42,antmaze-large-diverse-v2,0.7768888473510742,0.05
pbrl,31w36jrc,43,antmaze-large-diverse-v2,0.7903786301612854,0.05
pbrl,31w36jrc,44,antmaze-large-diverse-v2,0.7626110315322876,0.05
pbrl,31w36jrc,45,antmaze-large-diverse-v2,0.7591257095336914,0.05
pbrl,31w36jrc,46,antmaze-large-diverse-v2,0.8090221881866455,0.05
pbrl,31w36jrc,47,antmaze-large-diverse-v2,0.7908350229263306,0.05
pbrl,31w36jrc,48,antmaze-large-diverse-v2,0.8015284538269043,0.05
pbrl,31w36jrc,49,antmaze-large-diverse-v2,0.7896826863288879,0.05
none,93ctzkra,0,antmaze-medium-diverse-v2,0.8064475059509277,50.0
none,93ctzkra,1,antmaze-medium-diverse-v2,0.5233324766159058,50.0
none,93ctzkra,2,antmaze-medium-diverse-v2,0.4584583342075348,50.0
none,93ctzkra,3,antmaze-medium-diverse-v2,0.4328426420688629,50.0
none,93ctzkra,4,antmaze-medium-diverse-v2,0.4359867572784424,50.0
none,93ctzkra,5,antmaze-medium-diverse-v2,0.4220525026321411,50.0
none,93ctzkra,6,antmaze-medium-diverse-v2,0.41372451186180115,50.0
none,93ctzkra,7,antmaze-medium-diverse-v2,0.455579549074173,50.0
none,93ctzkra,8,antmaze-medium-diverse-v2,0.4232793152332306,50.0
none,93ctzkra,9,antmaze-medium-diverse-v2,0.45121997594833374,50.0
none,93ctzkra,10,antmaze-medium-diverse-v2,0.43798136711120605,50.0
none,93ctzkra,11,antmaze-medium-diverse-v2,0.4653000235557556,50.0
none,93ctzkra,12,antmaze-medium-diverse-v2,0.5017324686050415,50.0
none,93ctzkra,13,antmaze-medium-diverse-v2,0.49824634194374084,50.0
none,93ctzkra,14,antmaze-medium-diverse-v2,0.4925132095813751,50.0
none,93ctzkra,15,antmaze-medium-diverse-v2,0.5159612894058228,50.0
none,93ctzkra,16,antmaze-medium-diverse-v2,0.532752275466919,50.0
none,93ctzkra,17,antmaze-medium-diverse-v2,0.5300139784812927,50.0
none,93ctzkra,18,antmaze-medium-diverse-v2,0.5158833265304565,50.0
none,93ctzkra,19,antmaze-medium-diverse-v2,0.5794634819030762,50.0
none,93ctzkra,20,antmaze-medium-diverse-v2,0.6150638461112976,50.0
none,93ctzkra,21,antmaze-medium-diverse-v2,0.6305868625640869,50.0
none,93ctzkra,22,antmaze-medium-diverse-v2,0.5699977874755859,50.0
none,93ctzkra,23,antmaze-medium-diverse-v2,0.5303841233253479,50.0
none,93ctzkra,24,antmaze-medium-diverse-v2,0.563129186630249,50.0
none,93ctzkra,25,antmaze-medium-diverse-v2,0.5755072832107544,50.0
none,93ctzkra,26,antmaze-medium-diverse-v2,0.5955673456192017,50.0
none,93ctzkra,27,antmaze-medium-diverse-v2,0.6335967779159546,50.0
none,93ctzkra,28,antmaze-medium-diverse-v2,0.6097782850265503,50.0
none,93ctzkra,29,antmaze-medium-diverse-v2,0.5554540753364563,50.0
none,93ctzkra,30,antmaze-medium-diverse-v2,0.5717365741729736,50.0
none,93ctzkra,31,antmaze-medium-diverse-v2,0.5506175756454468,50.0
none,93ctzkra,32,antmaze-medium-diverse-v2,0.5500301122665405,50.0
none,93ctzkra,33,antmaze-medium-diverse-v2,0.6079750061035156,50.0
none,93ctzkra,34,antmaze-medium-diverse-v2,0.5885589718818665,50.0
none,93ctzkra,35,antmaze-medium-diverse-v2,0.5263595581054688,50.0
none,93ctzkra,36,antmaze-medium-diverse-v2,0.5738972425460815,50.0
none,93ctzkra,37,antmaze-medium-diverse-v2,0.5241860151290894,50.0
none,93ctzkra,38,antmaze-medium-diverse-v2,0.5503658056259155,50.0
none,93ctzkra,39,antmaze-medium-diverse-v2,0.5123529434204102,50.0
none,93ctzkra,40,antmaze-medium-diverse-v2,0.540713906288147,50.0
none,93ctzkra,41,antmaze-medium-diverse-v2,0.525335431098938,50.0
none,93ctzkra,42,antmaze-medium-diverse-v2,0.57254958152771,50.0
none,93ctzkra,43,antmaze-medium-diverse-v2,0.5332232117652893,50.0
none,93ctzkra,44,antmaze-medium-diverse-v2,0.5206234455108643,50.0
none,93ctzkra,45,antmaze-medium-diverse-v2,0.5095802545547485,50.0
none,93ctzkra,46,antmaze-medium-diverse-v2,0.5422428846359253,50.0
none,93ctzkra,47,antmaze-medium-diverse-v2,0.4963090717792511,50.0
none,93ctzkra,48,antmaze-medium-diverse-v2,0.5457212924957275,50.0
none,93ctzkra,49,antmaze-medium-diverse-v2,0.5633115768432617,50.0
pbrl,b2zlrna6,0,antmaze-large-diverse-v2,0.9482473134994507,0.05
pbrl,b2zlrna6,1,antmaze-large-diverse-v2,0.8384512662887573,0.05
pbrl,b2zlrna6,2,antmaze-large-diverse-v2,0.7444517016410828,0.05
pbrl,b2zlrna6,3,antmaze-large-diverse-v2,0.7416612505912781,0.05
pbrl,b2zlrna6,4,antmaze-large-diverse-v2,0.6556239128112793,0.05
pbrl,b2zlrna6,5,antmaze-large-diverse-v2,0.6193999648094177,0.05
pbrl,b2zlrna6,6,antmaze-large-diverse-v2,0.6600269675254822,0.05
pbrl,b2zlrna6,7,antmaze-large-diverse-v2,0.6550841331481934,0.05
pbrl,b2zlrna6,8,antmaze-large-diverse-v2,0.6585800647735596,0.05
pbrl,b2zlrna6,9,antmaze-large-diverse-v2,0.6915175914764404,0.05
pbrl,b2zlrna6,10,antmaze-large-diverse-v2,0.7114836573600769,0.05
pbrl,b2zlrna6,11,antmaze-large-diverse-v2,0.6570926904678345,0.05
pbrl,b2zlrna6,12,antmaze-large-diverse-v2,0.7520185708999634,0.05
pbrl,b2zlrna6,13,antmaze-large-diverse-v2,0.7458038330078125,0.05
pbrl,b2zlrna6,14,antmaze-large-diverse-v2,0.7701342105865479,0.05
pbrl,b2zlrna6,15,antmaze-large-diverse-v2,0.750028133392334,0.05
pbrl,b2zlrna6,16,antmaze-large-diverse-v2,0.7502400875091553,0.05
pbrl,b2zlrna6,17,antmaze-large-diverse-v2,0.7391963005065918,0.05
pbrl,b2zlrna6,18,antmaze-large-diverse-v2,0.8150107860565186,0.05
pbrl,b2zlrna6,19,antmaze-large-diverse-v2,0.7825793623924255,0.05
pbrl,b2zlrna6,20,antmaze-large-diverse-v2,0.8841888904571533,0.05
pbrl,b2zlrna6,21,antmaze-large-diverse-v2,0.7804526090621948,0.05
pbrl,b2zlrna6,22,antmaze-large-diverse-v2,0.8355740904808044,0.05
pbrl,b2zlrna6,23,antmaze-large-diverse-v2,0.793268084526062,0.05
pbrl,b2zlrna6,24,antmaze-large-diverse-v2,0.795102596282959,0.05
pbrl,b2zlrna6,25,antmaze-large-diverse-v2,0.8446083068847656,0.05
pbrl,b2zlrna6,26,antmaze-large-diverse-v2,0.8205690979957581,0.05
pbrl,b2zlrna6,27,antmaze-large-diverse-v2,0.8367246985435486,0.05
pbrl,b2zlrna6,28,antmaze-large-diverse-v2,0.7626673579216003,0.05
pbrl,b2zlrna6,29,antmaze-large-diverse-v2,0.819666862487793,0.05
pbrl,b2zlrna6,30,antmaze-large-diverse-v2,0.7801899909973145,0.05
pbrl,b2zlrna6,31,antmaze-large-diverse-v2,0.8272227048873901,0.05
pbrl,b2zlrna6,32,antmaze-large-diverse-v2,0.7953430414199829,0.05
pbrl,b2zlrna6,33,antmaze-large-diverse-v2,0.848502516746521,0.05
pbrl,b2zlrna6,34,antmaze-large-diverse-v2,0.7886295318603516,0.05
pbrl,b2zlrna6,35,antmaze-large-diverse-v2,0.7797609567642212,0.05
pbrl,b2zlrna6,36,antmaze-large-diverse-v2,0.7911156415939331,0.05
pbrl,b2zlrna6,37,antmaze-large-diverse-v2,0.7717868089675903,0.05
pbrl,b2zlrna6,38,antmaze-large-diverse-v2,0.7669352293014526,0.05
pbrl,b2zlrna6,39,antmaze-large-diverse-v2,0.8183501362800598,0.05
pbrl,b2zlrna6,40,antmaze-large-diverse-v2,0.8787363171577454,0.05
pbrl,b2zlrna6,41,antmaze-large-diverse-v2,0.807736337184906,0.05
pbrl,b2zlrna6,42,antmaze-large-diverse-v2,0.8306317329406738,0.05
pbrl,b2zlrna6,43,antmaze-large-diverse-v2,0.8131599426269531,0.05
pbrl,b2zlrna6,44,antmaze-large-diverse-v2,0.8002349138259888,0.05
pbrl,b2zlrna6,45,antmaze-large-diverse-v2,0.8570733666419983,0.05
pbrl,b2zlrna6,46,antmaze-large-diverse-v2,0.7789837121963501,0.05
pbrl,b2zlrna6,47,antmaze-large-diverse-v2,0.8510254621505737,0.05
pbrl,b2zlrna6,48,antmaze-large-diverse-v2,0.7816663384437561,0.05
pbrl,b2zlrna6,49,antmaze-large-diverse-v2,0.8037844896316528,0.05
none,pozlf26s,0,antmaze-medium-diverse-v2,0.800161600112915,50.0
none,pozlf26s,1,antmaze-medium-diverse-v2,0.5507158041000366,50.0
none,pozlf26s,2,antmaze-medium-diverse-v2,0.44760769605636597,50.0
none,pozlf26s,3,antmaze-medium-diverse-v2,0.4403474032878876,50.0
none,pozlf26s,4,antmaze-medium-diverse-v2,0.4469306468963623,50.0
none,pozlf26s,5,antmaze-medium-diverse-v2,0.4667072892189026,50.0
none,pozlf26s,6,antmaze-medium-diverse-v2,0.482370525598526,50.0
none,pozlf26s,7,antmaze-medium-diverse-v2,0.43796491622924805,50.0
none,pozlf26s,8,antmaze-medium-diverse-v2,0.4149075150489807,50.0
none,pozlf26s,9,antmaze-medium-diverse-v2,0.4385034441947937,50.0
none,pozlf26s,10,antmaze-medium-diverse-v2,0.46380358934402466,50.0
none,pozlf26s,11,antmaze-medium-diverse-v2,0.4379376769065857,50.0
none,pozlf26s,12,antmaze-medium-diverse-v2,0.4819335341453552,50.0
none,pozlf26s,13,antmaze-medium-diverse-v2,0.5109806060791016,50.0
none,pozlf26s,14,antmaze-medium-diverse-v2,0.5013362169265747,50.0
none,pozlf26s,15,antmaze-medium-diverse-v2,0.5103074312210083,50.0
none,pozlf26s,16,antmaze-medium-diverse-v2,0.5015992522239685,50.0
none,pozlf26s,17,antmaze-medium-diverse-v2,0.500887393951416,50.0
none,pozlf26s,18,antmaze-medium-diverse-v2,0.5412424802780151,50.0
none,pozlf26s,19,antmaze-medium-diverse-v2,0.5592461824417114,50.0
none,pozlf26s,20,antmaze-medium-diverse-v2,0.5996739864349365,50.0
none,pozlf26s,21,antmaze-medium-diverse-v2,0.6016667485237122,50.0
none,pozlf26s,22,antmaze-medium-diverse-v2,0.5331955552101135,50.0
none,pozlf26s,23,antmaze-medium-diverse-v2,0.5163717865943909,50.0
none,pozlf26s,24,antmaze-medium-diverse-v2,0.5606021881103516,50.0
none,pozlf26s,25,antmaze-medium-diverse-v2,0.5229970812797546,50.0
none,pozlf26s,26,antmaze-medium-diverse-v2,0.553962230682373,50.0
none,pozlf26s,27,antmaze-medium-diverse-v2,0.5976688861846924,50.0
none,pozlf26s,28,antmaze-medium-diverse-v2,0.5919858813285828,50.0
none,pozlf26s,29,antmaze-medium-diverse-v2,0.6274323463439941,50.0
none,pozlf26s,30,antmaze-medium-diverse-v2,0.5434935092926025,50.0
none,pozlf26s,31,antmaze-medium-diverse-v2,0.5811147689819336,50.0
none,pozlf26s,32,antmaze-medium-diverse-v2,0.5725369453430176,50.0
none,pozlf26s,33,antmaze-medium-diverse-v2,0.6107885241508484,50.0
none,pozlf26s,34,antmaze-medium-diverse-v2,0.578848659992218,50.0
none,pozlf26s,35,antmaze-medium-diverse-v2,0.5417803525924683,50.0
none,pozlf26s,36,antmaze-medium-diverse-v2,0.5732041001319885,50.0
none,pozlf26s,37,antmaze-medium-diverse-v2,0.5604768991470337,50.0
none,pozlf26s,38,antmaze-medium-diverse-v2,0.5617142915725708,50.0
none,pozlf26s,39,antmaze-medium-diverse-v2,0.5863269567489624,50.0
none,pozlf26s,40,antmaze-medium-diverse-v2,0.5787743330001831,50.0
none,pozlf26s,41,antmaze-medium-diverse-v2,0.543842613697052,50.0
none,pozlf26s,42,antmaze-medium-diverse-v2,0.5520648956298828,50.0
none,pozlf26s,43,antmaze-medium-diverse-v2,0.5546317100524902,50.0
none,pozlf26s,44,antmaze-medium-diverse-v2,0.5543280243873596,50.0
none,pozlf26s,45,antmaze-medium-diverse-v2,0.5622745752334595,50.0
none,pozlf26s,46,antmaze-medium-diverse-v2,0.474788099527359,50.0
none,pozlf26s,47,antmaze-medium-diverse-v2,0.5853877663612366,50.0
none,pozlf26s,48,antmaze-medium-diverse-v2,0.5464468002319336,50.0
none,pozlf26s,49,antmaze-medium-diverse-v2,0.4840943515300751,50.0
pbrl,qhoix3at,0,antmaze-large-diverse-v2,0.9165645837783813,0.05
pbrl,qhoix3at,1,antmaze-large-diverse-v2,0.8501963019371033,0.05
pbrl,qhoix3at,2,antmaze-large-diverse-v2,0.8119255304336548,0.05
pbrl,qhoix3at,3,antmaze-large-diverse-v2,0.6770914793014526,0.05
pbrl,qhoix3at,4,antmaze-large-diverse-v2,0.6524072885513306,0.05
pbrl,qhoix3at,5,antmaze-large-diverse-v2,0.6364459991455078,0.05
pbrl,qhoix3at,6,antmaze-large-diverse-v2,0.6186623573303223,0.05
pbrl,qhoix3at,7,antmaze-large-diverse-v2,0.6428322196006775,0.05
pbrl,qhoix3at,8,antmaze-large-diverse-v2,0.6649880409240723,0.05
pbrl,qhoix3at,9,antmaze-large-diverse-v2,0.631809413433075,0.05
pbrl,qhoix3at,10,antmaze-large-diverse-v2,0.6975140571594238,0.05
pbrl,qhoix3at,11,antmaze-large-diverse-v2,0.6811287999153137,0.05
pbrl,qhoix3at,12,antmaze-large-diverse-v2,0.7580374479293823,0.05
pbrl,qhoix3at,13,antmaze-large-diverse-v2,0.7771057486534119,0.05
pbrl,qhoix3at,14,antmaze-large-diverse-v2,0.7821645140647888,0.05
pbrl,qhoix3at,15,antmaze-large-diverse-v2,0.733612060546875,0.05
pbrl,qhoix3at,16,antmaze-large-diverse-v2,0.7879942655563354,0.05
pbrl,qhoix3at,17,antmaze-large-diverse-v2,0.8608052730560303,0.05
pbrl,qhoix3at,18,antmaze-large-diverse-v2,0.802125096321106,0.05
pbrl,qhoix3at,19,antmaze-large-diverse-v2,0.771882951259613,0.05
pbrl,qhoix3at,20,antmaze-large-diverse-v2,0.8267665505409241,0.05
pbrl,qhoix3at,21,antmaze-large-diverse-v2,0.8659021854400635,0.05
pbrl,qhoix3at,22,antmaze-large-diverse-v2,0.8625094890594482,0.05
pbrl,qhoix3at,23,antmaze-large-diverse-v2,0.9319586753845215,0.05
pbrl,qhoix3at,24,antmaze-large-diverse-v2,0.8031072616577148,0.05
pbrl,qhoix3at,25,antmaze-large-diverse-v2,0.8612493872642517,0.05
pbrl,qhoix3at,26,antmaze-large-diverse-v2,0.8068476319313049,0.05
pbrl,qhoix3at,27,antmaze-large-diverse-v2,0.8591760993003845,0.05
pbrl,qhoix3at,28,antmaze-large-diverse-v2,0.818206787109375,0.05
pbrl,qhoix3at,29,antmaze-large-diverse-v2,0.8236422538757324,0.05
pbrl,qhoix3at,30,antmaze-large-diverse-v2,0.8296806812286377,0.05
pbrl,qhoix3at,31,antmaze-large-diverse-v2,0.8521777391433716,0.05
pbrl,qhoix3at,32,antmaze-large-diverse-v2,0.8668872117996216,0.05
pbrl,qhoix3at,33,antmaze-large-diverse-v2,0.8471024036407471,0.05
pbrl,qhoix3at,34,antmaze-large-diverse-v2,0.8703652620315552,0.05
pbrl,qhoix3at,35,antmaze-large-diverse-v2,0.8460508584976196,0.05
pbrl,qhoix3at,36,antmaze-large-diverse-v2,0.8583307266235352,0.05
pbrl,qhoix3at,37,antmaze-large-diverse-v2,0.8807545900344849,0.05
pbrl,qhoix3at,38,antmaze-large-diverse-v2,0.8815281391143799,0.05
pbrl,qhoix3at,39,antmaze-large-diverse-v2,0.8396941423416138,0.05
pbrl,qhoix3at,40,antmaze-large-diverse-v2,0.882232129573822,0.05
pbrl,qhoix3at,41,antmaze-large-diverse-v2,0.8472931385040283,0.05
pbrl,qhoix3at,42,antmaze-large-diverse-v2,0.8467634916305542,0.05
pbrl,qhoix3at,43,antmaze-large-diverse-v2,0.8393223881721497,0.05
pbrl,qhoix3at,44,antmaze-large-diverse-v2,0.8726391792297363,0.05
pbrl,qhoix3at,45,antmaze-large-diverse-v2,0.9120588302612305,0.05
pbrl,qhoix3at,46,antmaze-large-diverse-v2,0.7802969217300415,0.05
pbrl,qhoix3at,47,antmaze-large-diverse-v2,0.8304369449615479,0.05
pbrl,qhoix3at,48,antmaze-large-diverse-v2,0.8716133832931519,0.05
pbrl,qhoix3at,49,antmaze-large-diverse-v2,0.8392027616500854,0.05
none,vk6uqqfb,0,antmaze-medium-diverse-v2,0.8195188045501709,50.0
none,vk6uqqfb,1,antmaze-medium-diverse-v2,0.5386022329330444,50.0
none,vk6uqqfb,2,antmaze-medium-diverse-v2,0.4513240456581116,50.0
none,vk6uqqfb,3,antmaze-medium-diverse-v2,0.42387571930885315,50.0
none,vk6uqqfb,4,antmaze-medium-diverse-v2,0.45933690667152405,50.0
none,vk6uqqfb,5,antmaze-medium-diverse-v2,0.4744458794593811,50.0
none,vk6uqqfb,6,antmaze-medium-diverse-v2,0.5333606004714966,50.0
none,vk6uqqfb,7,antmaze-medium-diverse-v2,0.522920548915863,50.0
none,vk6uqqfb,8,antmaze-medium-diverse-v2,0.49692338705062866,50.0
none,vk6uqqfb,9,antmaze-medium-diverse-v2,0.5180442333221436,50.0
none,vk6uqqfb,10,antmaze-medium-diverse-v2,0.47932595014572144,50.0
none,vk6uqqfb,11,antmaze-medium-diverse-v2,0.46278467774391174,50.0
none,vk6uqqfb,12,antmaze-medium-diverse-v2,0.49913498759269714,50.0
none,vk6uqqfb,13,antmaze-medium-diverse-v2,0.5022967457771301,50.0
none,vk6uqqfb,14,antmaze-medium-diverse-v2,0.4805530607700348,50.0
none,vk6uqqfb,15,antmaze-medium-diverse-v2,0.545832633972168,50.0
none,vk6uqqfb,16,antmaze-medium-diverse-v2,0.48368096351623535,50.0
none,vk6uqqfb,17,antmaze-medium-diverse-v2,0.5600423216819763,50.0
none,vk6uqqfb,18,antmaze-medium-diverse-v2,0.5861104726791382,50.0
none,vk6uqqfb,19,antmaze-medium-diverse-v2,0.5215154886245728,50.0
none,vk6uqqfb,20,antmaze-medium-diverse-v2,0.5641342401504517,50.0
none,vk6uqqfb,21,antmaze-medium-diverse-v2,0.596933126449585,50.0
none,vk6uqqfb,22,antmaze-medium-diverse-v2,0.5807383060455322,50.0
none,vk6uqqfb,23,antmaze-medium-diverse-v2,0.5976787209510803,50.0
none,vk6uqqfb,24,antmaze-medium-diverse-v2,0.5740957260131836,50.0
none,vk6uqqfb,25,antmaze-medium-diverse-v2,0.58025062084198,50.0
none,vk6uqqfb,26,antmaze-medium-diverse-v2,0.5494411587715149,50.0
none,vk6uqqfb,27,antmaze-medium-diverse-v2,0.5807182192802429,50.0
none,vk6uqqfb,28,antmaze-medium-diverse-v2,0.6106125712394714,50.0
none,vk6uqqfb,29,antmaze-medium-diverse-v2,0.6025946140289307,50.0
none,vk6uqqfb,30,antmaze-medium-diverse-v2,0.5917526483535767,50.0
none,vk6uqqfb,31,antmaze-medium-diverse-v2,0.5755460262298584,50.0
none,vk6uqqfb,32,antmaze-medium-diverse-v2,0.5705277919769287,50.0
none,vk6uqqfb,33,antmaze-medium-diverse-v2,0.5551039576530457,50.0
none,vk6uqqfb,34,antmaze-medium-diverse-v2,0.5229091644287109,50.0
none,vk6uqqfb,35,antmaze-medium-diverse-v2,0.5243475437164307,50.0
none,vk6uqqfb,36,antmaze-medium-diverse-v2,0.5951806306838989,50.0
none,vk6uqqfb,37,antmaze-medium-diverse-v2,0.6314166784286499,50.0
none,vk6uqqfb,38,antmaze-medium-diverse-v2,0.5635350942611694,50.0
none,vk6uqqfb,39,antmaze-medium-diverse-v2,0.5695641040802002,50.0
none,vk6uqqfb,40,antmaze-medium-diverse-v2,0.5294055938720703,50.0
none,vk6uqqfb,41,antmaze-medium-diverse-v2,0.5026968717575073,50.0
none,vk6uqqfb,42,antmaze-medium-diverse-v2,0.49439340829849243,50.0
none,vk6uqqfb,43,antmaze-medium-diverse-v2,0.5416982769966125,50.0
none,vk6uqqfb,44,antmaze-medium-diverse-v2,0.5199216604232788,50.0
none,vk6uqqfb,45,antmaze-medium-diverse-v2,0.5333157777786255,50.0
none,vk6uqqfb,46,antmaze-medium-diverse-v2,0.48788827657699585,50.0
none,vk6uqqfb,47,antmaze-medium-diverse-v2,0.547248363494873,50.0
none,vk6uqqfb,48,antmaze-medium-diverse-v2,0.558180570602417,50.0
none,vk6uqqfb,49,antmaze-medium-diverse-v2,0.5064579248428345,50.0
pbrl,h1xnr2wj,0,antmaze-large-diverse-v2,0.9448877573013306,0.05
pbrl,h1xnr2wj,1,antmaze-large-diverse-v2,0.8444857597351074,0.05
pbrl,h1xnr2wj,2,antmaze-large-diverse-v2,0.764893114566803,0.05
pbrl,h1xnr2wj,3,antmaze-large-diverse-v2,0.6047384738922119,0.05
pbrl,h1xnr2wj,4,antmaze-large-diverse-v2,0.61655592918396,0.05
pbrl,h1xnr2wj,5,antmaze-large-diverse-v2,0.6614277362823486,0.05
pbrl,h1xnr2wj,6,antmaze-large-diverse-v2,0.6008345484733582,0.05
pbrl,h1xnr2wj,7,antmaze-large-diverse-v2,0.6365728378295898,0.05
pbrl,h1xnr2wj,8,antmaze-large-diverse-v2,0.6455854177474976,0.05
pbrl,h1xnr2wj,9,antmaze-large-diverse-v2,0.6884732842445374,0.05
pbrl,h1xnr2wj,10,antmaze-large-diverse-v2,0.7117294669151306,0.05
pbrl,h1xnr2wj,11,antmaze-large-diverse-v2,0.6978164315223694,0.05
pbrl,h1xnr2wj,12,antmaze-large-diverse-v2,0.7260884642601013,0.05
pbrl,h1xnr2wj,13,antmaze-large-diverse-v2,0.7340971231460571,0.05
pbrl,h1xnr2wj,14,antmaze-large-diverse-v2,0.792847752571106,0.05
pbrl,h1xnr2wj,15,antmaze-large-diverse-v2,0.7762964963912964,0.05
pbrl,h1xnr2wj,16,antmaze-large-diverse-v2,0.7658872008323669,0.05
pbrl,h1xnr2wj,17,antmaze-large-diverse-v2,0.7613868117332458,0.05
pbrl,h1xnr2wj,18,antmaze-large-diverse-v2,0.8108829259872437,0.05
pbrl,h1xnr2wj,19,antmaze-large-diverse-v2,0.7745547294616699,0.05
pbrl,h1xnr2wj,20,antmaze-large-diverse-v2,0.8273636102676392,0.05
pbrl,h1xnr2wj,21,antmaze-large-diverse-v2,0.8619253635406494,0.05
pbrl,h1xnr2wj,22,antmaze-large-diverse-v2,0.8263771533966064,0.05
pbrl,h1xnr2wj,23,antmaze-large-diverse-v2,0.8403407335281372,0.05
pbrl,h1xnr2wj,24,antmaze-large-diverse-v2,0.8410799503326416,0.05
pbrl,h1xnr2wj,25,antmaze-large-diverse-v2,0.8256112337112427,0.05
pbrl,h1xnr2wj,26,antmaze-large-diverse-v2,0.7885509729385376,0.05
pbrl,h1xnr2wj,27,antmaze-large-diverse-v2,0.8207392692565918,0.05
pbrl,h1xnr2wj,28,antmaze-large-diverse-v2,0.7481489777565002,0.05
pbrl,h1xnr2wj,29,antmaze-large-diverse-v2,0.818892240524292,0.05
pbrl,h1xnr2wj,30,antmaze-large-diverse-v2,0.8044941425323486,0.05
pbrl,h1xnr2wj,31,antmaze-large-diverse-v2,0.8218036890029907,0.05
pbrl,h1xnr2wj,32,antmaze-large-diverse-v2,0.7830691337585449,0.05
pbrl,h1xnr2wj,33,antmaze-large-diverse-v2,0.753054141998291,0.05
pbrl,h1xnr2wj,34,antmaze-large-diverse-v2,0.8008515238761902,0.05
pbrl,h1xnr2wj,35,antmaze-large-diverse-v2,0.8152877688407898,0.05
pbrl,h1xnr2wj,36,antmaze-large-diverse-v2,0.8327546119689941,0.05
pbrl,h1xnr2wj,37,antmaze-large-diverse-v2,0.7705245614051819,0.05
pbrl,h1xnr2wj,38,antmaze-large-diverse-v2,0.825179934501648,0.05
pbrl,h1xnr2wj,39,antmaze-large-diverse-v2,0.8371987342834473,0.05
pbrl,h1xnr2wj,40,antmaze-large-diverse-v2,0.7744846343994141,0.05
pbrl,h1xnr2wj,41,antmaze-large-diverse-v2,0.8413517475128174,0.05
pbrl,h1xnr2wj,42,antmaze-large-diverse-v2,0.7903964519500732,0.05
pbrl,h1xnr2wj,43,antmaze-large-diverse-v2,0.8153560161590576,0.05
pbrl,h1xnr2wj,44,antmaze-large-diverse-v2,0.7635207176208496,0.05
pbrl,h1xnr2wj,45,antmaze-large-diverse-v2,0.8895853161811829,0.05
pbrl,h1xnr2wj,46,antmaze-large-diverse-v2,0.8073052763938904,0.05
pbrl,h1xnr2wj,47,antmaze-large-diverse-v2,0.8511335849761963,0.05
pbrl,h1xnr2wj,48,antmaze-large-diverse-v2,0.8134423494338989,0.05
pbrl,h1xnr2wj,49,antmaze-large-diverse-v2,0.759952962398529,0.05
none,c8hy66qj,0,antmaze-medium-diverse-v2,0.7838203310966492,50.0
none,c8hy66qj,1,antmaze-medium-diverse-v2,0.4992779493331909,50.0
none,c8hy66qj,2,antmaze-medium-diverse-v2,0.4510619342327118,50.0
none,c8hy66qj,3,antmaze-medium-diverse-v2,0.4530871510505676,50.0
none,c8hy66qj,4,antmaze-medium-diverse-v2,0.39377036690711975,50.0
none,c8hy66qj,5,antmaze-medium-diverse-v2,0.44517844915390015,50.0
none,c8hy66qj,6,antmaze-medium-diverse-v2,0.42871415615081787,50.0
none,c8hy66qj,7,antmaze-medium-diverse-v2,0.41335248947143555,50.0
none,c8hy66qj,8,antmaze-medium-diverse-v2,0.4526022970676422,50.0
none,c8hy66qj,9,antmaze-medium-diverse-v2,0.44843998551368713,50.0
none,c8hy66qj,10,antmaze-medium-diverse-v2,0.4700982868671417,50.0
none,c8hy66qj,11,antmaze-medium-diverse-v2,0.45361462235450745,50.0
none,c8hy66qj,12,antmaze-medium-diverse-v2,0.46132391691207886,50.0
none,c8hy66qj,13,antmaze-medium-diverse-v2,0.5278803706169128,50.0
none,c8hy66qj,14,antmaze-medium-diverse-v2,0.5244016647338867,50.0
none,c8hy66qj,15,antmaze-medium-diverse-v2,0.48771145939826965,50.0
none,c8hy66qj,16,antmaze-medium-diverse-v2,0.5083547830581665,50.0
none,c8hy66qj,17,antmaze-medium-diverse-v2,0.5015894174575806,50.0
none,c8hy66qj,18,antmaze-medium-diverse-v2,0.5392211079597473,50.0
none,c8hy66qj,19,antmaze-medium-diverse-v2,0.5113248825073242,50.0
none,c8hy66qj,20,antmaze-medium-diverse-v2,0.5231602191925049,50.0
none,c8hy66qj,21,antmaze-medium-diverse-v2,0.5385463237762451,50.0
none,c8hy66qj,22,antmaze-medium-diverse-v2,0.5685800313949585,50.0
none,c8hy66qj,23,antmaze-medium-diverse-v2,0.5101673007011414,50.0
none,c8hy66qj,24,antmaze-medium-diverse-v2,0.6099509596824646,50.0
none,c8hy66qj,25,antmaze-medium-diverse-v2,0.5425816774368286,50.0
none,c8hy66qj,26,antmaze-medium-diverse-v2,0.559431791305542,50.0
none,c8hy66qj,27,antmaze-medium-diverse-v2,0.5749070644378662,50.0
none,c8hy66qj,28,antmaze-medium-diverse-v2,0.5800057649612427,50.0
none,c8hy66qj,29,antmaze-medium-diverse-v2,0.5733644962310791,50.0
none,c8hy66qj,30,antmaze-medium-diverse-v2,0.5560555458068848,50.0
none,c8hy66qj,31,antmaze-medium-diverse-v2,0.5588322877883911,50.0
none,c8hy66qj,32,antmaze-medium-diverse-v2,0.601226806640625,50.0
none,c8hy66qj,33,antmaze-medium-diverse-v2,0.5850433707237244,50.0
none,c8hy66qj,34,antmaze-medium-diverse-v2,0.5319527387619019,50.0
none,c8hy66qj,35,antmaze-medium-diverse-v2,0.5520858764648438,50.0
none,c8hy66qj,36,antmaze-medium-diverse-v2,0.5072021484375,50.0
none,c8hy66qj,37,antmaze-medium-diverse-v2,0.5323926210403442,50.0
none,c8hy66qj,38,antmaze-medium-diverse-v2,0.5491405725479126,50.0
none,c8hy66qj,39,antmaze-medium-diverse-v2,0.5562409162521362,50.0
none,c8hy66qj,40,antmaze-medium-diverse-v2,0.5336479544639587,50.0
none,c8hy66qj,41,antmaze-medium-diverse-v2,0.4952751398086548,50.0
none,c8hy66qj,42,antmaze-medium-diverse-v2,0.5228067636489868,50.0
none,c8hy66qj,43,antmaze-medium-diverse-v2,0.5119318962097168,50.0
none,c8hy66qj,44,antmaze-medium-diverse-v2,0.4675530791282654,50.0
none,c8hy66qj,45,antmaze-medium-diverse-v2,0.52425217628479,50.0
none,c8hy66qj,46,antmaze-medium-diverse-v2,0.5090866088867188,50.0
none,c8hy66qj,47,antmaze-medium-diverse-v2,0.5063149333000183,50.0
none,c8hy66qj,48,antmaze-medium-diverse-v2,0.5516873598098755,50.0
none,c8hy66qj,49,antmaze-medium-diverse-v2,0.5228707790374756,50.0
pbrl,j8eos5rj,0,antmaze-large-diverse-v2,0.9248350858688354,0.05
pbrl,j8eos5rj,1,antmaze-large-diverse-v2,0.8279368281364441,0.05
pbrl,j8eos5rj,2,antmaze-large-diverse-v2,0.7273601293563843,0.05
pbrl,j8eos5rj,3,antmaze-large-diverse-v2,0.7265888452529907,0.05
pbrl,j8eos5rj,4,antmaze-large-diverse-v2,0.6350512504577637,0.05
pbrl,j8eos5rj,5,antmaze-large-diverse-v2,0.6336557865142822,0.05
pbrl,j8eos5rj,6,antmaze-large-diverse-v2,0.6794351935386658,0.05
pbrl,j8eos5rj,7,antmaze-large-diverse-v2,0.6793877482414246,0.05
pbrl,j8eos5rj,8,antmaze-large-diverse-v2,0.6822034120559692,0.05
pbrl,j8eos5rj,9,antmaze-large-diverse-v2,0.7119896411895752,0.05
pbrl,j8eos5rj,10,antmaze-large-diverse-v2,0.6510052680969238,0.05
pbrl,j8eos5rj,11,antmaze-large-diverse-v2,0.6508959531784058,0.05
pbrl,j8eos5rj,12,antmaze-large-diverse-v2,0.7869777679443359,0.05
pbrl,j8eos5rj,13,antmaze-large-diverse-v2,0.7295237183570862,0.05
pbrl,j8eos5rj,14,antmaze-large-diverse-v2,0.7675652503967285,0.05
pbrl,j8eos5rj,15,antmaze-large-diverse-v2,0.8111900091171265,0.05
pbrl,j8eos5rj,16,antmaze-large-diverse-v2,0.8224951028823853,0.05
pbrl,j8eos5rj,17,antmaze-large-diverse-v2,0.7804231643676758,0.05
pbrl,j8eos5rj,18,antmaze-large-diverse-v2,0.8067296743392944,0.05
pbrl,j8eos5rj,19,antmaze-large-diverse-v2,0.7980034947395325,0.05
pbrl,j8eos5rj,20,antmaze-large-diverse-v2,0.8628956079483032,0.05
pbrl,j8eos5rj,21,antmaze-large-diverse-v2,0.8179671168327332,0.05
pbrl,j8eos5rj,22,antmaze-large-diverse-v2,0.8560234308242798,0.05
pbrl,j8eos5rj,23,antmaze-large-diverse-v2,0.8157814741134644,0.05
pbrl,j8eos5rj,24,antmaze-large-diverse-v2,0.8227089643478394,0.05
pbrl,j8eos5rj,25,antmaze-large-diverse-v2,0.8047112226486206,0.05
pbrl,j8eos5rj,26,antmaze-large-diverse-v2,0.8722178936004639,0.05
pbrl,j8eos5rj,27,antmaze-large-diverse-v2,0.8176210522651672,0.05
pbrl,j8eos5rj,28,antmaze-large-diverse-v2,0.7690359354019165,0.05
pbrl,j8eos5rj,29,antmaze-large-diverse-v2,0.8603399991989136,0.05
pbrl,j8eos5rj,30,antmaze-large-diverse-v2,0.8692973852157593,0.05
pbrl,j8eos5rj,31,antmaze-large-diverse-v2,0.8258398771286011,0.05
pbrl,j8eos5rj,32,antmaze-large-diverse-v2,0.8834552764892578,0.05
pbrl,j8eos5rj,33,antmaze-large-diverse-v2,0.8830196261405945,0.05
pbrl,j8eos5rj,34,antmaze-large-diverse-v2,0.8035598993301392,0.05
pbrl,j8eos5rj,35,antmaze-large-diverse-v2,0.8029815554618835,0.05
pbrl,j8eos5rj,36,antmaze-large-diverse-v2,0.804775595664978,0.05
pbrl,j8eos5rj,37,antmaze-large-diverse-v2,0.7673049569129944,0.05
pbrl,j8eos5rj,38,antmaze-large-diverse-v2,0.7937079071998596,0.05
pbrl,j8eos5rj,39,antmaze-large-diverse-v2,0.8204697370529175,0.05
pbrl,j8eos5rj,40,antmaze-large-diverse-v2,0.8134861588478088,0.05
pbrl,j8eos5rj,41,antmaze-large-diverse-v2,0.823381245136261,0.05
pbrl,j8eos5rj,42,antmaze-large-diverse-v2,0.8732490539550781,0.05
pbrl,j8eos5rj,43,antmaze-large-diverse-v2,0.8059587478637695,0.05
pbrl,j8eos5rj,44,antmaze-large-diverse-v2,0.8611133098602295,0.05
pbrl,j8eos5rj,45,antmaze-large-diverse-v2,0.8237180709838867,0.05
pbrl,j8eos5rj,46,antmaze-large-diverse-v2,0.8389275074005127,0.05
pbrl,j8eos5rj,47,antmaze-large-diverse-v2,0.8335705399513245,0.05
pbrl,j8eos5rj,48,antmaze-large-diverse-v2,0.8800755739212036,0.05
pbrl,j8eos5rj,49,antmaze-large-diverse-v2,0.8185873031616211,0.05
none,anre5qan,0,antmaze-medium-diverse-v2,0.7802448272705078,50.0
none,anre5qan,1,antmaze-medium-diverse-v2,0.5566842555999756,50.0
none,anre5qan,2,antmaze-medium-diverse-v2,0.45289701223373413,50.0
none,anre5qan,3,antmaze-medium-diverse-v2,0.4952082931995392,50.0
none,anre5qan,4,antmaze-medium-diverse-v2,0.4608742594718933,50.0
none,anre5qan,5,antmaze-medium-diverse-v2,0.47475871443748474,50.0
none,anre5qan,6,antmaze-medium-diverse-v2,0.5109019875526428,50.0
none,anre5qan,7,antmaze-medium-diverse-v2,0.4523535966873169,50.0
none,anre5qan,8,antmaze-medium-diverse-v2,0.4755364656448364,50.0
none,anre5qan,9,antmaze-medium-diverse-v2,0.48606449365615845,50.0
none,anre5qan,10,antmaze-medium-diverse-v2,0.44107669591903687,50.0
none,anre5qan,11,antmaze-medium-diverse-v2,0.48569685220718384,50.0
none,anre5qan,12,antmaze-medium-diverse-v2,0.529767632484436,50.0
none,anre5qan,13,antmaze-medium-diverse-v2,0.5991599559783936,50.0
none,anre5qan,14,antmaze-medium-diverse-v2,0.5729042291641235,50.0
none,anre5qan,15,antmaze-medium-diverse-v2,0.5177256464958191,50.0
none,anre5qan,16,antmaze-medium-diverse-v2,0.5447202920913696,50.0
none,anre5qan,17,antmaze-medium-diverse-v2,0.5061914324760437,50.0
none,anre5qan,18,antmaze-medium-diverse-v2,0.49519479274749756,50.0
none,anre5qan,19,antmaze-medium-diverse-v2,0.4852493107318878,50.0
none,anre5qan,20,antmaze-medium-diverse-v2,0.603789210319519,50.0
none,anre5qan,21,antmaze-medium-diverse-v2,0.5694509744644165,50.0
none,anre5qan,22,antmaze-medium-diverse-v2,0.5313977003097534,50.0
none,anre5qan,23,antmaze-medium-diverse-v2,0.5571327209472656,50.0
none,anre5qan,24,antmaze-medium-diverse-v2,0.5850191116333008,50.0
none,anre5qan,25,antmaze-medium-diverse-v2,0.6103993654251099,50.0
none,anre5qan,26,antmaze-medium-diverse-v2,0.5594248175621033,50.0
none,anre5qan,27,antmaze-medium-diverse-v2,0.5917583703994751,50.0
none,anre5qan,28,antmaze-medium-diverse-v2,0.5768015384674072,50.0
none,anre5qan,29,antmaze-medium-diverse-v2,0.5648415684700012,50.0
none,anre5qan,30,antmaze-medium-diverse-v2,0.6073180437088013,50.0
none,anre5qan,31,antmaze-medium-diverse-v2,0.5697938203811646,50.0
none,anre5qan,32,antmaze-medium-diverse-v2,0.5913823843002319,50.0
none,anre5qan,33,antmaze-medium-diverse-v2,0.5862473249435425,50.0
none,anre5qan,34,antmaze-medium-diverse-v2,0.5128656029701233,50.0
none,anre5qan,35,antmaze-medium-diverse-v2,0.5336766242980957,50.0
none,anre5qan,36,antmaze-medium-diverse-v2,0.5409428477287292,50.0
none,anre5qan,37,antmaze-medium-diverse-v2,0.5683944225311279,50.0
none,anre5qan,38,antmaze-medium-diverse-v2,0.5345693230628967,50.0
none,anre5qan,39,antmaze-medium-diverse-v2,0.5023230314254761,50.0
none,anre5qan,40,antmaze-medium-diverse-v2,0.6090142726898193,50.0
none,anre5qan,41,antmaze-medium-diverse-v2,0.5358780026435852,50.0
none,anre5qan,42,antmaze-medium-diverse-v2,0.5242078304290771,50.0
none,anre5qan,43,antmaze-medium-diverse-v2,0.5157990455627441,50.0
none,anre5qan,44,antmaze-medium-diverse-v2,0.544532060623169,50.0
none,anre5qan,45,antmaze-medium-diverse-v2,0.5762913823127747,50.0
none,anre5qan,46,antmaze-medium-diverse-v2,0.5589556097984314,50.0
none,anre5qan,47,antmaze-medium-diverse-v2,0.5218809843063354,50.0
none,anre5qan,48,antmaze-medium-diverse-v2,0.5291839241981506,50.0
none,anre5qan,49,antmaze-medium-diverse-v2,0.5398977398872375,50.0
pbrl,xq98iql3,0,antmaze-medium-diverse-v2,0.8720949292182922,0.05
pbrl,xq98iql3,1,antmaze-medium-diverse-v2,0.7653985023498535,0.05
pbrl,xq98iql3,2,antmaze-medium-diverse-v2,0.673484206199646,0.05
pbrl,xq98iql3,3,antmaze-medium-diverse-v2,0.6156770586967468,0.05
pbrl,xq98iql3,4,antmaze-medium-diverse-v2,0.5579338073730469,0.05
pbrl,xq98iql3,5,antmaze-medium-diverse-v2,0.5816270112991333,0.05
pbrl,xq98iql3,6,antmaze-medium-diverse-v2,0.5725861191749573,0.05
pbrl,xq98iql3,7,antmaze-medium-diverse-v2,0.5665763020515442,0.05
pbrl,xq98iql3,8,antmaze-medium-diverse-v2,0.6302480697631836,0.05
pbrl,xq98iql3,9,antmaze-medium-diverse-v2,0.6536810398101807,0.05
pbrl,xq98iql3,10,antmaze-medium-diverse-v2,0.64584881067276,0.05
pbrl,xq98iql3,11,antmaze-medium-diverse-v2,0.7519975900650024,0.05
pbrl,xq98iql3,12,antmaze-medium-diverse-v2,0.6796692609786987,0.05
pbrl,xq98iql3,13,antmaze-medium-diverse-v2,0.6892625093460083,0.05
pbrl,xq98iql3,14,antmaze-medium-diverse-v2,0.6449365615844727,0.05
pbrl,xq98iql3,15,antmaze-medium-diverse-v2,0.7678026556968689,0.05
pbrl,xq98iql3,16,antmaze-medium-diverse-v2,0.7697855234146118,0.05
pbrl,xq98iql3,17,antmaze-medium-diverse-v2,0.7380174398422241,0.05
pbrl,xq98iql3,18,antmaze-medium-diverse-v2,0.7934989929199219,0.05
pbrl,xq98iql3,19,antmaze-medium-diverse-v2,0.7759727239608765,0.05
pbrl,xq98iql3,20,antmaze-medium-diverse-v2,0.812140703201294,0.05
pbrl,xq98iql3,21,antmaze-medium-diverse-v2,0.8454646468162537,0.05
pbrl,xq98iql3,22,antmaze-medium-diverse-v2,0.7900334000587463,0.05
pbrl,xq98iql3,23,antmaze-medium-diverse-v2,0.8471623659133911,0.05
pbrl,xq98iql3,24,antmaze-medium-diverse-v2,0.8154067993164062,0.05
pbrl,xq98iql3,25,antmaze-medium-diverse-v2,0.8235888481140137,0.05
pbrl,xq98iql3,26,antmaze-medium-diverse-v2,0.7848912477493286,0.05
pbrl,xq98iql3,27,antmaze-medium-diverse-v2,0.8154438138008118,0.05
pbrl,xq98iql3,28,antmaze-medium-diverse-v2,0.8311711549758911,0.05
pbrl,xq98iql3,29,antmaze-medium-diverse-v2,0.8027546405792236,0.05
pbrl,xq98iql3,30,antmaze-medium-diverse-v2,0.8251245617866516,0.05
pbrl,xq98iql3,31,antmaze-medium-diverse-v2,0.8005539178848267,0.05
pbrl,xq98iql3,32,antmaze-medium-diverse-v2,0.8150088787078857,0.05
pbrl,xq98iql3,33,antmaze-medium-diverse-v2,0.8232662677764893,0.05
pbrl,xq98iql3,34,antmaze-medium-diverse-v2,0.8468482494354248,0.05
pbrl,xq98iql3,35,antmaze-medium-diverse-v2,0.8297023773193359,0.05
pbrl,xq98iql3,36,antmaze-medium-diverse-v2,0.8309745788574219,0.05
pbrl,xq98iql3,37,antmaze-medium-diverse-v2,0.8239359259605408,0.05
pbrl,xq98iql3,38,antmaze-medium-diverse-v2,0.8204875588417053,0.05
pbrl,xq98iql3,39,antmaze-medium-diverse-v2,0.7770712375640869,0.05
pbrl,xq98iql3,40,antmaze-medium-diverse-v2,0.8102685213088989,0.05
pbrl,xq98iql3,41,antmaze-medium-diverse-v2,0.8195552229881287,0.05
pbrl,xq98iql3,42,antmaze-medium-diverse-v2,0.8969922661781311,0.05
pbrl,xq98iql3,43,antmaze-medium-diverse-v2,0.821948230266571,0.05
pbrl,xq98iql3,44,antmaze-medium-diverse-v2,0.8216111660003662,0.05
pbrl,xq98iql3,45,antmaze-medium-diverse-v2,0.7844837307929993,0.05
pbrl,xq98iql3,46,antmaze-medium-diverse-v2,0.8321742415428162,0.05
pbrl,xq98iql3,47,antmaze-medium-diverse-v2,0.7979364395141602,0.05
pbrl,xq98iql3,48,antmaze-medium-diverse-v2,0.7866629362106323,0.05
pbrl,xq98iql3,49,antmaze-medium-diverse-v2,0.8540298342704773,0.05
pbrl,he3mneb8,0,antmaze-medium-diverse-v2,0.9067597985267639,0.05
pbrl,he3mneb8,1,antmaze-medium-diverse-v2,0.7201621532440186,0.05
pbrl,he3mneb8,2,antmaze-medium-diverse-v2,0.6996239423751831,0.05
pbrl,he3mneb8,3,antmaze-medium-diverse-v2,0.624953031539917,0.05
pbrl,he3mneb8,4,antmaze-medium-diverse-v2,0.5724179744720459,0.05
pbrl,he3mneb8,5,antmaze-medium-diverse-v2,0.5905407667160034,0.05
pbrl,he3mneb8,6,antmaze-medium-diverse-v2,0.568288266658783,0.05
pbrl,he3mneb8,7,antmaze-medium-diverse-v2,0.5438264608383179,0.05
pbrl,he3mneb8,8,antmaze-medium-diverse-v2,0.6535089015960693,0.05
pbrl,he3mneb8,9,antmaze-medium-diverse-v2,0.6034653186798096,0.05
pbrl,he3mneb8,10,antmaze-medium-diverse-v2,0.6977735757827759,0.05
pbrl,he3mneb8,11,antmaze-medium-diverse-v2,0.6870943903923035,0.05
pbrl,he3mneb8,12,antmaze-medium-diverse-v2,0.7490954399108887,0.05
pbrl,he3mneb8,13,antmaze-medium-diverse-v2,0.7173511981964111,0.05
pbrl,he3mneb8,14,antmaze-medium-diverse-v2,0.7843080163002014,0.05
pbrl,he3mneb8,15,antmaze-medium-diverse-v2,0.7465734481811523,0.05
pbrl,he3mneb8,16,antmaze-medium-diverse-v2,0.7535102367401123,0.05
pbrl,he3mneb8,17,antmaze-medium-diverse-v2,0.7099100947380066,0.05
pbrl,he3mneb8,18,antmaze-medium-diverse-v2,0.7831593751907349,0.05
pbrl,he3mneb8,19,antmaze-medium-diverse-v2,0.7743657827377319,0.05
pbrl,he3mneb8,20,antmaze-medium-diverse-v2,0.8041467070579529,0.05
pbrl,he3mneb8,21,antmaze-medium-diverse-v2,0.7695560455322266,0.05
pbrl,he3mneb8,22,antmaze-medium-diverse-v2,0.7509639263153076,0.05
pbrl,he3mneb8,23,antmaze-medium-diverse-v2,0.7886444330215454,0.05
pbrl,he3mneb8,24,antmaze-medium-diverse-v2,0.8155255317687988,0.05
pbrl,he3mneb8,25,antmaze-medium-diverse-v2,0.7772216796875,0.05
pbrl,he3mneb8,26,antmaze-medium-diverse-v2,0.7455856800079346,0.05
pbrl,he3mneb8,27,antmaze-medium-diverse-v2,0.7807384133338928,0.05
pbrl,he3mneb8,28,antmaze-medium-diverse-v2,0.8207084536552429,0.05
pbrl,he3mneb8,29,antmaze-medium-diverse-v2,0.7718421816825867,0.05
pbrl,he3mneb8,30,antmaze-medium-diverse-v2,0.7977303266525269,0.05
pbrl,he3mneb8,31,antmaze-medium-diverse-v2,0.805568516254425,0.05
pbrl,he3mneb8,32,antmaze-medium-diverse-v2,0.8662552833557129,0.05
pbrl,he3mneb8,33,antmaze-medium-diverse-v2,0.8751542568206787,0.05
pbrl,he3mneb8,34,antmaze-medium-diverse-v2,0.8070716857910156,0.05
pbrl,he3mneb8,35,antmaze-medium-diverse-v2,0.7853983640670776,0.05
pbrl,he3mneb8,36,antmaze-medium-diverse-v2,0.7785876989364624,0.05
pbrl,he3mneb8,37,antmaze-medium-diverse-v2,0.7473798990249634,0.05
pbrl,he3mneb8,38,antmaze-medium-diverse-v2,0.837497353553772,0.05
pbrl,he3mneb8,39,antmaze-medium-diverse-v2,0.8357200622558594,0.05
pbrl,he3mneb8,40,antmaze-medium-diverse-v2,0.7958902716636658,0.05
pbrl,he3mneb8,41,antmaze-medium-diverse-v2,0.7570896148681641,0.05
pbrl,he3mneb8,42,antmaze-medium-diverse-v2,0.8144407272338867,0.05
pbrl,he3mneb8,43,antmaze-medium-diverse-v2,0.8626381158828735,0.05
pbrl,he3mneb8,44,antmaze-medium-diverse-v2,0.8043773174285889,0.05
pbrl,he3mneb8,45,antmaze-medium-diverse-v2,0.818297266960144,0.05
pbrl,he3mneb8,46,antmaze-medium-diverse-v2,0.7999514937400818,0.05
pbrl,he3mneb8,47,antmaze-medium-diverse-v2,0.7878453135490417,0.05
pbrl,he3mneb8,48,antmaze-medium-diverse-v2,0.7781107425689697,0.05
pbrl,he3mneb8,49,antmaze-medium-diverse-v2,0.7792034149169922,0.05
none,bpugs1dz,0,antmaze-medium-play-v2,0.8185857534408569,1.0
none,bpugs1dz,1,antmaze-medium-play-v2,0.4818486273288727,1.0
none,bpugs1dz,2,antmaze-medium-play-v2,0.48668015003204346,1.0
none,bpugs1dz,3,antmaze-medium-play-v2,0.5104225873947144,1.0
none,bpugs1dz,4,antmaze-medium-play-v2,0.5273364782333374,1.0
none,bpugs1dz,5,antmaze-medium-play-v2,0.5294834971427917,1.0
none,bpugs1dz,6,antmaze-medium-play-v2,0.5264765024185181,1.0
none,bpugs1dz,7,antmaze-medium-play-v2,0.4958808124065399,1.0
none,bpugs1dz,8,antmaze-medium-play-v2,0.45042914152145386,1.0
none,bpugs1dz,9,antmaze-medium-play-v2,0.5033023357391357,1.0
none,bpugs1dz,10,antmaze-medium-play-v2,0.46461641788482666,1.0
none,bpugs1dz,11,antmaze-medium-play-v2,0.48198291659355164,1.0
none,bpugs1dz,12,antmaze-medium-play-v2,0.49950823187828064,1.0
none,bpugs1dz,13,antmaze-medium-play-v2,0.4977295398712158,1.0
none,bpugs1dz,14,antmaze-medium-play-v2,0.5260374546051025,1.0
none,bpugs1dz,15,antmaze-medium-play-v2,0.5135166049003601,1.0
none,bpugs1dz,16,antmaze-medium-play-v2,0.5079753398895264,1.0
none,bpugs1dz,17,antmaze-medium-play-v2,0.5334576368331909,1.0
none,bpugs1dz,18,antmaze-medium-play-v2,0.5845143795013428,1.0
none,bpugs1dz,19,antmaze-medium-play-v2,0.6167252063751221,1.0
none,bpugs1dz,20,antmaze-medium-play-v2,0.5351340770721436,1.0
none,bpugs1dz,21,antmaze-medium-play-v2,0.5926313996315002,1.0
none,bpugs1dz,22,antmaze-medium-play-v2,0.5965273380279541,1.0
none,bpugs1dz,23,antmaze-medium-play-v2,0.5214183926582336,1.0
none,bpugs1dz,24,antmaze-medium-play-v2,0.5451065897941589,1.0
none,bpugs1dz,25,antmaze-medium-play-v2,0.5459915995597839,1.0
none,bpugs1dz,26,antmaze-medium-play-v2,0.5860525369644165,1.0
none,bpugs1dz,27,antmaze-medium-play-v2,0.545978844165802,1.0
none,bpugs1dz,28,antmaze-medium-play-v2,0.5880720615386963,1.0
none,bpugs1dz,29,antmaze-medium-play-v2,0.5407735109329224,1.0
none,bpugs1dz,30,antmaze-medium-play-v2,0.4929004907608032,1.0
none,bpugs1dz,31,antmaze-medium-play-v2,0.5378250479698181,1.0
none,bpugs1dz,32,antmaze-medium-play-v2,0.5394861102104187,1.0
none,bpugs1dz,33,antmaze-medium-play-v2,0.5446536540985107,1.0
none,bpugs1dz,34,antmaze-medium-play-v2,0.5456977486610413,1.0
none,bpugs1dz,35,antmaze-medium-play-v2,0.5719501376152039,1.0
none,bpugs1dz,36,antmaze-medium-play-v2,0.5785980224609375,1.0
none,bpugs1dz,37,antmaze-medium-play-v2,0.5400597453117371,1.0
none,bpugs1dz,38,antmaze-medium-play-v2,0.4986380338668823,1.0
none,bpugs1dz,39,antmaze-medium-play-v2,0.503410816192627,1.0
none,bpugs1dz,40,antmaze-medium-play-v2,0.5402683615684509,1.0
none,bpugs1dz,41,antmaze-medium-play-v2,0.4994364380836487,1.0
none,bpugs1dz,42,antmaze-medium-play-v2,0.6005859375,1.0
none,bpugs1dz,43,antmaze-medium-play-v2,0.576314389705658,1.0
none,bpugs1dz,44,antmaze-medium-play-v2,0.5315251350402832,1.0
none,bpugs1dz,45,antmaze-medium-play-v2,0.5398972034454346,1.0
none,bpugs1dz,46,antmaze-medium-play-v2,0.5347145199775696,1.0
none,bpugs1dz,47,antmaze-medium-play-v2,0.5179548263549805,1.0
none,bpugs1dz,48,antmaze-medium-play-v2,0.4870224595069885,1.0
none,bpugs1dz,49,antmaze-medium-play-v2,0.6270760297775269,1.0
pbrl,8680dpb8,0,antmaze-medium-diverse-v2,0.9091628789901733,0.05
pbrl,8680dpb8,1,antmaze-medium-diverse-v2,0.8649452924728394,0.05
pbrl,8680dpb8,2,antmaze-medium-diverse-v2,0.7161092758178711,0.05
pbrl,8680dpb8,3,antmaze-medium-diverse-v2,0.6008293628692627,0.05
pbrl,8680dpb8,4,antmaze-medium-diverse-v2,0.6311330795288086,0.05
pbrl,8680dpb8,5,antmaze-medium-diverse-v2,0.5371055603027344,0.05
pbrl,8680dpb8,6,antmaze-medium-diverse-v2,0.5505379438400269,0.05
pbrl,8680dpb8,7,antmaze-medium-diverse-v2,0.558419942855835,0.05
pbrl,8680dpb8,8,antmaze-medium-diverse-v2,0.6338880062103271,0.05
pbrl,8680dpb8,9,antmaze-medium-diverse-v2,0.6313098073005676,0.05
pbrl,8680dpb8,10,antmaze-medium-diverse-v2,0.651708722114563,0.05
pbrl,8680dpb8,11,antmaze-medium-diverse-v2,0.648718535900116,0.05
pbrl,8680dpb8,12,antmaze-medium-diverse-v2,0.6810367107391357,0.05
pbrl,8680dpb8,13,antmaze-medium-diverse-v2,0.7403008341789246,0.05
pbrl,8680dpb8,14,antmaze-medium-diverse-v2,0.6390141248703003,0.05
pbrl,8680dpb8,15,antmaze-medium-diverse-v2,0.7663357853889465,0.05
pbrl,8680dpb8,16,antmaze-medium-diverse-v2,0.7023919820785522,0.05
pbrl,8680dpb8,17,antmaze-medium-diverse-v2,0.8608861565589905,0.05
pbrl,8680dpb8,18,antmaze-medium-diverse-v2,0.790345311164856,0.05
pbrl,8680dpb8,19,antmaze-medium-diverse-v2,0.7784367799758911,0.05
pbrl,8680dpb8,20,antmaze-medium-diverse-v2,0.7762063145637512,0.05
pbrl,8680dpb8,21,antmaze-medium-diverse-v2,0.8369985818862915,0.05
pbrl,8680dpb8,22,antmaze-medium-diverse-v2,0.8195148706436157,0.05
pbrl,8680dpb8,23,antmaze-medium-diverse-v2,0.8283083438873291,0.05
pbrl,8680dpb8,24,antmaze-medium-diverse-v2,0.7766042947769165,0.05
pbrl,8680dpb8,25,antmaze-medium-diverse-v2,0.850398600101471,0.05
pbrl,8680dpb8,26,antmaze-medium-diverse-v2,0.7694128155708313,0.05
pbrl,8680dpb8,27,antmaze-medium-diverse-v2,0.8275021910667419,0.05
pbrl,8680dpb8,28,antmaze-medium-diverse-v2,0.8167513012886047,0.05
pbrl,8680dpb8,29,antmaze-medium-diverse-v2,0.7765778303146362,0.05
pbrl,8680dpb8,30,antmaze-medium-diverse-v2,0.8708009123802185,0.05
pbrl,8680dpb8,31,antmaze-medium-diverse-v2,0.8707717657089233,0.05
pbrl,8680dpb8,32,antmaze-medium-diverse-v2,0.7945809960365295,0.05
pbrl,8680dpb8,33,antmaze-medium-diverse-v2,0.7995373010635376,0.05
pbrl,8680dpb8,34,antmaze-medium-diverse-v2,0.8210563659667969,0.05
pbrl,8680dpb8,35,antmaze-medium-diverse-v2,0.8063246011734009,0.05
pbrl,8680dpb8,36,antmaze-medium-diverse-v2,0.7833915948867798,0.05
pbrl,8680dpb8,37,antmaze-medium-diverse-v2,0.8684428930282593,0.05
pbrl,8680dpb8,38,antmaze-medium-diverse-v2,0.831057071685791,0.05
pbrl,8680dpb8,39,antmaze-medium-diverse-v2,0.8316671848297119,0.05
pbrl,8680dpb8,40,antmaze-medium-diverse-v2,0.8011291027069092,0.05
pbrl,8680dpb8,41,antmaze-medium-diverse-v2,0.7957134246826172,0.05
pbrl,8680dpb8,42,antmaze-medium-diverse-v2,0.8290729522705078,0.05
pbrl,8680dpb8,43,antmaze-medium-diverse-v2,0.8293372988700867,0.05
pbrl,8680dpb8,44,antmaze-medium-diverse-v2,0.8098000288009644,0.05
pbrl,8680dpb8,45,antmaze-medium-diverse-v2,0.7938017249107361,0.05
pbrl,8680dpb8,46,antmaze-medium-diverse-v2,0.8671134114265442,0.05
pbrl,8680dpb8,47,antmaze-medium-diverse-v2,0.9284164905548096,0.05
pbrl,8680dpb8,48,antmaze-medium-diverse-v2,0.8438951373100281,0.05
pbrl,8680dpb8,49,antmaze-medium-diverse-v2,0.8114758729934692,0.05
none,msh85pmc,0,antmaze-medium-play-v2,0.8129597902297974,1.0
none,msh85pmc,1,antmaze-medium-play-v2,0.49641168117523193,1.0
none,msh85pmc,2,antmaze-medium-play-v2,0.418501615524292,1.0
none,msh85pmc,3,antmaze-medium-play-v2,0.4639912545681,1.0
none,msh85pmc,4,antmaze-medium-play-v2,0.49779412150382996,1.0
none,msh85pmc,5,antmaze-medium-play-v2,0.5091996192932129,1.0
none,msh85pmc,6,antmaze-medium-play-v2,0.5175718069076538,1.0
none,msh85pmc,7,antmaze-medium-play-v2,0.5177767872810364,1.0
none,msh85pmc,8,antmaze-medium-play-v2,0.48997166752815247,1.0
none,msh85pmc,9,antmaze-medium-play-v2,0.4809478521347046,1.0
none,msh85pmc,10,antmaze-medium-play-v2,0.4833430349826813,1.0
none,msh85pmc,11,antmaze-medium-play-v2,0.47861942648887634,1.0
none,msh85pmc,12,antmaze-medium-play-v2,0.4965991973876953,1.0
none,msh85pmc,13,antmaze-medium-play-v2,0.490873783826828,1.0
none,msh85pmc,14,antmaze-medium-play-v2,0.5049424171447754,1.0
none,msh85pmc,15,antmaze-medium-play-v2,0.5308588147163391,1.0
none,msh85pmc,16,antmaze-medium-play-v2,0.5125939249992371,1.0
none,msh85pmc,17,antmaze-medium-play-v2,0.5777073502540588,1.0
none,msh85pmc,18,antmaze-medium-play-v2,0.5794471502304077,1.0
none,msh85pmc,19,antmaze-medium-play-v2,0.5704227089881897,1.0
none,msh85pmc,20,antmaze-medium-play-v2,0.5967915058135986,1.0
none,msh85pmc,21,antmaze-medium-play-v2,0.5515995025634766,1.0
none,msh85pmc,22,antmaze-medium-play-v2,0.5800913572311401,1.0
none,msh85pmc,23,antmaze-medium-play-v2,0.583685040473938,1.0
none,msh85pmc,24,antmaze-medium-play-v2,0.5104779601097107,1.0
none,msh85pmc,25,antmaze-medium-play-v2,0.5217128992080688,1.0
none,msh85pmc,26,antmaze-medium-play-v2,0.5917762517929077,1.0
none,msh85pmc,27,antmaze-medium-play-v2,0.5335054397583008,1.0
none,msh85pmc,28,antmaze-medium-play-v2,0.5664303302764893,1.0
none,msh85pmc,29,antmaze-medium-play-v2,0.5390433669090271,1.0
none,msh85pmc,30,antmaze-medium-play-v2,0.5904498100280762,1.0
none,msh85pmc,31,antmaze-medium-play-v2,0.5020580291748047,1.0
none,msh85pmc,32,antmaze-medium-play-v2,0.5942879319190979,1.0
none,msh85pmc,33,antmaze-medium-play-v2,0.5895677804946899,1.0
none,msh85pmc,34,antmaze-medium-play-v2,0.5175151824951172,1.0
none,msh85pmc,35,antmaze-medium-play-v2,0.5742974281311035,1.0
none,msh85pmc,36,antmaze-medium-play-v2,0.5052673816680908,1.0
none,msh85pmc,37,antmaze-medium-play-v2,0.5512683391571045,1.0
none,msh85pmc,38,antmaze-medium-play-v2,0.5461043119430542,1.0
none,msh85pmc,39,antmaze-medium-play-v2,0.5671237707138062,1.0
none,msh85pmc,40,antmaze-medium-play-v2,0.5468873977661133,1.0
none,msh85pmc,41,antmaze-medium-play-v2,0.521506667137146,1.0
none,msh85pmc,42,antmaze-medium-play-v2,0.5780014395713806,1.0
none,msh85pmc,43,antmaze-medium-play-v2,0.5567641258239746,1.0
none,msh85pmc,44,antmaze-medium-play-v2,0.5381797552108765,1.0
none,msh85pmc,45,antmaze-medium-play-v2,0.46833980083465576,1.0
none,msh85pmc,46,antmaze-medium-play-v2,0.5786992311477661,1.0
none,msh85pmc,47,antmaze-medium-play-v2,0.5341174006462097,1.0
none,msh85pmc,48,antmaze-medium-play-v2,0.5645875334739685,1.0
none,msh85pmc,49,antmaze-medium-play-v2,0.4880691468715668,1.0
pbrl,14ttcykk,0,antmaze-medium-diverse-v2,0.8801528215408325,0.05
pbrl,14ttcykk,1,antmaze-medium-diverse-v2,0.8593920469284058,0.05
pbrl,14ttcykk,2,antmaze-medium-diverse-v2,0.6913478970527649,0.05
pbrl,14ttcykk,3,antmaze-medium-diverse-v2,0.6365697979927063,0.05
pbrl,14ttcykk,4,antmaze-medium-diverse-v2,0.5599925518035889,0.05
pbrl,14ttcykk,5,antmaze-medium-diverse-v2,0.548095703125,0.05
pbrl,14ttcykk,6,antmaze-medium-diverse-v2,0.5462192893028259,0.05
pbrl,14ttcykk,7,antmaze-medium-diverse-v2,0.6008164882659912,0.05
pbrl,14ttcykk,8,antmaze-medium-diverse-v2,0.584693431854248,0.05
pbrl,14ttcykk,9,antmaze-medium-diverse-v2,0.6407232284545898,0.05
pbrl,14ttcykk,10,antmaze-medium-diverse-v2,0.6697712540626526,0.05
pbrl,14ttcykk,11,antmaze-medium-diverse-v2,0.6801295876502991,0.05
pbrl,14ttcykk,12,antmaze-medium-diverse-v2,0.733673632144928,0.05
pbrl,14ttcykk,13,antmaze-medium-diverse-v2,0.7763843536376953,0.05
pbrl,14ttcykk,14,antmaze-medium-diverse-v2,0.7518680691719055,0.05
pbrl,14ttcykk,15,antmaze-medium-diverse-v2,0.7150806188583374,0.05
pbrl,14ttcykk,16,antmaze-medium-diverse-v2,0.7416011691093445,0.05
pbrl,14ttcykk,17,antmaze-medium-diverse-v2,0.7163558006286621,0.05
pbrl,14ttcykk,18,antmaze-medium-diverse-v2,0.7326744794845581,0.05
pbrl,14ttcykk,19,antmaze-medium-diverse-v2,0.6775278449058533,0.05
pbrl,14ttcykk,20,antmaze-medium-diverse-v2,0.710893452167511,0.05
pbrl,14ttcykk,21,antmaze-medium-diverse-v2,0.7461657524108887,0.05
pbrl,14ttcykk,22,antmaze-medium-diverse-v2,0.7084898948669434,0.05
pbrl,14ttcykk,23,antmaze-medium-diverse-v2,0.8086316585540771,0.05
pbrl,14ttcykk,24,antmaze-medium-diverse-v2,0.7678205966949463,0.05
pbrl,14ttcykk,25,antmaze-medium-diverse-v2,0.7746351957321167,0.05
pbrl,14ttcykk,26,antmaze-medium-diverse-v2,0.7325869798660278,0.05
pbrl,14ttcykk,27,antmaze-medium-diverse-v2,0.7453210353851318,0.05
pbrl,14ttcykk,28,antmaze-medium-diverse-v2,0.7596653699874878,0.05
pbrl,14ttcykk,29,antmaze-medium-diverse-v2,0.777277946472168,0.05
pbrl,14ttcykk,30,antmaze-medium-diverse-v2,0.7820420265197754,0.05
pbrl,14ttcykk,31,antmaze-medium-diverse-v2,0.8133329749107361,0.05
pbrl,14ttcykk,32,antmaze-medium-diverse-v2,0.7757267951965332,0.05
pbrl,14ttcykk,33,antmaze-medium-diverse-v2,0.8224518299102783,0.05
pbrl,14ttcykk,34,antmaze-medium-diverse-v2,0.774615466594696,0.05
pbrl,14ttcykk,35,antmaze-medium-diverse-v2,0.7559337615966797,0.05
pbrl,14ttcykk,36,antmaze-medium-diverse-v2,0.7339562177658081,0.05
pbrl,14ttcykk,37,antmaze-medium-diverse-v2,0.7989909648895264,0.05
pbrl,14ttcykk,38,antmaze-medium-diverse-v2,0.829698920249939,0.05
pbrl,14ttcykk,39,antmaze-medium-diverse-v2,0.759414553642273,0.05
pbrl,14ttcykk,40,antmaze-medium-diverse-v2,0.7362352013587952,0.05
pbrl,14ttcykk,41,antmaze-medium-diverse-v2,0.7407698631286621,0.05
pbrl,14ttcykk,42,antmaze-medium-diverse-v2,0.8146688938140869,0.05
pbrl,14ttcykk,43,antmaze-medium-diverse-v2,0.7357882261276245,0.05
pbrl,14ttcykk,44,antmaze-medium-diverse-v2,0.7763511538505554,0.05
pbrl,14ttcykk,45,antmaze-medium-diverse-v2,0.8231674432754517,0.05
pbrl,14ttcykk,46,antmaze-medium-diverse-v2,0.7638295888900757,0.05
pbrl,14ttcykk,47,antmaze-medium-diverse-v2,0.7517982721328735,0.05
pbrl,14ttcykk,48,antmaze-medium-diverse-v2,0.7731545567512512,0.05
pbrl,14ttcykk,49,antmaze-medium-diverse-v2,0.7923350930213928,0.05
none,wjwrlt8u,0,antmaze-medium-play-v2,0.7779327034950256,1.0
none,wjwrlt8u,1,antmaze-medium-play-v2,0.4624502658843994,1.0
none,wjwrlt8u,2,antmaze-medium-play-v2,0.4640050530433655,1.0
none,wjwrlt8u,3,antmaze-medium-play-v2,0.49025270342826843,1.0
none,wjwrlt8u,4,antmaze-medium-play-v2,0.5266472101211548,1.0
none,wjwrlt8u,5,antmaze-medium-play-v2,0.47951430082321167,1.0
none,wjwrlt8u,6,antmaze-medium-play-v2,0.5011565685272217,1.0
none,wjwrlt8u,7,antmaze-medium-play-v2,0.4645688533782959,1.0
none,wjwrlt8u,8,antmaze-medium-play-v2,0.5111570954322815,1.0
none,wjwrlt8u,9,antmaze-medium-play-v2,0.5165085196495056,1.0
none,wjwrlt8u,10,antmaze-medium-play-v2,0.5138425230979919,1.0
none,wjwrlt8u,11,antmaze-medium-play-v2,0.5586689710617065,1.0
none,wjwrlt8u,12,antmaze-medium-play-v2,0.5562628507614136,1.0
none,wjwrlt8u,13,antmaze-medium-play-v2,0.5840752124786377,1.0
none,wjwrlt8u,14,antmaze-medium-play-v2,0.5392165780067444,1.0
none,wjwrlt8u,15,antmaze-medium-play-v2,0.5245002508163452,1.0
none,wjwrlt8u,16,antmaze-medium-play-v2,0.48531728982925415,1.0
none,wjwrlt8u,17,antmaze-medium-play-v2,0.541776180267334,1.0
none,wjwrlt8u,18,antmaze-medium-play-v2,0.4984188675880432,1.0
none,wjwrlt8u,19,antmaze-medium-play-v2,0.4661412835121155,1.0
none,wjwrlt8u,20,antmaze-medium-play-v2,0.5519154071807861,1.0
none,wjwrlt8u,21,antmaze-medium-play-v2,0.503219723701477,1.0
none,wjwrlt8u,22,antmaze-medium-play-v2,0.5413872003555298,1.0
none,wjwrlt8u,23,antmaze-medium-play-v2,0.5180350542068481,1.0
none,wjwrlt8u,24,antmaze-medium-play-v2,0.5254503488540649,1.0
none,wjwrlt8u,25,antmaze-medium-play-v2,0.5750294923782349,1.0
none,wjwrlt8u,26,antmaze-medium-play-v2,0.5668129324913025,1.0
none,wjwrlt8u,27,antmaze-medium-play-v2,0.5843536257743835,1.0
none,wjwrlt8u,28,antmaze-medium-play-v2,0.5781757831573486,1.0
none,wjwrlt8u,29,antmaze-medium-play-v2,0.5313479900360107,1.0
none,wjwrlt8u,30,antmaze-medium-play-v2,0.5239290595054626,1.0
none,wjwrlt8u,31,antmaze-medium-play-v2,0.5696805715560913,1.0
none,wjwrlt8u,32,antmaze-medium-play-v2,0.5177726745605469,1.0
none,wjwrlt8u,33,antmaze-medium-play-v2,0.47775042057037354,1.0
none,wjwrlt8u,34,antmaze-medium-play-v2,0.5520544648170471,1.0
none,wjwrlt8u,35,antmaze-medium-play-v2,0.6140615940093994,1.0
none,wjwrlt8u,36,antmaze-medium-play-v2,0.5442812442779541,1.0
none,wjwrlt8u,37,antmaze-medium-play-v2,0.5878264904022217,1.0
none,wjwrlt8u,38,antmaze-medium-play-v2,0.5164819359779358,1.0
none,wjwrlt8u,39,antmaze-medium-play-v2,0.5298570394515991,1.0
none,wjwrlt8u,40,antmaze-medium-play-v2,0.5225907564163208,1.0
none,wjwrlt8u,41,antmaze-medium-play-v2,0.5461962223052979,1.0
none,wjwrlt8u,42,antmaze-medium-play-v2,0.5721544027328491,1.0
none,wjwrlt8u,43,antmaze-medium-play-v2,0.5296747088432312,1.0
none,wjwrlt8u,44,antmaze-medium-play-v2,0.5261940956115723,1.0
none,wjwrlt8u,45,antmaze-medium-play-v2,0.506484866142273,1.0
none,wjwrlt8u,46,antmaze-medium-play-v2,0.5595223903656006,1.0
none,wjwrlt8u,47,antmaze-medium-play-v2,0.5212989449501038,1.0
none,wjwrlt8u,48,antmaze-medium-play-v2,0.559706449508667,1.0
none,wjwrlt8u,49,antmaze-medium-play-v2,0.5170462727546692,1.0
pbrl,ttar9s95,0,antmaze-medium-diverse-v2,0.8629329800605774,0.05
pbrl,ttar9s95,1,antmaze-medium-diverse-v2,0.8889175653457642,0.05
pbrl,ttar9s95,2,antmaze-medium-diverse-v2,0.7915724515914917,0.05
pbrl,ttar9s95,3,antmaze-medium-diverse-v2,0.7575691938400269,0.05
pbrl,ttar9s95,4,antmaze-medium-diverse-v2,0.6364911198616028,0.05
pbrl,ttar9s95,5,antmaze-medium-diverse-v2,0.6196758151054382,0.05
pbrl,ttar9s95,6,antmaze-medium-diverse-v2,0.6179723739624023,0.05
pbrl,ttar9s95,7,antmaze-medium-diverse-v2,0.5832061767578125,0.05
pbrl,ttar9s95,8,antmaze-medium-diverse-v2,0.579243540763855,0.05
pbrl,ttar9s95,9,antmaze-medium-diverse-v2,0.643028199672699,0.05
pbrl,ttar9s95,10,antmaze-medium-diverse-v2,0.6085342764854431,0.05
pbrl,ttar9s95,11,antmaze-medium-diverse-v2,0.6336702108383179,0.05
pbrl,ttar9s95,12,antmaze-medium-diverse-v2,0.6796112060546875,0.05
pbrl,ttar9s95,13,antmaze-medium-diverse-v2,0.6978983879089355,0.05
pbrl,ttar9s95,14,antmaze-medium-diverse-v2,0.678579568862915,0.05
pbrl,ttar9s95,15,antmaze-medium-diverse-v2,0.6763157844543457,0.05
pbrl,ttar9s95,16,antmaze-medium-diverse-v2,0.7257398366928101,0.05
pbrl,ttar9s95,17,antmaze-medium-diverse-v2,0.7629985213279724,0.05
pbrl,ttar9s95,18,antmaze-medium-diverse-v2,0.7299361228942871,0.05
pbrl,ttar9s95,19,antmaze-medium-diverse-v2,0.8083453178405762,0.05
pbrl,ttar9s95,20,antmaze-medium-diverse-v2,0.7781921625137329,0.05
pbrl,ttar9s95,21,antmaze-medium-diverse-v2,0.8465079069137573,0.05
pbrl,ttar9s95,22,antmaze-medium-diverse-v2,0.8128037452697754,0.05
pbrl,ttar9s95,23,antmaze-medium-diverse-v2,0.7495737075805664,0.05
pbrl,ttar9s95,24,antmaze-medium-diverse-v2,0.8004674911499023,0.05
pbrl,ttar9s95,25,antmaze-medium-diverse-v2,0.8344371914863586,0.05
pbrl,ttar9s95,26,antmaze-medium-diverse-v2,0.8097290992736816,0.05
pbrl,ttar9s95,27,antmaze-medium-diverse-v2,0.8451064825057983,0.05
pbrl,ttar9s95,28,antmaze-medium-diverse-v2,0.8290660977363586,0.05
pbrl,ttar9s95,29,antmaze-medium-diverse-v2,0.8163771033287048,0.05
pbrl,ttar9s95,30,antmaze-medium-diverse-v2,0.8410999774932861,0.05
pbrl,ttar9s95,31,antmaze-medium-diverse-v2,0.8465440273284912,0.05
pbrl,ttar9s95,32,antmaze-medium-diverse-v2,0.8006244897842407,0.05
pbrl,ttar9s95,33,antmaze-medium-diverse-v2,0.8573468327522278,0.05
pbrl,ttar9s95,34,antmaze-medium-diverse-v2,0.7936315536499023,0.05
pbrl,ttar9s95,35,antmaze-medium-diverse-v2,0.8083063364028931,0.05
pbrl,ttar9s95,36,antmaze-medium-diverse-v2,0.7736205458641052,0.05
pbrl,ttar9s95,37,antmaze-medium-diverse-v2,0.7683994174003601,0.05
pbrl,ttar9s95,38,antmaze-medium-diverse-v2,0.7857909202575684,0.05
pbrl,ttar9s95,39,antmaze-medium-diverse-v2,0.7979675531387329,0.05
pbrl,ttar9s95,40,antmaze-medium-diverse-v2,0.8277685642242432,0.05
pbrl,ttar9s95,41,antmaze-medium-diverse-v2,0.7499410510063171,0.05
pbrl,ttar9s95,42,antmaze-medium-diverse-v2,0.7941516637802124,0.05
pbrl,ttar9s95,43,antmaze-medium-diverse-v2,0.8825490474700928,0.05
pbrl,ttar9s95,44,antmaze-medium-diverse-v2,0.7297413349151611,0.05
pbrl,ttar9s95,45,antmaze-medium-diverse-v2,0.8580138683319092,0.05
pbrl,ttar9s95,46,antmaze-medium-diverse-v2,0.79634028673172,0.05
pbrl,ttar9s95,47,antmaze-medium-diverse-v2,0.7979283332824707,0.05
pbrl,ttar9s95,48,antmaze-medium-diverse-v2,0.8385556936264038,0.05
pbrl,ttar9s95,49,antmaze-medium-diverse-v2,0.7624558210372925,0.05
none,22zwyg2y,0,antmaze-medium-play-v2,0.8055311441421509,1.0
none,22zwyg2y,1,antmaze-medium-play-v2,0.4724801182746887,1.0
none,22zwyg2y,2,antmaze-medium-play-v2,0.43044233322143555,1.0
none,22zwyg2y,3,antmaze-medium-play-v2,0.4950592517852783,1.0
none,22zwyg2y,4,antmaze-medium-play-v2,0.46289753913879395,1.0
none,22zwyg2y,5,antmaze-medium-play-v2,0.49376779794692993,1.0
none,22zwyg2y,6,antmaze-medium-play-v2,0.45988887548446655,1.0
none,22zwyg2y,7,antmaze-medium-play-v2,0.4485129117965698,1.0
none,22zwyg2y,8,antmaze-medium-play-v2,0.4723168611526489,1.0
none,22zwyg2y,9,antmaze-medium-play-v2,0.5021758079528809,1.0
none,22zwyg2y,10,antmaze-medium-play-v2,0.47778481245040894,1.0
none,22zwyg2y,11,antmaze-medium-play-v2,0.46725597977638245,1.0
none,22zwyg2y,12,antmaze-medium-play-v2,0.4769028425216675,1.0
none,22zwyg2y,13,antmaze-medium-play-v2,0.5057859420776367,1.0
none,22zwyg2y,14,antmaze-medium-play-v2,0.546032190322876,1.0
none,22zwyg2y,15,antmaze-medium-play-v2,0.5272996425628662,1.0
none,22zwyg2y,16,antmaze-medium-play-v2,0.506417989730835,1.0
none,22zwyg2y,17,antmaze-medium-play-v2,0.5604108572006226,1.0
none,22zwyg2y,18,antmaze-medium-play-v2,0.6171984672546387,1.0
none,22zwyg2y,19,antmaze-medium-play-v2,0.6232137680053711,1.0
none,22zwyg2y,20,antmaze-medium-play-v2,0.506040096282959,1.0
none,22zwyg2y,21,antmaze-medium-play-v2,0.5040839910507202,1.0
none,22zwyg2y,22,antmaze-medium-play-v2,0.6152832508087158,1.0
none,22zwyg2y,23,antmaze-medium-play-v2,0.5281844139099121,1.0
none,22zwyg2y,24,antmaze-medium-play-v2,0.5960471034049988,1.0
none,22zwyg2y,25,antmaze-medium-play-v2,0.5151684284210205,1.0
none,22zwyg2y,26,antmaze-medium-play-v2,0.48468998074531555,1.0
none,22zwyg2y,27,antmaze-medium-play-v2,0.5675934553146362,1.0
none,22zwyg2y,28,antmaze-medium-play-v2,0.567420482635498,1.0
none,22zwyg2y,29,antmaze-medium-play-v2,0.5268222093582153,1.0
none,22zwyg2y,30,antmaze-medium-play-v2,0.5623712539672852,1.0
none,22zwyg2y,31,antmaze-medium-play-v2,0.4967702031135559,1.0
none,22zwyg2y,32,antmaze-medium-play-v2,0.5419689416885376,1.0
none,22zwyg2y,33,antmaze-medium-play-v2,0.5329335927963257,1.0
none,22zwyg2y,34,antmaze-medium-play-v2,0.5617270469665527,1.0
none,22zwyg2y,35,antmaze-medium-play-v2,0.5622578859329224,1.0
none,22zwyg2y,36,antmaze-medium-play-v2,0.4693250060081482,1.0
none,22zwyg2y,37,antmaze-medium-play-v2,0.5184952020645142,1.0
none,22zwyg2y,38,antmaze-medium-play-v2,0.5591537952423096,1.0
none,22zwyg2y,39,antmaze-medium-play-v2,0.5490835905075073,1.0
none,22zwyg2y,40,antmaze-medium-play-v2,0.5186178684234619,1.0
none,22zwyg2y,41,antmaze-medium-play-v2,0.505860447883606,1.0
none,22zwyg2y,42,antmaze-medium-play-v2,0.5532950162887573,1.0
none,22zwyg2y,43,antmaze-medium-play-v2,0.5054980516433716,1.0
none,22zwyg2y,44,antmaze-medium-play-v2,0.5691145658493042,1.0
none,22zwyg2y,45,antmaze-medium-play-v2,0.6044254302978516,1.0
none,22zwyg2y,46,antmaze-medium-play-v2,0.5417736768722534,1.0
none,22zwyg2y,47,antmaze-medium-play-v2,0.5390273928642273,1.0
none,22zwyg2y,48,antmaze-medium-play-v2,0.5423482060432434,1.0
none,22zwyg2y,49,antmaze-medium-play-v2,0.547931969165802,1.0
pbrl,e0es12mo,0,antmaze-medium-play-v2,0.9062197208404541,0.05
pbrl,e0es12mo,1,antmaze-medium-play-v2,0.839572012424469,0.05
pbrl,e0es12mo,2,antmaze-medium-play-v2,0.7389299273490906,0.05
pbrl,e0es12mo,3,antmaze-medium-play-v2,0.6098724603652954,0.05
pbrl,e0es12mo,4,antmaze-medium-play-v2,0.5879703164100647,0.05
pbrl,e0es12mo,5,antmaze-medium-play-v2,0.581566333770752,0.05
pbrl,e0es12mo,6,antmaze-medium-play-v2,0.5636768341064453,0.05
pbrl,e0es12mo,7,antmaze-medium-play-v2,0.6248502731323242,0.05
pbrl,e0es12mo,8,antmaze-medium-play-v2,0.6052464246749878,0.05
pbrl,e0es12mo,9,antmaze-medium-play-v2,0.6507093906402588,0.05
pbrl,e0es12mo,10,antmaze-medium-play-v2,0.6869823336601257,0.05
pbrl,e0es12mo,11,antmaze-medium-play-v2,0.68970787525177,0.05
pbrl,e0es12mo,12,antmaze-medium-play-v2,0.7201350331306458,0.05
pbrl,e0es12mo,13,antmaze-medium-play-v2,0.8070136904716492,0.05
pbrl,e0es12mo,14,antmaze-medium-play-v2,0.7201495170593262,0.05
pbrl,e0es12mo,15,antmaze-medium-play-v2,0.705065906047821,0.05
pbrl,e0es12mo,16,antmaze-medium-play-v2,0.6621959209442139,0.05
pbrl,e0es12mo,17,antmaze-medium-play-v2,0.7222857475280762,0.05
pbrl,e0es12mo,18,antmaze-medium-play-v2,0.7743387818336487,0.05
pbrl,e0es12mo,19,antmaze-medium-play-v2,0.7233607172966003,0.05
pbrl,e0es12mo,20,antmaze-medium-play-v2,0.6703861355781555,0.05
pbrl,e0es12mo,21,antmaze-medium-play-v2,0.7361084222793579,0.05
pbrl,e0es12mo,22,antmaze-medium-play-v2,0.6944279670715332,0.05
pbrl,e0es12mo,23,antmaze-medium-play-v2,0.7494097352027893,0.05
pbrl,e0es12mo,24,antmaze-medium-play-v2,0.7133218050003052,0.05
pbrl,e0es12mo,25,antmaze-medium-play-v2,0.7238705158233643,0.05
pbrl,e0es12mo,26,antmaze-medium-play-v2,0.7969251871109009,0.05
pbrl,e0es12mo,27,antmaze-medium-play-v2,0.7119902968406677,0.05
pbrl,e0es12mo,28,antmaze-medium-play-v2,0.759297251701355,0.05
pbrl,e0es12mo,29,antmaze-medium-play-v2,0.7923539280891418,0.05
pbrl,e0es12mo,30,antmaze-medium-play-v2,0.7788981199264526,0.05
pbrl,e0es12mo,31,antmaze-medium-play-v2,0.7052947878837585,0.05
pbrl,e0es12mo,32,antmaze-medium-play-v2,0.7802237272262573,0.05
pbrl,e0es12mo,33,antmaze-medium-play-v2,0.7345727682113647,0.05
pbrl,e0es12mo,34,antmaze-medium-play-v2,0.7480684518814087,0.05
pbrl,e0es12mo,35,antmaze-medium-play-v2,0.7486597299575806,0.05
pbrl,e0es12mo,36,antmaze-medium-play-v2,0.7528634667396545,0.05
pbrl,e0es12mo,37,antmaze-medium-play-v2,0.7456318140029907,0.05
pbrl,e0es12mo,38,antmaze-medium-play-v2,0.7107436060905457,0.05
pbrl,e0es12mo,39,antmaze-medium-play-v2,0.7586578130722046,0.05
pbrl,e0es12mo,40,antmaze-medium-play-v2,0.7472074031829834,0.05
pbrl,e0es12mo,41,antmaze-medium-play-v2,0.7193443179130554,0.05
pbrl,e0es12mo,42,antmaze-medium-play-v2,0.7364214062690735,0.05
pbrl,e0es12mo,43,antmaze-medium-play-v2,0.7659198045730591,0.05
pbrl,e0es12mo,44,antmaze-medium-play-v2,0.7401384115219116,0.05
pbrl,e0es12mo,45,antmaze-medium-play-v2,0.7633934020996094,0.05
pbrl,e0es12mo,46,antmaze-medium-play-v2,0.8197137713432312,0.05
pbrl,e0es12mo,47,antmaze-medium-play-v2,0.6901233196258545,0.05
pbrl,e0es12mo,48,antmaze-medium-play-v2,0.6995209455490112,0.05
pbrl,e0es12mo,49,antmaze-medium-play-v2,0.7125061750411987,0.05
none,rbohj64j,0,antmaze-medium-play-v2,0.8012610673904419,1.0
none,rbohj64j,1,antmaze-medium-play-v2,0.4685191512107849,1.0
none,rbohj64j,2,antmaze-medium-play-v2,0.47945457696914673,1.0
none,rbohj64j,3,antmaze-medium-play-v2,0.4586491286754608,1.0
none,rbohj64j,4,antmaze-medium-play-v2,0.46600213646888733,1.0
none,rbohj64j,5,antmaze-medium-play-v2,0.45388275384902954,1.0
none,rbohj64j,6,antmaze-medium-play-v2,0.461404025554657,1.0
none,rbohj64j,7,antmaze-medium-play-v2,0.5030513405799866,1.0
none,rbohj64j,8,antmaze-medium-play-v2,0.45839574933052063,1.0
none,rbohj64j,9,antmaze-medium-play-v2,0.4603760540485382,1.0
none,rbohj64j,10,antmaze-medium-play-v2,0.5004878044128418,1.0
none,rbohj64j,11,antmaze-medium-play-v2,0.441996306180954,1.0
none,rbohj64j,12,antmaze-medium-play-v2,0.519286036491394,1.0
none,rbohj64j,13,antmaze-medium-play-v2,0.4717260003089905,1.0
none,rbohj64j,14,antmaze-medium-play-v2,0.4589860439300537,1.0
none,rbohj64j,15,antmaze-medium-play-v2,0.5089580416679382,1.0
none,rbohj64j,16,antmaze-medium-play-v2,0.5118447542190552,1.0
none,rbohj64j,17,antmaze-medium-play-v2,0.5558515191078186,1.0
none,rbohj64j,18,antmaze-medium-play-v2,0.576897144317627,1.0
none,rbohj64j,19,antmaze-medium-play-v2,0.5980069637298584,1.0
none,rbohj64j,20,antmaze-medium-play-v2,0.6053962707519531,1.0
none,rbohj64j,21,antmaze-medium-play-v2,0.5445054769515991,1.0
none,rbohj64j,22,antmaze-medium-play-v2,0.5565848350524902,1.0
none,rbohj64j,23,antmaze-medium-play-v2,0.5684992074966431,1.0
none,rbohj64j,24,antmaze-medium-play-v2,0.5572417974472046,1.0
none,rbohj64j,25,antmaze-medium-play-v2,0.5632298588752747,1.0
none,rbohj64j,26,antmaze-medium-play-v2,0.48890629410743713,1.0
none,rbohj64j,27,antmaze-medium-play-v2,0.5480632185935974,1.0
none,rbohj64j,28,antmaze-medium-play-v2,0.5481008887290955,1.0
none,rbohj64j,29,antmaze-medium-play-v2,0.5918077230453491,1.0
none,rbohj64j,30,antmaze-medium-play-v2,0.5697863101959229,1.0
none,rbohj64j,31,antmaze-medium-play-v2,0.5606342554092407,1.0
none,rbohj64j,32,antmaze-medium-play-v2,0.5532896518707275,1.0
none,rbohj64j,33,antmaze-medium-play-v2,0.5819963812828064,1.0
none,rbohj64j,34,antmaze-medium-play-v2,0.5193357467651367,1.0
none,rbohj64j,35,antmaze-medium-play-v2,0.49207502603530884,1.0
none,rbohj64j,36,antmaze-medium-play-v2,0.5286567807197571,1.0
none,rbohj64j,37,antmaze-medium-play-v2,0.5851883292198181,1.0
none,rbohj64j,38,antmaze-medium-play-v2,0.5774328112602234,1.0
none,rbohj64j,39,antmaze-medium-play-v2,0.5308479070663452,1.0
none,rbohj64j,40,antmaze-medium-play-v2,0.5323210954666138,1.0
none,rbohj64j,41,antmaze-medium-play-v2,0.4974452257156372,1.0
none,rbohj64j,42,antmaze-medium-play-v2,0.5301541090011597,1.0
none,rbohj64j,43,antmaze-medium-play-v2,0.5642609596252441,1.0
none,rbohj64j,44,antmaze-medium-play-v2,0.6006518602371216,1.0
none,rbohj64j,45,antmaze-medium-play-v2,0.5380709171295166,1.0
none,rbohj64j,46,antmaze-medium-play-v2,0.5410194396972656,1.0
none,rbohj64j,47,antmaze-medium-play-v2,0.5474231243133545,1.0
none,rbohj64j,48,antmaze-medium-play-v2,0.625728189945221,1.0
none,rbohj64j,49,antmaze-medium-play-v2,0.5708186626434326,1.0
pbrl,p9xkuc7m,0,antmaze-medium-play-v2,0.8925470113754272,0.05
pbrl,p9xkuc7m,1,antmaze-medium-play-v2,0.825589656829834,0.05
pbrl,p9xkuc7m,2,antmaze-medium-play-v2,0.6333876252174377,0.05
pbrl,p9xkuc7m,3,antmaze-medium-play-v2,0.6601282954216003,0.05
pbrl,p9xkuc7m,4,antmaze-medium-play-v2,0.6140158772468567,0.05
pbrl,p9xkuc7m,5,antmaze-medium-play-v2,0.5910629034042358,0.05
pbrl,p9xkuc7m,6,antmaze-medium-play-v2,0.6641378402709961,0.05
pbrl,p9xkuc7m,7,antmaze-medium-play-v2,0.5810811519622803,0.05
pbrl,p9xkuc7m,8,antmaze-medium-play-v2,0.603015661239624,0.05
pbrl,p9xkuc7m,9,antmaze-medium-play-v2,0.6271188855171204,0.05
pbrl,p9xkuc7m,10,antmaze-medium-play-v2,0.5907703042030334,0.05
pbrl,p9xkuc7m,11,antmaze-medium-play-v2,0.6014959812164307,0.05
pbrl,p9xkuc7m,12,antmaze-medium-play-v2,0.6898918151855469,0.05
pbrl,p9xkuc7m,13,antmaze-medium-play-v2,0.6634451746940613,0.05
pbrl,p9xkuc7m,14,antmaze-medium-play-v2,0.6832833290100098,0.05
pbrl,p9xkuc7m,15,antmaze-medium-play-v2,0.6892457008361816,0.05
pbrl,p9xkuc7m,16,antmaze-medium-play-v2,0.7252166271209717,0.05
pbrl,p9xkuc7m,17,antmaze-medium-play-v2,0.6708658933639526,0.05
pbrl,p9xkuc7m,18,antmaze-medium-play-v2,0.6357688903808594,0.05
pbrl,p9xkuc7m,19,antmaze-medium-play-v2,0.685444176197052,0.05
pbrl,p9xkuc7m,20,antmaze-medium-play-v2,0.7129377126693726,0.05
pbrl,p9xkuc7m,21,antmaze-medium-play-v2,0.7089183330535889,0.05
pbrl,p9xkuc7m,22,antmaze-medium-play-v2,0.7067086696624756,0.05
pbrl,p9xkuc7m,23,antmaze-medium-play-v2,0.6758805513381958,0.05
pbrl,p9xkuc7m,24,antmaze-medium-play-v2,0.7463099956512451,0.05
pbrl,p9xkuc7m,25,antmaze-medium-play-v2,0.7075024843215942,0.05
pbrl,p9xkuc7m,26,antmaze-medium-play-v2,0.7192590236663818,0.05
pbrl,p9xkuc7m,27,antmaze-medium-play-v2,0.6953426599502563,0.05
pbrl,p9xkuc7m,28,antmaze-medium-play-v2,0.7304487824440002,0.05
pbrl,p9xkuc7m,29,antmaze-medium-play-v2,0.6614193320274353,0.05
pbrl,p9xkuc7m,30,antmaze-medium-play-v2,0.7689609527587891,0.05
pbrl,p9xkuc7m,31,antmaze-medium-play-v2,0.6978716254234314,0.05
pbrl,p9xkuc7m,32,antmaze-medium-play-v2,0.7148760557174683,0.05
pbrl,p9xkuc7m,33,antmaze-medium-play-v2,0.7994003295898438,0.05
pbrl,p9xkuc7m,34,antmaze-medium-play-v2,0.7209380865097046,0.05
pbrl,p9xkuc7m,35,antmaze-medium-play-v2,0.7042897939682007,0.05
pbrl,p9xkuc7m,36,antmaze-medium-play-v2,0.7342640161514282,0.05
pbrl,p9xkuc7m,37,antmaze-medium-play-v2,0.7066590189933777,0.05
pbrl,p9xkuc7m,38,antmaze-medium-play-v2,0.696035623550415,0.05
pbrl,p9xkuc7m,39,antmaze-medium-play-v2,0.7295173406600952,0.05
pbrl,p9xkuc7m,40,antmaze-medium-play-v2,0.6842835545539856,0.05
pbrl,p9xkuc7m,41,antmaze-medium-play-v2,0.7399395108222961,0.05
pbrl,p9xkuc7m,42,antmaze-medium-play-v2,0.7023245692253113,0.05
pbrl,p9xkuc7m,43,antmaze-medium-play-v2,0.7223110198974609,0.05
pbrl,p9xkuc7m,44,antmaze-medium-play-v2,0.7452296018600464,0.05
pbrl,p9xkuc7m,45,antmaze-medium-play-v2,0.690959632396698,0.05
pbrl,p9xkuc7m,46,antmaze-medium-play-v2,0.734553337097168,0.05
pbrl,p9xkuc7m,47,antmaze-medium-play-v2,0.6374955177307129,0.05
pbrl,p9xkuc7m,48,antmaze-medium-play-v2,0.7191808223724365,0.05
pbrl,p9xkuc7m,49,antmaze-medium-play-v2,0.7146743535995483,0.05
pbrl,1r2rk81o,0,antmaze-medium-play-v2,0.8752374649047852,0.05
pbrl,1r2rk81o,1,antmaze-medium-play-v2,0.7460694909095764,0.05
pbrl,1r2rk81o,2,antmaze-medium-play-v2,0.7089294195175171,0.05
pbrl,1r2rk81o,3,antmaze-medium-play-v2,0.6676011085510254,0.05
pbrl,1r2rk81o,4,antmaze-medium-play-v2,0.5906243324279785,0.05
pbrl,1r2rk81o,5,antmaze-medium-play-v2,0.5326442718505859,0.05
pbrl,1r2rk81o,6,antmaze-medium-play-v2,0.6208463907241821,0.05
pbrl,1r2rk81o,7,antmaze-medium-play-v2,0.5906462669372559,0.05
pbrl,1r2rk81o,8,antmaze-medium-play-v2,0.6001593470573425,0.05
pbrl,1r2rk81o,9,antmaze-medium-play-v2,0.6434357762336731,0.05
pbrl,1r2rk81o,10,antmaze-medium-play-v2,0.6943676471710205,0.05
pbrl,1r2rk81o,11,antmaze-medium-play-v2,0.73494553565979,0.05
pbrl,1r2rk81o,12,antmaze-medium-play-v2,0.6888863444328308,0.05
pbrl,1r2rk81o,13,antmaze-medium-play-v2,0.7437376379966736,0.05
pbrl,1r2rk81o,14,antmaze-medium-play-v2,0.6976991891860962,0.05
pbrl,1r2rk81o,15,antmaze-medium-play-v2,0.7249380350112915,0.05
pbrl,1r2rk81o,16,antmaze-medium-play-v2,0.7312270402908325,0.05
pbrl,1r2rk81o,17,antmaze-medium-play-v2,0.710685133934021,0.05
pbrl,1r2rk81o,18,antmaze-medium-play-v2,0.733808159828186,0.05
pbrl,1r2rk81o,19,antmaze-medium-play-v2,0.7217754125595093,0.05
pbrl,1r2rk81o,20,antmaze-medium-play-v2,0.7023634910583496,0.05
pbrl,1r2rk81o,21,antmaze-medium-play-v2,0.7232717275619507,0.05
pbrl,1r2rk81o,22,antmaze-medium-play-v2,0.713423490524292,0.05
pbrl,1r2rk81o,23,antmaze-medium-play-v2,0.6926141977310181,0.05
pbrl,1r2rk81o,24,antmaze-medium-play-v2,0.7141602039337158,0.05
pbrl,1r2rk81o,25,antmaze-medium-play-v2,0.7093533277511597,0.05
pbrl,1r2rk81o,26,antmaze-medium-play-v2,0.7921538352966309,0.05
pbrl,1r2rk81o,27,antmaze-medium-play-v2,0.7581520080566406,0.05
pbrl,1r2rk81o,28,antmaze-medium-play-v2,0.7365646958351135,0.05
pbrl,1r2rk81o,29,antmaze-medium-play-v2,0.7317644953727722,0.05
pbrl,1r2rk81o,30,antmaze-medium-play-v2,0.7728633880615234,0.05
pbrl,1r2rk81o,31,antmaze-medium-play-v2,0.7231475710868835,0.05
pbrl,1r2rk81o,32,antmaze-medium-play-v2,0.7156254649162292,0.05
pbrl,1r2rk81o,33,antmaze-medium-play-v2,0.7001222372055054,0.05
pbrl,1r2rk81o,34,antmaze-medium-play-v2,0.7552219033241272,0.05
pbrl,1r2rk81o,35,antmaze-medium-play-v2,0.7438559532165527,0.05
pbrl,1r2rk81o,36,antmaze-medium-play-v2,0.6830239295959473,0.05
pbrl,1r2rk81o,37,antmaze-medium-play-v2,0.7427605390548706,0.05
pbrl,1r2rk81o,38,antmaze-medium-play-v2,0.642022967338562,0.05
pbrl,1r2rk81o,39,antmaze-medium-play-v2,0.7577521204948425,0.05
pbrl,1r2rk81o,40,antmaze-medium-play-v2,0.6927065253257751,0.05
pbrl,1r2rk81o,41,antmaze-medium-play-v2,0.741559624671936,0.05
pbrl,1r2rk81o,42,antmaze-medium-play-v2,0.7526657581329346,0.05
pbrl,1r2rk81o,43,antmaze-medium-play-v2,0.7040591239929199,0.05
pbrl,1r2rk81o,44,antmaze-medium-play-v2,0.6735563278198242,0.05
pbrl,1r2rk81o,45,antmaze-medium-play-v2,0.7566258311271667,0.05
pbrl,1r2rk81o,46,antmaze-medium-play-v2,0.7752310037612915,0.05
pbrl,1r2rk81o,47,antmaze-medium-play-v2,0.7423743009567261,0.05
pbrl,1r2rk81o,48,antmaze-medium-play-v2,0.7496668100357056,0.05
pbrl,1r2rk81o,49,antmaze-medium-play-v2,0.7010170221328735,0.05
none,3uv1ovqn,0,antmaze-medium-play-v2,0.7917619943618774,5.0
none,3uv1ovqn,1,antmaze-medium-play-v2,0.49394604563713074,5.0
none,3uv1ovqn,2,antmaze-medium-play-v2,0.4964027404785156,5.0
none,3uv1ovqn,3,antmaze-medium-play-v2,0.4785522222518921,5.0
none,3uv1ovqn,4,antmaze-medium-play-v2,0.47038817405700684,5.0
none,3uv1ovqn,5,antmaze-medium-play-v2,0.47370970249176025,5.0
none,3uv1ovqn,6,antmaze-medium-play-v2,0.43984895944595337,5.0
none,3uv1ovqn,7,antmaze-medium-play-v2,0.4268459379673004,5.0
none,3uv1ovqn,8,antmaze-medium-play-v2,0.4029509425163269,5.0
none,3uv1ovqn,9,antmaze-medium-play-v2,0.44051608443260193,5.0
none,3uv1ovqn,10,antmaze-medium-play-v2,0.45930206775665283,5.0
none,3uv1ovqn,11,antmaze-medium-play-v2,0.4640694260597229,5.0
none,3uv1ovqn,12,antmaze-medium-play-v2,0.49280714988708496,5.0
none,3uv1ovqn,13,antmaze-medium-play-v2,0.47515398263931274,5.0
none,3uv1ovqn,14,antmaze-medium-play-v2,0.48756760358810425,5.0
none,3uv1ovqn,15,antmaze-medium-play-v2,0.4669612944126129,5.0
none,3uv1ovqn,16,antmaze-medium-play-v2,0.5033309459686279,5.0
none,3uv1ovqn,17,antmaze-medium-play-v2,0.5104482769966125,5.0
none,3uv1ovqn,18,antmaze-medium-play-v2,0.5393418669700623,5.0
none,3uv1ovqn,19,antmaze-medium-play-v2,0.5681985020637512,5.0
none,3uv1ovqn,20,antmaze-medium-play-v2,0.520930290222168,5.0
none,3uv1ovqn,21,antmaze-medium-play-v2,0.5566943287849426,5.0
none,3uv1ovqn,22,antmaze-medium-play-v2,0.5879544019699097,5.0
none,3uv1ovqn,23,antmaze-medium-play-v2,0.5114091634750366,5.0
none,3uv1ovqn,24,antmaze-medium-play-v2,0.5136945247650146,5.0
none,3uv1ovqn,25,antmaze-medium-play-v2,0.5440396070480347,5.0
none,3uv1ovqn,26,antmaze-medium-play-v2,0.5729598999023438,5.0
none,3uv1ovqn,27,antmaze-medium-play-v2,0.5537624359130859,5.0
none,3uv1ovqn,28,antmaze-medium-play-v2,0.6140772104263306,5.0
none,3uv1ovqn,29,antmaze-medium-play-v2,0.5362335443496704,5.0
none,3uv1ovqn,30,antmaze-medium-play-v2,0.48318180441856384,5.0
none,3uv1ovqn,31,antmaze-medium-play-v2,0.5257663726806641,5.0
none,3uv1ovqn,32,antmaze-medium-play-v2,0.5379528999328613,5.0
none,3uv1ovqn,33,antmaze-medium-play-v2,0.5391873121261597,5.0
none,3uv1ovqn,34,antmaze-medium-play-v2,0.5277575254440308,5.0
none,3uv1ovqn,35,antmaze-medium-play-v2,0.5645936131477356,5.0
none,3uv1ovqn,36,antmaze-medium-play-v2,0.5770280361175537,5.0
none,3uv1ovqn,37,antmaze-medium-play-v2,0.5395398736000061,5.0
none,3uv1ovqn,38,antmaze-medium-play-v2,0.4603029489517212,5.0
none,3uv1ovqn,39,antmaze-medium-play-v2,0.49737370014190674,5.0
none,3uv1ovqn,40,antmaze-medium-play-v2,0.5031499862670898,5.0
none,3uv1ovqn,41,antmaze-medium-play-v2,0.47512051463127136,5.0
none,3uv1ovqn,42,antmaze-medium-play-v2,0.587971568107605,5.0
none,3uv1ovqn,43,antmaze-medium-play-v2,0.5514010190963745,5.0
none,3uv1ovqn,44,antmaze-medium-play-v2,0.5361789464950562,5.0
none,3uv1ovqn,45,antmaze-medium-play-v2,0.5701194405555725,5.0
none,3uv1ovqn,46,antmaze-medium-play-v2,0.5557782649993896,5.0
none,3uv1ovqn,47,antmaze-medium-play-v2,0.5099623799324036,5.0
none,3uv1ovqn,48,antmaze-medium-play-v2,0.519783616065979,5.0
none,3uv1ovqn,49,antmaze-medium-play-v2,0.6364213228225708,5.0
pbrl,m6v3u07q,0,antmaze-medium-play-v2,0.950547993183136,0.05
pbrl,m6v3u07q,1,antmaze-medium-play-v2,0.7871067523956299,0.05
pbrl,m6v3u07q,2,antmaze-medium-play-v2,0.7316927313804626,0.05
pbrl,m6v3u07q,3,antmaze-medium-play-v2,0.7022114396095276,0.05
pbrl,m6v3u07q,4,antmaze-medium-play-v2,0.5826172828674316,0.05
pbrl,m6v3u07q,5,antmaze-medium-play-v2,0.5082552433013916,0.05
pbrl,m6v3u07q,6,antmaze-medium-play-v2,0.5400183200836182,0.05
pbrl,m6v3u07q,7,antmaze-medium-play-v2,0.5126370191574097,0.05
pbrl,m6v3u07q,8,antmaze-medium-play-v2,0.6527528166770935,0.05
pbrl,m6v3u07q,9,antmaze-medium-play-v2,0.6690798401832581,0.05
pbrl,m6v3u07q,10,antmaze-medium-play-v2,0.6704375743865967,0.05
pbrl,m6v3u07q,11,antmaze-medium-play-v2,0.7007139325141907,0.05
pbrl,m6v3u07q,12,antmaze-medium-play-v2,0.7144960165023804,0.05
pbrl,m6v3u07q,13,antmaze-medium-play-v2,0.7224291563034058,0.05
pbrl,m6v3u07q,14,antmaze-medium-play-v2,0.7540081739425659,0.05
pbrl,m6v3u07q,15,antmaze-medium-play-v2,0.7940585017204285,0.05
pbrl,m6v3u07q,16,antmaze-medium-play-v2,0.7216343283653259,0.05
pbrl,m6v3u07q,17,antmaze-medium-play-v2,0.7696226835250854,0.05
pbrl,m6v3u07q,18,antmaze-medium-play-v2,0.7660610675811768,0.05
pbrl,m6v3u07q,19,antmaze-medium-play-v2,0.8065807223320007,0.05
pbrl,m6v3u07q,20,antmaze-medium-play-v2,0.7270776629447937,0.05
pbrl,m6v3u07q,21,antmaze-medium-play-v2,0.7360899448394775,0.05
pbrl,m6v3u07q,22,antmaze-medium-play-v2,0.7544124126434326,0.05
pbrl,m6v3u07q,23,antmaze-medium-play-v2,0.7170442342758179,0.05
pbrl,m6v3u07q,24,antmaze-medium-play-v2,0.7744207382202148,0.05
pbrl,m6v3u07q,25,antmaze-medium-play-v2,0.7459566593170166,0.05
pbrl,m6v3u07q,26,antmaze-medium-play-v2,0.676573634147644,0.05
pbrl,m6v3u07q,27,antmaze-medium-play-v2,0.719704806804657,0.05
pbrl,m6v3u07q,28,antmaze-medium-play-v2,0.7558990716934204,0.05
pbrl,m6v3u07q,29,antmaze-medium-play-v2,0.7388156056404114,0.05
pbrl,m6v3u07q,30,antmaze-medium-play-v2,0.6869039535522461,0.05
pbrl,m6v3u07q,31,antmaze-medium-play-v2,0.6774482727050781,0.05
pbrl,m6v3u07q,32,antmaze-medium-play-v2,0.7678089141845703,0.05
pbrl,m6v3u07q,33,antmaze-medium-play-v2,0.7444578409194946,0.05
pbrl,m6v3u07q,34,antmaze-medium-play-v2,0.6712451577186584,0.05
pbrl,m6v3u07q,35,antmaze-medium-play-v2,0.7162185311317444,0.05
pbrl,m6v3u07q,36,antmaze-medium-play-v2,0.7248082160949707,0.05
pbrl,m6v3u07q,37,antmaze-medium-play-v2,0.7884373068809509,0.05
pbrl,m6v3u07q,38,antmaze-medium-play-v2,0.7520421743392944,0.05
pbrl,m6v3u07q,39,antmaze-medium-play-v2,0.702363908290863,0.05
pbrl,m6v3u07q,40,antmaze-medium-play-v2,0.7572501301765442,0.05
pbrl,m6v3u07q,41,antmaze-medium-play-v2,0.7193835973739624,0.05
pbrl,m6v3u07q,42,antmaze-medium-play-v2,0.6899223327636719,0.05
pbrl,m6v3u07q,43,antmaze-medium-play-v2,0.7440043687820435,0.05
pbrl,m6v3u07q,44,antmaze-medium-play-v2,0.7245591282844543,0.05
pbrl,m6v3u07q,45,antmaze-medium-play-v2,0.7379374504089355,0.05
pbrl,m6v3u07q,46,antmaze-medium-play-v2,0.7171744108200073,0.05
pbrl,m6v3u07q,47,antmaze-medium-play-v2,0.7495856285095215,0.05
pbrl,m6v3u07q,48,antmaze-medium-play-v2,0.7706706523895264,0.05
pbrl,m6v3u07q,49,antmaze-medium-play-v2,0.7346570491790771,0.05
none,jha6cthx,0,antmaze-medium-play-v2,0.7930827736854553,5.0
none,jha6cthx,1,antmaze-medium-play-v2,0.518877387046814,5.0
none,jha6cthx,2,antmaze-medium-play-v2,0.44347843527793884,5.0
none,jha6cthx,3,antmaze-medium-play-v2,0.4952961504459381,5.0
none,jha6cthx,4,antmaze-medium-play-v2,0.5205978155136108,5.0
none,jha6cthx,5,antmaze-medium-play-v2,0.486689031124115,5.0
none,jha6cthx,6,antmaze-medium-play-v2,0.5104575157165527,5.0
none,jha6cthx,7,antmaze-medium-play-v2,0.47652262449264526,5.0
none,jha6cthx,8,antmaze-medium-play-v2,0.46108847856521606,5.0
none,jha6cthx,9,antmaze-medium-play-v2,0.45019322633743286,5.0
none,jha6cthx,10,antmaze-medium-play-v2,0.45035719871520996,5.0
none,jha6cthx,11,antmaze-medium-play-v2,0.4914092719554901,5.0
none,jha6cthx,12,antmaze-medium-play-v2,0.5033543705940247,5.0
none,jha6cthx,13,antmaze-medium-play-v2,0.5183267593383789,5.0
none,jha6cthx,14,antmaze-medium-play-v2,0.4913766384124756,5.0
none,jha6cthx,15,antmaze-medium-play-v2,0.4841728210449219,5.0
none,jha6cthx,16,antmaze-medium-play-v2,0.4666614532470703,5.0
none,jha6cthx,17,antmaze-medium-play-v2,0.4846563935279846,5.0
none,jha6cthx,18,antmaze-medium-play-v2,0.5059922337532043,5.0
none,jha6cthx,19,antmaze-medium-play-v2,0.5270256996154785,5.0
none,jha6cthx,20,antmaze-medium-play-v2,0.5708781480789185,5.0
none,jha6cthx,21,antmaze-medium-play-v2,0.556197464466095,5.0
none,jha6cthx,22,antmaze-medium-play-v2,0.5736780762672424,5.0
none,jha6cthx,23,antmaze-medium-play-v2,0.5899050831794739,5.0
none,jha6cthx,24,antmaze-medium-play-v2,0.5301077961921692,5.0
none,jha6cthx,25,antmaze-medium-play-v2,0.52614426612854,5.0
none,jha6cthx,26,antmaze-medium-play-v2,0.6163347363471985,5.0
none,jha6cthx,27,antmaze-medium-play-v2,0.5111845135688782,5.0
none,jha6cthx,28,antmaze-medium-play-v2,0.5723897218704224,5.0
none,jha6cthx,29,antmaze-medium-play-v2,0.5516946315765381,5.0
none,jha6cthx,30,antmaze-medium-play-v2,0.5799197554588318,5.0
none,jha6cthx,31,antmaze-medium-play-v2,0.49757349491119385,5.0
none,jha6cthx,32,antmaze-medium-play-v2,0.606501579284668,5.0
none,jha6cthx,33,antmaze-medium-play-v2,0.6047884225845337,5.0
none,jha6cthx,34,antmaze-medium-play-v2,0.49166184663772583,5.0
none,jha6cthx,35,antmaze-medium-play-v2,0.547376811504364,5.0
none,jha6cthx,36,antmaze-medium-play-v2,0.522616982460022,5.0
none,jha6cthx,37,antmaze-medium-play-v2,0.5618033409118652,5.0
none,jha6cthx,38,antmaze-medium-play-v2,0.5262503623962402,5.0
none,jha6cthx,39,antmaze-medium-play-v2,0.5285975337028503,5.0
none,jha6cthx,40,antmaze-medium-play-v2,0.5162842273712158,5.0
none,jha6cthx,41,antmaze-medium-play-v2,0.5218203067779541,5.0
none,jha6cthx,42,antmaze-medium-play-v2,0.6094067096710205,5.0
none,jha6cthx,43,antmaze-medium-play-v2,0.5526708960533142,5.0
none,jha6cthx,44,antmaze-medium-play-v2,0.5344972610473633,5.0
none,jha6cthx,45,antmaze-medium-play-v2,0.5005363821983337,5.0
none,jha6cthx,46,antmaze-medium-play-v2,0.5852286219596863,5.0
none,jha6cthx,47,antmaze-medium-play-v2,0.519225537776947,5.0
none,jha6cthx,48,antmaze-medium-play-v2,0.5517425537109375,5.0
none,jha6cthx,49,antmaze-medium-play-v2,0.5395194292068481,5.0
pbrl,vs56cnev,0,antmaze-medium-play-v2,0.8818773031234741,0.05
pbrl,vs56cnev,1,antmaze-medium-play-v2,0.8118664026260376,0.05
pbrl,vs56cnev,2,antmaze-medium-play-v2,0.8083403706550598,0.05
pbrl,vs56cnev,3,antmaze-medium-play-v2,0.7081088423728943,0.05
pbrl,vs56cnev,4,antmaze-medium-play-v2,0.7166436910629272,0.05
pbrl,vs56cnev,5,antmaze-medium-play-v2,0.6273049116134644,0.05
pbrl,vs56cnev,6,antmaze-medium-play-v2,0.5873602628707886,0.05
pbrl,vs56cnev,7,antmaze-medium-play-v2,0.6171574592590332,0.05
pbrl,vs56cnev,8,antmaze-medium-play-v2,0.6179506182670593,0.05
pbrl,vs56cnev,9,antmaze-medium-play-v2,0.6220793128013611,0.05
pbrl,vs56cnev,10,antmaze-medium-play-v2,0.6861532926559448,0.05
pbrl,vs56cnev,11,antmaze-medium-play-v2,0.7079498171806335,0.05
pbrl,vs56cnev,12,antmaze-medium-play-v2,0.6816408634185791,0.05
pbrl,vs56cnev,13,antmaze-medium-play-v2,0.7647504806518555,0.05
pbrl,vs56cnev,14,antmaze-medium-play-v2,0.701919674873352,0.05
pbrl,vs56cnev,15,antmaze-medium-play-v2,0.7406909465789795,0.05
pbrl,vs56cnev,16,antmaze-medium-play-v2,0.7032989859580994,0.05
pbrl,vs56cnev,17,antmaze-medium-play-v2,0.7630250453948975,0.05
pbrl,vs56cnev,18,antmaze-medium-play-v2,0.7399077415466309,0.05
pbrl,vs56cnev,19,antmaze-medium-play-v2,0.7435475587844849,0.05
pbrl,vs56cnev,20,antmaze-medium-play-v2,0.7270987033843994,0.05
pbrl,vs56cnev,21,antmaze-medium-play-v2,0.7346988916397095,0.05
pbrl,vs56cnev,22,antmaze-medium-play-v2,0.7467858791351318,0.05
pbrl,vs56cnev,23,antmaze-medium-play-v2,0.7522459626197815,0.05
pbrl,vs56cnev,24,antmaze-medium-play-v2,0.7631686925888062,0.05
pbrl,vs56cnev,25,antmaze-medium-play-v2,0.7208772301673889,0.05
pbrl,vs56cnev,26,antmaze-medium-play-v2,0.7236797213554382,0.05
pbrl,vs56cnev,27,antmaze-medium-play-v2,0.7676847577095032,0.05
pbrl,vs56cnev,28,antmaze-medium-play-v2,0.7359703779220581,0.05
pbrl,vs56cnev,29,antmaze-medium-play-v2,0.7777909636497498,0.05
pbrl,vs56cnev,30,antmaze-medium-play-v2,0.7846088409423828,0.05
pbrl,vs56cnev,31,antmaze-medium-play-v2,0.763947606086731,0.05
pbrl,vs56cnev,32,antmaze-medium-play-v2,0.7381857633590698,0.05
pbrl,vs56cnev,33,antmaze-medium-play-v2,0.8016777038574219,0.05
pbrl,vs56cnev,34,antmaze-medium-play-v2,0.7793596982955933,0.05
pbrl,vs56cnev,35,antmaze-medium-play-v2,0.7194188833236694,0.05
pbrl,vs56cnev,36,antmaze-medium-play-v2,0.7715299129486084,0.05
pbrl,vs56cnev,37,antmaze-medium-play-v2,0.7834967374801636,0.05
pbrl,vs56cnev,38,antmaze-medium-play-v2,0.705236554145813,0.05
pbrl,vs56cnev,39,antmaze-medium-play-v2,0.7633576393127441,0.05
pbrl,vs56cnev,40,antmaze-medium-play-v2,0.722762942314148,0.05
pbrl,vs56cnev,41,antmaze-medium-play-v2,0.733613133430481,0.05
pbrl,vs56cnev,42,antmaze-medium-play-v2,0.7929191589355469,0.05
pbrl,vs56cnev,43,antmaze-medium-play-v2,0.784708559513092,0.05
pbrl,vs56cnev,44,antmaze-medium-play-v2,0.7541947960853577,0.05
pbrl,vs56cnev,45,antmaze-medium-play-v2,0.7625850439071655,0.05
pbrl,vs56cnev,46,antmaze-medium-play-v2,0.7407000660896301,0.05
pbrl,vs56cnev,47,antmaze-medium-play-v2,0.7749918699264526,0.05
pbrl,vs56cnev,48,antmaze-medium-play-v2,0.7625025510787964,0.05
pbrl,vs56cnev,49,antmaze-medium-play-v2,0.7315673828125,0.05
none,ru8lybsl,0,antmaze-medium-play-v2,0.7957652807235718,5.0
none,ru8lybsl,1,antmaze-medium-play-v2,0.4643716812133789,5.0
none,ru8lybsl,2,antmaze-medium-play-v2,0.42137736082077026,5.0
none,ru8lybsl,3,antmaze-medium-play-v2,0.4321826696395874,5.0
none,ru8lybsl,4,antmaze-medium-play-v2,0.4300013780593872,5.0
none,ru8lybsl,5,antmaze-medium-play-v2,0.3963692784309387,5.0
none,ru8lybsl,6,antmaze-medium-play-v2,0.429856538772583,5.0
none,ru8lybsl,7,antmaze-medium-play-v2,0.40609604120254517,5.0
none,ru8lybsl,8,antmaze-medium-play-v2,0.42774465680122375,5.0
none,ru8lybsl,9,antmaze-medium-play-v2,0.4580264985561371,5.0
none,ru8lybsl,10,antmaze-medium-play-v2,0.43958723545074463,5.0
none,ru8lybsl,11,antmaze-medium-play-v2,0.46708154678344727,5.0
none,ru8lybsl,12,antmaze-medium-play-v2,0.5072159767150879,5.0
none,ru8lybsl,13,antmaze-medium-play-v2,0.5253453254699707,5.0
none,ru8lybsl,14,antmaze-medium-play-v2,0.48287105560302734,5.0
none,ru8lybsl,15,antmaze-medium-play-v2,0.4716598689556122,5.0
none,ru8lybsl,16,antmaze-medium-play-v2,0.4991694390773773,5.0
none,ru8lybsl,17,antmaze-medium-play-v2,0.5173482894897461,5.0
none,ru8lybsl,18,antmaze-medium-play-v2,0.5154857635498047,5.0
none,ru8lybsl,19,antmaze-medium-play-v2,0.4669479727745056,5.0
none,ru8lybsl,20,antmaze-medium-play-v2,0.6097033619880676,5.0
none,ru8lybsl,21,antmaze-medium-play-v2,0.5676029920578003,5.0
none,ru8lybsl,22,antmaze-medium-play-v2,0.5911201238632202,5.0
none,ru8lybsl,23,antmaze-medium-play-v2,0.5679033398628235,5.0
none,ru8lybsl,24,antmaze-medium-play-v2,0.5849383473396301,5.0
none,ru8lybsl,25,antmaze-medium-play-v2,0.6169083118438721,5.0
none,ru8lybsl,26,antmaze-medium-play-v2,0.5393335819244385,5.0
none,ru8lybsl,27,antmaze-medium-play-v2,0.5982746481895447,5.0
none,ru8lybsl,28,antmaze-medium-play-v2,0.5965521931648254,5.0
none,ru8lybsl,29,antmaze-medium-play-v2,0.5195666551589966,5.0
none,ru8lybsl,30,antmaze-medium-play-v2,0.5206015706062317,5.0
none,ru8lybsl,31,antmaze-medium-play-v2,0.5736805200576782,5.0
none,ru8lybsl,32,antmaze-medium-play-v2,0.5224003791809082,5.0
none,ru8lybsl,33,antmaze-medium-play-v2,0.4766678214073181,5.0
none,ru8lybsl,34,antmaze-medium-play-v2,0.5257270336151123,5.0
none,ru8lybsl,35,antmaze-medium-play-v2,0.5732916593551636,5.0
none,ru8lybsl,36,antmaze-medium-play-v2,0.5733891129493713,5.0
none,ru8lybsl,37,antmaze-medium-play-v2,0.560427188873291,5.0
none,ru8lybsl,38,antmaze-medium-play-v2,0.5132423639297485,5.0
none,ru8lybsl,39,antmaze-medium-play-v2,0.5170637965202332,5.0
none,ru8lybsl,40,antmaze-medium-play-v2,0.5161648988723755,5.0
none,ru8lybsl,41,antmaze-medium-play-v2,0.5374058485031128,5.0
none,ru8lybsl,42,antmaze-medium-play-v2,0.5558747053146362,5.0
none,ru8lybsl,43,antmaze-medium-play-v2,0.5454524755477905,5.0
none,ru8lybsl,44,antmaze-medium-play-v2,0.5306612253189087,5.0
none,ru8lybsl,45,antmaze-medium-play-v2,0.48734527826309204,5.0
none,ru8lybsl,46,antmaze-medium-play-v2,0.5492570400238037,5.0
none,ru8lybsl,47,antmaze-medium-play-v2,0.5268770456314087,5.0
none,ru8lybsl,48,antmaze-medium-play-v2,0.5617892742156982,5.0
none,ru8lybsl,49,antmaze-medium-play-v2,0.5298469066619873,5.0
pbrl,x1gza5zm,0,antmaze-large-play-v2,0.8656964302062988,0.05
pbrl,x1gza5zm,1,antmaze-large-play-v2,0.8504104614257812,0.05
pbrl,x1gza5zm,2,antmaze-large-play-v2,0.6789882779121399,0.05
pbrl,x1gza5zm,3,antmaze-large-play-v2,0.6466915607452393,0.05
pbrl,x1gza5zm,4,antmaze-large-play-v2,0.6672223806381226,0.05
pbrl,x1gza5zm,5,antmaze-large-play-v2,0.6722452640533447,0.05
pbrl,x1gza5zm,6,antmaze-large-play-v2,0.6626813411712646,0.05
pbrl,x1gza5zm,7,antmaze-large-play-v2,0.672605037689209,0.05
pbrl,x1gza5zm,8,antmaze-large-play-v2,0.620806097984314,0.05
pbrl,x1gza5zm,9,antmaze-large-play-v2,0.620503306388855,0.05
pbrl,x1gza5zm,10,antmaze-large-play-v2,0.6565356254577637,0.05
pbrl,x1gza5zm,11,antmaze-large-play-v2,0.6786412000656128,0.05
pbrl,x1gza5zm,12,antmaze-large-play-v2,0.7119508385658264,0.05
pbrl,x1gza5zm,13,antmaze-large-play-v2,0.6798359155654907,0.05
pbrl,x1gza5zm,14,antmaze-large-play-v2,0.6502065062522888,0.05
pbrl,x1gza5zm,15,antmaze-large-play-v2,0.7387481331825256,0.05
pbrl,x1gza5zm,16,antmaze-large-play-v2,0.6958914399147034,0.05
pbrl,x1gza5zm,17,antmaze-large-play-v2,0.7997597455978394,0.05
pbrl,x1gza5zm,18,antmaze-large-play-v2,0.7940999269485474,0.05
pbrl,x1gza5zm,19,antmaze-large-play-v2,0.8237677812576294,0.05
pbrl,x1gza5zm,20,antmaze-large-play-v2,0.8133818507194519,0.05
pbrl,x1gza5zm,21,antmaze-large-play-v2,0.7624118328094482,0.05
pbrl,x1gza5zm,22,antmaze-large-play-v2,0.8206480741500854,0.05
pbrl,x1gza5zm,23,antmaze-large-play-v2,0.8273581266403198,0.05
pbrl,x1gza5zm,24,antmaze-large-play-v2,0.757468581199646,0.05
pbrl,x1gza5zm,25,antmaze-large-play-v2,0.8527835607528687,0.05
pbrl,x1gza5zm,26,antmaze-large-play-v2,0.7651592493057251,0.05
pbrl,x1gza5zm,27,antmaze-large-play-v2,0.8033367395401001,0.05
pbrl,x1gza5zm,28,antmaze-large-play-v2,0.8406872749328613,0.05
pbrl,x1gza5zm,29,antmaze-large-play-v2,0.7881637811660767,0.05
pbrl,x1gza5zm,30,antmaze-large-play-v2,0.8350497484207153,0.05
pbrl,x1gza5zm,31,antmaze-large-play-v2,0.8060944080352783,0.05
pbrl,x1gza5zm,32,antmaze-large-play-v2,0.8599112629890442,0.05
pbrl,x1gza5zm,33,antmaze-large-play-v2,0.8030651211738586,0.05
pbrl,x1gza5zm,34,antmaze-large-play-v2,0.7956799268722534,0.05
pbrl,x1gza5zm,35,antmaze-large-play-v2,0.8122631311416626,0.05
pbrl,x1gza5zm,36,antmaze-large-play-v2,0.8190929889678955,0.05
pbrl,x1gza5zm,37,antmaze-large-play-v2,0.8052355051040649,0.05
pbrl,x1gza5zm,38,antmaze-large-play-v2,0.8053288459777832,0.05
pbrl,x1gza5zm,39,antmaze-large-play-v2,0.7982299327850342,0.05
pbrl,x1gza5zm,40,antmaze-large-play-v2,0.8704065084457397,0.05
pbrl,x1gza5zm,41,antmaze-large-play-v2,0.8427534103393555,0.05
pbrl,x1gza5zm,42,antmaze-large-play-v2,0.7803691029548645,0.05
pbrl,x1gza5zm,43,antmaze-large-play-v2,0.7968511581420898,0.05
pbrl,x1gza5zm,44,antmaze-large-play-v2,0.7973251342773438,0.05
pbrl,x1gza5zm,45,antmaze-large-play-v2,0.8173940181732178,0.05
pbrl,x1gza5zm,46,antmaze-large-play-v2,0.8287070989608765,0.05
pbrl,x1gza5zm,47,antmaze-large-play-v2,0.8105220198631287,0.05
pbrl,x1gza5zm,48,antmaze-large-play-v2,0.8010903596878052,0.05
pbrl,x1gza5zm,49,antmaze-large-play-v2,0.8330063819885254,0.05
none,89wjrzfs,0,antmaze-medium-play-v2,0.7854841947555542,5.0
none,89wjrzfs,1,antmaze-medium-play-v2,0.4931984841823578,5.0
none,89wjrzfs,2,antmaze-medium-play-v2,0.4926711320877075,5.0
none,89wjrzfs,3,antmaze-medium-play-v2,0.5405184030532837,5.0
none,89wjrzfs,4,antmaze-medium-play-v2,0.46695420145988464,5.0
none,89wjrzfs,5,antmaze-medium-play-v2,0.4350608289241791,5.0
none,89wjrzfs,6,antmaze-medium-play-v2,0.4436004161834717,5.0
none,89wjrzfs,7,antmaze-medium-play-v2,0.410763680934906,5.0
none,89wjrzfs,8,antmaze-medium-play-v2,0.3974006772041321,5.0
none,89wjrzfs,9,antmaze-medium-play-v2,0.46074461936950684,5.0
none,89wjrzfs,10,antmaze-medium-play-v2,0.47208261489868164,5.0
none,89wjrzfs,11,antmaze-medium-play-v2,0.4701836109161377,5.0
none,89wjrzfs,12,antmaze-medium-play-v2,0.4782809913158417,5.0
none,89wjrzfs,13,antmaze-medium-play-v2,0.4916895925998688,5.0
none,89wjrzfs,14,antmaze-medium-play-v2,0.5466456413269043,5.0
none,89wjrzfs,15,antmaze-medium-play-v2,0.5459423065185547,5.0
none,89wjrzfs,16,antmaze-medium-play-v2,0.4998455047607422,5.0
none,89wjrzfs,17,antmaze-medium-play-v2,0.5514329075813293,5.0
none,89wjrzfs,18,antmaze-medium-play-v2,0.5744462013244629,5.0
none,89wjrzfs,19,antmaze-medium-play-v2,0.6189334988594055,5.0
none,89wjrzfs,20,antmaze-medium-play-v2,0.4701855778694153,5.0
none,89wjrzfs,21,antmaze-medium-play-v2,0.4923858344554901,5.0
none,89wjrzfs,22,antmaze-medium-play-v2,0.6063498258590698,5.0
none,89wjrzfs,23,antmaze-medium-play-v2,0.5268772840499878,5.0
none,89wjrzfs,24,antmaze-medium-play-v2,0.6061955690383911,5.0
none,89wjrzfs,25,antmaze-medium-play-v2,0.5161558985710144,5.0
none,89wjrzfs,26,antmaze-medium-play-v2,0.4726814031600952,5.0
none,89wjrzfs,27,antmaze-medium-play-v2,0.5542848110198975,5.0
none,89wjrzfs,28,antmaze-medium-play-v2,0.5530512928962708,5.0
none,89wjrzfs,29,antmaze-medium-play-v2,0.5458715558052063,5.0
none,89wjrzfs,30,antmaze-medium-play-v2,0.5656307935714722,5.0
none,89wjrzfs,31,antmaze-medium-play-v2,0.5076355934143066,5.0
none,89wjrzfs,32,antmaze-medium-play-v2,0.5536337494850159,5.0
none,89wjrzfs,33,antmaze-medium-play-v2,0.5300298929214478,5.0
none,89wjrzfs,34,antmaze-medium-play-v2,0.5731719732284546,5.0
none,89wjrzfs,35,antmaze-medium-play-v2,0.5691781640052795,5.0
none,89wjrzfs,36,antmaze-medium-play-v2,0.4882206916809082,5.0
none,89wjrzfs,37,antmaze-medium-play-v2,0.5185715556144714,5.0
none,89wjrzfs,38,antmaze-medium-play-v2,0.5496123433113098,5.0
none,89wjrzfs,39,antmaze-medium-play-v2,0.5221480131149292,5.0
none,89wjrzfs,40,antmaze-medium-play-v2,0.5078848600387573,5.0
none,89wjrzfs,41,antmaze-medium-play-v2,0.49095481634140015,5.0
none,89wjrzfs,42,antmaze-medium-play-v2,0.5555070638656616,5.0
none,89wjrzfs,43,antmaze-medium-play-v2,0.4855843782424927,5.0
none,89wjrzfs,44,antmaze-medium-play-v2,0.5494518280029297,5.0
none,89wjrzfs,45,antmaze-medium-play-v2,0.580875813961029,5.0
none,89wjrzfs,46,antmaze-medium-play-v2,0.5010159611701965,5.0
none,89wjrzfs,47,antmaze-medium-play-v2,0.5139860510826111,5.0
none,89wjrzfs,48,antmaze-medium-play-v2,0.5335339903831482,5.0
none,89wjrzfs,49,antmaze-medium-play-v2,0.5289279222488403,5.0
pbrl,dxd5hrla,0,antmaze-large-play-v2,0.8925491571426392,0.05
pbrl,dxd5hrla,1,antmaze-large-play-v2,0.7568556070327759,0.05
pbrl,dxd5hrla,2,antmaze-large-play-v2,0.5835630297660828,0.05
pbrl,dxd5hrla,3,antmaze-large-play-v2,0.5524182319641113,0.05
pbrl,dxd5hrla,4,antmaze-large-play-v2,0.566969096660614,0.05
pbrl,dxd5hrla,5,antmaze-large-play-v2,0.5836442708969116,0.05
pbrl,dxd5hrla,6,antmaze-large-play-v2,0.6910076141357422,0.05
pbrl,dxd5hrla,7,antmaze-large-play-v2,0.619717001914978,0.05
pbrl,dxd5hrla,8,antmaze-large-play-v2,0.6552680730819702,0.05
pbrl,dxd5hrla,9,antmaze-large-play-v2,0.6895039081573486,0.05
pbrl,dxd5hrla,10,antmaze-large-play-v2,0.6967434287071228,0.05
pbrl,dxd5hrla,11,antmaze-large-play-v2,0.7265401482582092,0.05
pbrl,dxd5hrla,12,antmaze-large-play-v2,0.7607616782188416,0.05
pbrl,dxd5hrla,13,antmaze-large-play-v2,0.7386242151260376,0.05
pbrl,dxd5hrla,14,antmaze-large-play-v2,0.6666111350059509,0.05
pbrl,dxd5hrla,15,antmaze-large-play-v2,0.7878100872039795,0.05
pbrl,dxd5hrla,16,antmaze-large-play-v2,0.7887782454490662,0.05
pbrl,dxd5hrla,17,antmaze-large-play-v2,0.7530728578567505,0.05
pbrl,dxd5hrla,18,antmaze-large-play-v2,0.7879070043563843,0.05
pbrl,dxd5hrla,19,antmaze-large-play-v2,0.7817808389663696,0.05
pbrl,dxd5hrla,20,antmaze-large-play-v2,0.735002338886261,0.05
pbrl,dxd5hrla,21,antmaze-large-play-v2,0.758133590221405,0.05
pbrl,dxd5hrla,22,antmaze-large-play-v2,0.7624939680099487,0.05
pbrl,dxd5hrla,23,antmaze-large-play-v2,0.82474684715271,0.05
pbrl,dxd5hrla,24,antmaze-large-play-v2,0.8224831819534302,0.05
pbrl,dxd5hrla,25,antmaze-large-play-v2,0.7760084867477417,0.05
pbrl,dxd5hrla,26,antmaze-large-play-v2,0.7334257364273071,0.05
pbrl,dxd5hrla,27,antmaze-large-play-v2,0.7813602685928345,0.05
pbrl,dxd5hrla,28,antmaze-large-play-v2,0.7416291832923889,0.05
pbrl,dxd5hrla,29,antmaze-large-play-v2,0.7786540389060974,0.05
pbrl,dxd5hrla,30,antmaze-large-play-v2,0.7628734111785889,0.05
pbrl,dxd5hrla,31,antmaze-large-play-v2,0.790664553642273,0.05
pbrl,dxd5hrla,32,antmaze-large-play-v2,0.8173030614852905,0.05
pbrl,dxd5hrla,33,antmaze-large-play-v2,0.7827386260032654,0.05
pbrl,dxd5hrla,34,antmaze-large-play-v2,0.7972410321235657,0.05
pbrl,dxd5hrla,35,antmaze-large-play-v2,0.7937403917312622,0.05
pbrl,dxd5hrla,36,antmaze-large-play-v2,0.7769050598144531,0.05
pbrl,dxd5hrla,37,antmaze-large-play-v2,0.7537655830383301,0.05
pbrl,dxd5hrla,38,antmaze-large-play-v2,0.8331692218780518,0.05
pbrl,dxd5hrla,39,antmaze-large-play-v2,0.8284512758255005,0.05
pbrl,dxd5hrla,40,antmaze-large-play-v2,0.754575788974762,0.05
pbrl,dxd5hrla,41,antmaze-large-play-v2,0.7690876722335815,0.05
pbrl,dxd5hrla,42,antmaze-large-play-v2,0.8412449359893799,0.05
pbrl,dxd5hrla,43,antmaze-large-play-v2,0.8217928409576416,0.05
pbrl,dxd5hrla,44,antmaze-large-play-v2,0.8023585081100464,0.05
pbrl,dxd5hrla,45,antmaze-large-play-v2,0.7701103091239929,0.05
pbrl,dxd5hrla,46,antmaze-large-play-v2,0.8027801513671875,0.05
pbrl,dxd5hrla,47,antmaze-large-play-v2,0.873700737953186,0.05
pbrl,dxd5hrla,48,antmaze-large-play-v2,0.7895368337631226,0.05
pbrl,dxd5hrla,49,antmaze-large-play-v2,0.782791018486023,0.05
none,py3hyffm,0,antmaze-medium-play-v2,0.7786216735839844,5.0
none,py3hyffm,1,antmaze-medium-play-v2,0.4701182246208191,5.0
none,py3hyffm,2,antmaze-medium-play-v2,0.5072815418243408,5.0
none,py3hyffm,3,antmaze-medium-play-v2,0.47334903478622437,5.0
none,py3hyffm,4,antmaze-medium-play-v2,0.48320508003234863,5.0
none,py3hyffm,5,antmaze-medium-play-v2,0.4312283396720886,5.0
none,py3hyffm,6,antmaze-medium-play-v2,0.44100186228752136,5.0
none,py3hyffm,7,antmaze-medium-play-v2,0.47105786204338074,5.0
none,py3hyffm,8,antmaze-medium-play-v2,0.42076948285102844,5.0
none,py3hyffm,9,antmaze-medium-play-v2,0.4416593313217163,5.0
none,py3hyffm,10,antmaze-medium-play-v2,0.5015371441841125,5.0
none,py3hyffm,11,antmaze-medium-play-v2,0.4539070725440979,5.0
none,py3hyffm,12,antmaze-medium-play-v2,0.5430592894554138,5.0
none,py3hyffm,13,antmaze-medium-play-v2,0.4944974184036255,5.0
none,py3hyffm,14,antmaze-medium-play-v2,0.45896047353744507,5.0
none,py3hyffm,15,antmaze-medium-play-v2,0.46907761693000793,5.0
none,py3hyffm,16,antmaze-medium-play-v2,0.5349023342132568,5.0
none,py3hyffm,17,antmaze-medium-play-v2,0.5287253260612488,5.0
none,py3hyffm,18,antmaze-medium-play-v2,0.5382981300354004,5.0
none,py3hyffm,19,antmaze-medium-play-v2,0.5832266807556152,5.0
none,py3hyffm,20,antmaze-medium-play-v2,0.5590017437934875,5.0
none,py3hyffm,21,antmaze-medium-play-v2,0.5638043880462646,5.0
none,py3hyffm,22,antmaze-medium-play-v2,0.5877079963684082,5.0
none,py3hyffm,23,antmaze-medium-play-v2,0.6002058982849121,5.0
none,py3hyffm,24,antmaze-medium-play-v2,0.5549762845039368,5.0
none,py3hyffm,25,antmaze-medium-play-v2,0.5921412706375122,5.0
none,py3hyffm,26,antmaze-medium-play-v2,0.5244707465171814,5.0
none,py3hyffm,27,antmaze-medium-play-v2,0.5533550381660461,5.0
none,py3hyffm,28,antmaze-medium-play-v2,0.560304582118988,5.0
none,py3hyffm,29,antmaze-medium-play-v2,0.6238265037536621,5.0
none,py3hyffm,30,antmaze-medium-play-v2,0.5604264736175537,5.0
none,py3hyffm,31,antmaze-medium-play-v2,0.5404245257377625,5.0
none,py3hyffm,32,antmaze-medium-play-v2,0.5589762926101685,5.0
none,py3hyffm,33,antmaze-medium-play-v2,0.5930629372596741,5.0
none,py3hyffm,34,antmaze-medium-play-v2,0.5255100131034851,5.0
none,py3hyffm,35,antmaze-medium-play-v2,0.4850711524486542,5.0
none,py3hyffm,36,antmaze-medium-play-v2,0.5060126781463623,5.0
none,py3hyffm,37,antmaze-medium-play-v2,0.5936888456344604,5.0
none,py3hyffm,38,antmaze-medium-play-v2,0.5384899377822876,5.0
none,py3hyffm,39,antmaze-medium-play-v2,0.5234553813934326,5.0
none,py3hyffm,40,antmaze-medium-play-v2,0.5238990783691406,5.0
none,py3hyffm,41,antmaze-medium-play-v2,0.4780568778514862,5.0
none,py3hyffm,42,antmaze-medium-play-v2,0.5102775692939758,5.0
none,py3hyffm,43,antmaze-medium-play-v2,0.5426898002624512,5.0
none,py3hyffm,44,antmaze-medium-play-v2,0.5781089067459106,5.0
none,py3hyffm,45,antmaze-medium-play-v2,0.528423547744751,5.0
none,py3hyffm,46,antmaze-medium-play-v2,0.5204401016235352,5.0
none,py3hyffm,47,antmaze-medium-play-v2,0.5195997357368469,5.0
none,py3hyffm,48,antmaze-medium-play-v2,0.5965425968170166,5.0
none,py3hyffm,49,antmaze-medium-play-v2,0.55013108253479,5.0
pbrl,qp5m1e3j,0,antmaze-large-play-v2,0.8600072264671326,0.05
pbrl,qp5m1e3j,1,antmaze-large-play-v2,0.8009452819824219,0.05
pbrl,qp5m1e3j,2,antmaze-large-play-v2,0.7365841865539551,0.05
pbrl,qp5m1e3j,3,antmaze-large-play-v2,0.6935404539108276,0.05
pbrl,qp5m1e3j,4,antmaze-large-play-v2,0.5990021228790283,0.05
pbrl,qp5m1e3j,5,antmaze-large-play-v2,0.6472659111022949,0.05
pbrl,qp5m1e3j,6,antmaze-large-play-v2,0.6663472652435303,0.05
pbrl,qp5m1e3j,7,antmaze-large-play-v2,0.5806273221969604,0.05
pbrl,qp5m1e3j,8,antmaze-large-play-v2,0.6341449022293091,0.05
pbrl,qp5m1e3j,9,antmaze-large-play-v2,0.6425586938858032,0.05
pbrl,qp5m1e3j,10,antmaze-large-play-v2,0.6429420113563538,0.05
pbrl,qp5m1e3j,11,antmaze-large-play-v2,0.6376459002494812,0.05
pbrl,qp5m1e3j,12,antmaze-large-play-v2,0.6867409348487854,0.05
pbrl,qp5m1e3j,13,antmaze-large-play-v2,0.6513232588768005,0.05
pbrl,qp5m1e3j,14,antmaze-large-play-v2,0.7724769711494446,0.05
pbrl,qp5m1e3j,15,antmaze-large-play-v2,0.6823761463165283,0.05
pbrl,qp5m1e3j,16,antmaze-large-play-v2,0.750084638595581,0.05
pbrl,qp5m1e3j,17,antmaze-large-play-v2,0.7352449893951416,0.05
pbrl,qp5m1e3j,18,antmaze-large-play-v2,0.7649893164634705,0.05
pbrl,qp5m1e3j,19,antmaze-large-play-v2,0.717964231967926,0.05
pbrl,qp5m1e3j,20,antmaze-large-play-v2,0.7601133584976196,0.05
pbrl,qp5m1e3j,21,antmaze-large-play-v2,0.8167626857757568,0.05
pbrl,qp5m1e3j,22,antmaze-large-play-v2,0.7235770225524902,0.05
pbrl,qp5m1e3j,23,antmaze-large-play-v2,0.7996957302093506,0.05
pbrl,qp5m1e3j,24,antmaze-large-play-v2,0.8076012134552002,0.05
pbrl,qp5m1e3j,25,antmaze-large-play-v2,0.8116580843925476,0.05
pbrl,qp5m1e3j,26,antmaze-large-play-v2,0.7632440328598022,0.05
pbrl,qp5m1e3j,27,antmaze-large-play-v2,0.7804549336433411,0.05
pbrl,qp5m1e3j,28,antmaze-large-play-v2,0.831006646156311,0.05
pbrl,qp5m1e3j,29,antmaze-large-play-v2,0.777637243270874,0.05
pbrl,qp5m1e3j,30,antmaze-large-play-v2,0.805391788482666,0.05
pbrl,qp5m1e3j,31,antmaze-large-play-v2,0.836725115776062,0.05
pbrl,qp5m1e3j,32,antmaze-large-play-v2,0.8263640403747559,0.05
pbrl,qp5m1e3j,33,antmaze-large-play-v2,0.7447521686553955,0.05
pbrl,qp5m1e3j,34,antmaze-large-play-v2,0.7980992794036865,0.05
pbrl,qp5m1e3j,35,antmaze-large-play-v2,0.8085148334503174,0.05
pbrl,qp5m1e3j,36,antmaze-large-play-v2,0.8093207478523254,0.05
pbrl,qp5m1e3j,37,antmaze-large-play-v2,0.7563889026641846,0.05
pbrl,qp5m1e3j,38,antmaze-large-play-v2,0.8081694841384888,0.05
pbrl,qp5m1e3j,39,antmaze-large-play-v2,0.8131521940231323,0.05
pbrl,qp5m1e3j,40,antmaze-large-play-v2,0.8188643455505371,0.05
pbrl,qp5m1e3j,41,antmaze-large-play-v2,0.7698087692260742,0.05
pbrl,qp5m1e3j,42,antmaze-large-play-v2,0.8628556728363037,0.05
pbrl,qp5m1e3j,43,antmaze-large-play-v2,0.7979304790496826,0.05
pbrl,qp5m1e3j,44,antmaze-large-play-v2,0.8356329798698425,0.05
pbrl,qp5m1e3j,45,antmaze-large-play-v2,0.8250837326049805,0.05
pbrl,qp5m1e3j,46,antmaze-large-play-v2,0.8462479114532471,0.05
pbrl,qp5m1e3j,47,antmaze-large-play-v2,0.8533532023429871,0.05
pbrl,qp5m1e3j,48,antmaze-large-play-v2,0.711700975894928,0.05
pbrl,qp5m1e3j,49,antmaze-large-play-v2,0.7898455262184143,0.05
none,kqjhz90q,0,antmaze-medium-play-v2,0.7959098815917969,10.0
none,kqjhz90q,1,antmaze-medium-play-v2,0.5124192237854004,10.0
none,kqjhz90q,2,antmaze-medium-play-v2,0.4595136046409607,10.0
none,kqjhz90q,3,antmaze-medium-play-v2,0.45418068766593933,10.0
none,kqjhz90q,4,antmaze-medium-play-v2,0.45327726006507874,10.0
none,kqjhz90q,5,antmaze-medium-play-v2,0.4527776539325714,10.0
none,kqjhz90q,6,antmaze-medium-play-v2,0.4359355568885803,10.0
none,kqjhz90q,7,antmaze-medium-play-v2,0.41538339853286743,10.0
none,kqjhz90q,8,antmaze-medium-play-v2,0.4009891152381897,10.0
none,kqjhz90q,9,antmaze-medium-play-v2,0.4260749816894531,10.0
none,kqjhz90q,10,antmaze-medium-play-v2,0.4319651126861572,10.0
none,kqjhz90q,11,antmaze-medium-play-v2,0.43231743574142456,10.0
none,kqjhz90q,12,antmaze-medium-play-v2,0.4682188928127289,10.0
none,kqjhz90q,13,antmaze-medium-play-v2,0.49059879779815674,10.0
none,kqjhz90q,14,antmaze-medium-play-v2,0.5341461300849915,10.0
none,kqjhz90q,15,antmaze-medium-play-v2,0.4906179904937744,10.0
none,kqjhz90q,16,antmaze-medium-play-v2,0.48476287722587585,10.0
none,kqjhz90q,17,antmaze-medium-play-v2,0.4829634428024292,10.0
none,kqjhz90q,18,antmaze-medium-play-v2,0.5083786249160767,10.0
none,kqjhz90q,19,antmaze-medium-play-v2,0.5406162738800049,10.0
none,kqjhz90q,20,antmaze-medium-play-v2,0.4677393138408661,10.0
none,kqjhz90q,21,antmaze-medium-play-v2,0.5442328453063965,10.0
none,kqjhz90q,22,antmaze-medium-play-v2,0.5543398261070251,10.0
none,kqjhz90q,23,antmaze-medium-play-v2,0.5280776619911194,10.0
none,kqjhz90q,24,antmaze-medium-play-v2,0.49380066990852356,10.0
none,kqjhz90q,25,antmaze-medium-play-v2,0.5245009660720825,10.0
none,kqjhz90q,26,antmaze-medium-play-v2,0.5441933870315552,10.0
none,kqjhz90q,27,antmaze-medium-play-v2,0.5281399488449097,10.0
none,kqjhz90q,28,antmaze-medium-play-v2,0.5732517838478088,10.0
none,kqjhz90q,29,antmaze-medium-play-v2,0.5079834461212158,10.0
none,kqjhz90q,30,antmaze-medium-play-v2,0.46278882026672363,10.0
none,kqjhz90q,31,antmaze-medium-play-v2,0.532555878162384,10.0
none,kqjhz90q,32,antmaze-medium-play-v2,0.49309971928596497,10.0
none,kqjhz90q,33,antmaze-medium-play-v2,0.5309260487556458,10.0
none,kqjhz90q,34,antmaze-medium-play-v2,0.5323072671890259,10.0
none,kqjhz90q,35,antmaze-medium-play-v2,0.5484129786491394,10.0
none,kqjhz90q,36,antmaze-medium-play-v2,0.5433638095855713,10.0
none,kqjhz90q,37,antmaze-medium-play-v2,0.5379287004470825,10.0
none,kqjhz90q,38,antmaze-medium-play-v2,0.4632932245731354,10.0
none,kqjhz90q,39,antmaze-medium-play-v2,0.4955773949623108,10.0
none,kqjhz90q,40,antmaze-medium-play-v2,0.4977633059024811,10.0
none,kqjhz90q,41,antmaze-medium-play-v2,0.47581803798675537,10.0
none,kqjhz90q,42,antmaze-medium-play-v2,0.5730510950088501,10.0
none,kqjhz90q,43,antmaze-medium-play-v2,0.5658261775970459,10.0
none,kqjhz90q,44,antmaze-medium-play-v2,0.5217615365982056,10.0
none,kqjhz90q,45,antmaze-medium-play-v2,0.5413662195205688,10.0
none,kqjhz90q,46,antmaze-medium-play-v2,0.5405007004737854,10.0
none,kqjhz90q,47,antmaze-medium-play-v2,0.5152178406715393,10.0
none,kqjhz90q,48,antmaze-medium-play-v2,0.47601211071014404,10.0
none,kqjhz90q,49,antmaze-medium-play-v2,0.5991861820220947,10.0
pbrl,8bue6ao1,0,antmaze-large-play-v2,0.9308527112007141,0.05
pbrl,8bue6ao1,1,antmaze-large-play-v2,0.8088718056678772,0.05
pbrl,8bue6ao1,2,antmaze-large-play-v2,0.6615862846374512,0.05
pbrl,8bue6ao1,3,antmaze-large-play-v2,0.6440240740776062,0.05
pbrl,8bue6ao1,4,antmaze-large-play-v2,0.6156256198883057,0.05
pbrl,8bue6ao1,5,antmaze-large-play-v2,0.7066112160682678,0.05
pbrl,8bue6ao1,6,antmaze-large-play-v2,0.7204803228378296,0.05
pbrl,8bue6ao1,7,antmaze-large-play-v2,0.5802011489868164,0.05
pbrl,8bue6ao1,8,antmaze-large-play-v2,0.6448361277580261,0.05
pbrl,8bue6ao1,9,antmaze-large-play-v2,0.6252194046974182,0.05
pbrl,8bue6ao1,10,antmaze-large-play-v2,0.6320552825927734,0.05
pbrl,8bue6ao1,11,antmaze-large-play-v2,0.6655615568161011,0.05
pbrl,8bue6ao1,12,antmaze-large-play-v2,0.703490674495697,0.05
pbrl,8bue6ao1,13,antmaze-large-play-v2,0.6935088634490967,0.05
pbrl,8bue6ao1,14,antmaze-large-play-v2,0.6751049757003784,0.05
pbrl,8bue6ao1,15,antmaze-large-play-v2,0.7003915905952454,0.05
pbrl,8bue6ao1,16,antmaze-large-play-v2,0.7218636870384216,0.05
pbrl,8bue6ao1,17,antmaze-large-play-v2,0.7847979068756104,0.05
pbrl,8bue6ao1,18,antmaze-large-play-v2,0.776631772518158,0.05
pbrl,8bue6ao1,19,antmaze-large-play-v2,0.795962393283844,0.05
pbrl,8bue6ao1,20,antmaze-large-play-v2,0.8154916167259216,0.05
pbrl,8bue6ao1,21,antmaze-large-play-v2,0.8021938800811768,0.05
pbrl,8bue6ao1,22,antmaze-large-play-v2,0.7405686378479004,0.05
pbrl,8bue6ao1,23,antmaze-large-play-v2,0.7668139338493347,0.05
pbrl,8bue6ao1,24,antmaze-large-play-v2,0.7899072766304016,0.05
pbrl,8bue6ao1,25,antmaze-large-play-v2,0.8445357084274292,0.05
pbrl,8bue6ao1,26,antmaze-large-play-v2,0.8318817615509033,0.05
pbrl,8bue6ao1,27,antmaze-large-play-v2,0.7949057817459106,0.05
pbrl,8bue6ao1,28,antmaze-large-play-v2,0.8048959970474243,0.05
pbrl,8bue6ao1,29,antmaze-large-play-v2,0.7792404294013977,0.05
pbrl,8bue6ao1,30,antmaze-large-play-v2,0.795106828212738,0.05
pbrl,8bue6ao1,31,antmaze-large-play-v2,0.797344982624054,0.05
pbrl,8bue6ao1,32,antmaze-large-play-v2,0.7940831184387207,0.05
pbrl,8bue6ao1,33,antmaze-large-play-v2,0.7942516207695007,0.05
pbrl,8bue6ao1,34,antmaze-large-play-v2,0.767514169216156,0.05
pbrl,8bue6ao1,35,antmaze-large-play-v2,0.849246621131897,0.05
pbrl,8bue6ao1,36,antmaze-large-play-v2,0.8064262270927429,0.05
pbrl,8bue6ao1,37,antmaze-large-play-v2,0.8064734935760498,0.05
pbrl,8bue6ao1,38,antmaze-large-play-v2,0.8721158504486084,0.05
pbrl,8bue6ao1,39,antmaze-large-play-v2,0.801740288734436,0.05
pbrl,8bue6ao1,40,antmaze-large-play-v2,0.7520706653594971,0.05
pbrl,8bue6ao1,41,antmaze-large-play-v2,0.7873367071151733,0.05
pbrl,8bue6ao1,42,antmaze-large-play-v2,0.7688188552856445,0.05
pbrl,8bue6ao1,43,antmaze-large-play-v2,0.8203550577163696,0.05
pbrl,8bue6ao1,44,antmaze-large-play-v2,0.7763879895210266,0.05
pbrl,8bue6ao1,45,antmaze-large-play-v2,0.8040707111358643,0.05
pbrl,8bue6ao1,46,antmaze-large-play-v2,0.8268730640411377,0.05
pbrl,8bue6ao1,47,antmaze-large-play-v2,0.8194321990013123,0.05
pbrl,8bue6ao1,48,antmaze-large-play-v2,0.8224393129348755,0.05
pbrl,8bue6ao1,49,antmaze-large-play-v2,0.8161531686782837,0.05
none,cxn2ih8m,0,antmaze-medium-play-v2,0.8221092224121094,10.0
none,cxn2ih8m,1,antmaze-medium-play-v2,0.5439701080322266,10.0
none,cxn2ih8m,2,antmaze-medium-play-v2,0.44437697529792786,10.0
none,cxn2ih8m,3,antmaze-medium-play-v2,0.4844362735748291,10.0
none,cxn2ih8m,4,antmaze-medium-play-v2,0.46192869544029236,10.0
none,cxn2ih8m,5,antmaze-medium-play-v2,0.4591020941734314,10.0
none,cxn2ih8m,6,antmaze-medium-play-v2,0.49849599599838257,10.0
none,cxn2ih8m,7,antmaze-medium-play-v2,0.43506449460983276,10.0
none,cxn2ih8m,8,antmaze-medium-play-v2,0.4197410047054291,10.0
none,cxn2ih8m,9,antmaze-medium-play-v2,0.43108832836151123,10.0
none,cxn2ih8m,10,antmaze-medium-play-v2,0.42557016015052795,10.0
none,cxn2ih8m,11,antmaze-medium-play-v2,0.4716264307498932,10.0
none,cxn2ih8m,12,antmaze-medium-play-v2,0.4843727946281433,10.0
none,cxn2ih8m,13,antmaze-medium-play-v2,0.5219137072563171,10.0
none,cxn2ih8m,14,antmaze-medium-play-v2,0.4916905164718628,10.0
none,cxn2ih8m,15,antmaze-medium-play-v2,0.4956214725971222,10.0
none,cxn2ih8m,16,antmaze-medium-play-v2,0.4768081307411194,10.0
none,cxn2ih8m,17,antmaze-medium-play-v2,0.4698058068752289,10.0
none,cxn2ih8m,18,antmaze-medium-play-v2,0.48821312189102173,10.0
none,cxn2ih8m,19,antmaze-medium-play-v2,0.4990174472332001,10.0
none,cxn2ih8m,20,antmaze-medium-play-v2,0.52269446849823,10.0
none,cxn2ih8m,21,antmaze-medium-play-v2,0.4976027011871338,10.0
none,cxn2ih8m,22,antmaze-medium-play-v2,0.5167227387428284,10.0
none,cxn2ih8m,23,antmaze-medium-play-v2,0.518994927406311,10.0
none,cxn2ih8m,24,antmaze-medium-play-v2,0.48587751388549805,10.0
none,cxn2ih8m,25,antmaze-medium-play-v2,0.5087404251098633,10.0
none,cxn2ih8m,26,antmaze-medium-play-v2,0.5478450059890747,10.0
none,cxn2ih8m,27,antmaze-medium-play-v2,0.48976925015449524,10.0
none,cxn2ih8m,28,antmaze-medium-play-v2,0.5419304370880127,10.0
none,cxn2ih8m,29,antmaze-medium-play-v2,0.5125014781951904,10.0
none,cxn2ih8m,30,antmaze-medium-play-v2,0.5719175934791565,10.0
none,cxn2ih8m,31,antmaze-medium-play-v2,0.5028423070907593,10.0
none,cxn2ih8m,32,antmaze-medium-play-v2,0.578377366065979,10.0
none,cxn2ih8m,33,antmaze-medium-play-v2,0.5743869543075562,10.0
none,cxn2ih8m,34,antmaze-medium-play-v2,0.512547492980957,10.0
none,cxn2ih8m,35,antmaze-medium-play-v2,0.5427430868148804,10.0
none,cxn2ih8m,36,antmaze-medium-play-v2,0.5145068764686584,10.0
none,cxn2ih8m,37,antmaze-medium-play-v2,0.5197720527648926,10.0
none,cxn2ih8m,38,antmaze-medium-play-v2,0.493706613779068,10.0
none,cxn2ih8m,39,antmaze-medium-play-v2,0.5174812078475952,10.0
none,cxn2ih8m,40,antmaze-medium-play-v2,0.511039137840271,10.0
none,cxn2ih8m,41,antmaze-medium-play-v2,0.4934963285923004,10.0
none,cxn2ih8m,42,antmaze-medium-play-v2,0.5691604614257812,10.0
none,cxn2ih8m,43,antmaze-medium-play-v2,0.5167794227600098,10.0
none,cxn2ih8m,44,antmaze-medium-play-v2,0.4987136423587799,10.0
none,cxn2ih8m,45,antmaze-medium-play-v2,0.4779135584831238,10.0
none,cxn2ih8m,46,antmaze-medium-play-v2,0.5442847013473511,10.0
none,cxn2ih8m,47,antmaze-medium-play-v2,0.48307767510414124,10.0
none,cxn2ih8m,48,antmaze-medium-play-v2,0.5267635583877563,10.0
none,cxn2ih8m,49,antmaze-medium-play-v2,0.5045238733291626,10.0
pbrl,rrvu690b,0,antmaze-large-play-v2,0.8969309329986572,0.05
pbrl,rrvu690b,1,antmaze-large-play-v2,0.776043713092804,0.05
pbrl,rrvu690b,2,antmaze-large-play-v2,0.6795751452445984,0.05
pbrl,rrvu690b,3,antmaze-large-play-v2,0.5975567102432251,0.05
pbrl,rrvu690b,4,antmaze-large-play-v2,0.6396898031234741,0.05
pbrl,rrvu690b,5,antmaze-large-play-v2,0.6228610277175903,0.05
pbrl,rrvu690b,6,antmaze-large-play-v2,0.676133930683136,0.05
pbrl,rrvu690b,7,antmaze-large-play-v2,0.6919004321098328,0.05
pbrl,rrvu690b,8,antmaze-large-play-v2,0.6321030259132385,0.05
pbrl,rrvu690b,9,antmaze-large-play-v2,0.6419475078582764,0.05
pbrl,rrvu690b,10,antmaze-large-play-v2,0.6458657383918762,0.05
pbrl,rrvu690b,11,antmaze-large-play-v2,0.6840749979019165,0.05
pbrl,rrvu690b,12,antmaze-large-play-v2,0.7386205196380615,0.05
pbrl,rrvu690b,13,antmaze-large-play-v2,0.7554035782814026,0.05
pbrl,rrvu690b,14,antmaze-large-play-v2,0.7721318006515503,0.05
pbrl,rrvu690b,15,antmaze-large-play-v2,0.7575250864028931,0.05
pbrl,rrvu690b,16,antmaze-large-play-v2,0.8123367428779602,0.05
pbrl,rrvu690b,17,antmaze-large-play-v2,0.7814286351203918,0.05
pbrl,rrvu690b,18,antmaze-large-play-v2,0.8324217796325684,0.05
pbrl,rrvu690b,19,antmaze-large-play-v2,0.8041651248931885,0.05
pbrl,rrvu690b,20,antmaze-large-play-v2,0.776491641998291,0.05
pbrl,rrvu690b,21,antmaze-large-play-v2,0.7955259680747986,0.05
pbrl,rrvu690b,22,antmaze-large-play-v2,0.8500569462776184,0.05
pbrl,rrvu690b,23,antmaze-large-play-v2,0.7654514312744141,0.05
pbrl,rrvu690b,24,antmaze-large-play-v2,0.752444863319397,0.05
pbrl,rrvu690b,25,antmaze-large-play-v2,0.794302761554718,0.05
pbrl,rrvu690b,26,antmaze-large-play-v2,0.887024998664856,0.05
pbrl,rrvu690b,27,antmaze-large-play-v2,0.7939618825912476,0.05
pbrl,rrvu690b,28,antmaze-large-play-v2,0.7451958656311035,0.05
pbrl,rrvu690b,29,antmaze-large-play-v2,0.8094444274902344,0.05
pbrl,rrvu690b,30,antmaze-large-play-v2,0.7758289575576782,0.05
pbrl,rrvu690b,31,antmaze-large-play-v2,0.7806985974311829,0.05
pbrl,rrvu690b,32,antmaze-large-play-v2,0.7503905296325684,0.05
pbrl,rrvu690b,33,antmaze-large-play-v2,0.7821574211120605,0.05
pbrl,rrvu690b,34,antmaze-large-play-v2,0.8235177993774414,0.05
pbrl,rrvu690b,35,antmaze-large-play-v2,0.764846920967102,0.05
pbrl,rrvu690b,36,antmaze-large-play-v2,0.8291866779327393,0.05
pbrl,rrvu690b,37,antmaze-large-play-v2,0.8373541235923767,0.05
pbrl,rrvu690b,38,antmaze-large-play-v2,0.8415263891220093,0.05
pbrl,rrvu690b,39,antmaze-large-play-v2,0.7776312828063965,0.05
pbrl,rrvu690b,40,antmaze-large-play-v2,0.7631115913391113,0.05
pbrl,rrvu690b,41,antmaze-large-play-v2,0.769246518611908,0.05
pbrl,rrvu690b,42,antmaze-large-play-v2,0.8092505931854248,0.05
pbrl,rrvu690b,43,antmaze-large-play-v2,0.7388678789138794,0.05
pbrl,rrvu690b,44,antmaze-large-play-v2,0.8249292373657227,0.05
pbrl,rrvu690b,45,antmaze-large-play-v2,0.795289933681488,0.05
pbrl,rrvu690b,46,antmaze-large-play-v2,0.7517408132553101,0.05
pbrl,rrvu690b,47,antmaze-large-play-v2,0.8363978862762451,0.05
pbrl,rrvu690b,48,antmaze-large-play-v2,0.7977298498153687,0.05
pbrl,rrvu690b,49,antmaze-large-play-v2,0.8060551881790161,0.05
pbrl,7pzuzx0y,0,antmaze-large-diverse-v2,0.8095196485519409,0.1
pbrl,7pzuzx0y,1,antmaze-large-diverse-v2,0.7007307410240173,0.1
pbrl,7pzuzx0y,2,antmaze-large-diverse-v2,0.6114097833633423,0.1
pbrl,7pzuzx0y,3,antmaze-large-diverse-v2,0.5749533176422119,0.1
pbrl,7pzuzx0y,4,antmaze-large-diverse-v2,0.6208536028862,0.1
pbrl,7pzuzx0y,5,antmaze-large-diverse-v2,0.6616830825805664,0.1
pbrl,7pzuzx0y,6,antmaze-large-diverse-v2,0.6862874031066895,0.1
pbrl,7pzuzx0y,7,antmaze-large-diverse-v2,0.6872020959854126,0.1
pbrl,7pzuzx0y,8,antmaze-large-diverse-v2,0.7183372974395752,0.1
pbrl,7pzuzx0y,9,antmaze-large-diverse-v2,0.7434295415878296,0.1
pbrl,7pzuzx0y,10,antmaze-large-diverse-v2,0.7453553676605225,0.1
pbrl,7pzuzx0y,11,antmaze-large-diverse-v2,0.6910009384155273,0.1
pbrl,7pzuzx0y,12,antmaze-large-diverse-v2,0.7243053317070007,0.1
pbrl,7pzuzx0y,13,antmaze-large-diverse-v2,0.7354289889335632,0.1
pbrl,7pzuzx0y,14,antmaze-large-diverse-v2,0.7655263543128967,0.1
pbrl,7pzuzx0y,15,antmaze-large-diverse-v2,0.7256154417991638,0.1
pbrl,7pzuzx0y,16,antmaze-large-diverse-v2,0.780998706817627,0.1
pbrl,7pzuzx0y,17,antmaze-large-diverse-v2,0.7854964733123779,0.1
pbrl,7pzuzx0y,18,antmaze-large-diverse-v2,0.7768841981887817,0.1
pbrl,7pzuzx0y,19,antmaze-large-diverse-v2,0.8299829959869385,0.1
pbrl,7pzuzx0y,20,antmaze-large-diverse-v2,0.7920851707458496,0.1
pbrl,7pzuzx0y,21,antmaze-large-diverse-v2,0.8460404872894287,0.1
pbrl,7pzuzx0y,22,antmaze-large-diverse-v2,0.8090450763702393,0.1
pbrl,7pzuzx0y,23,antmaze-large-diverse-v2,0.7988530993461609,0.1
pbrl,7pzuzx0y,24,antmaze-large-diverse-v2,0.781592607498169,0.1
pbrl,7pzuzx0y,25,antmaze-large-diverse-v2,0.8272688388824463,0.1
pbrl,7pzuzx0y,26,antmaze-large-diverse-v2,0.8420602083206177,0.1
pbrl,7pzuzx0y,27,antmaze-large-diverse-v2,0.8027815222740173,0.1
pbrl,7pzuzx0y,28,antmaze-large-diverse-v2,0.7990534901618958,0.1
pbrl,7pzuzx0y,29,antmaze-large-diverse-v2,0.9031800627708435,0.1
pbrl,7pzuzx0y,30,antmaze-large-diverse-v2,0.8876527547836304,0.1
pbrl,7pzuzx0y,31,antmaze-large-diverse-v2,0.7664175033569336,0.1
pbrl,7pzuzx0y,32,antmaze-large-diverse-v2,0.7802145481109619,0.1
pbrl,7pzuzx0y,33,antmaze-large-diverse-v2,0.7975845336914062,0.1
pbrl,7pzuzx0y,34,antmaze-large-diverse-v2,0.8663976192474365,0.1
pbrl,7pzuzx0y,35,antmaze-large-diverse-v2,0.9032586812973022,0.1
pbrl,7pzuzx0y,36,antmaze-large-diverse-v2,0.86127769947052,0.1
pbrl,7pzuzx0y,37,antmaze-large-diverse-v2,0.8098074197769165,0.1
pbrl,7pzuzx0y,38,antmaze-large-diverse-v2,0.8567991256713867,0.1
pbrl,7pzuzx0y,39,antmaze-large-diverse-v2,0.8941382765769958,0.1
pbrl,7pzuzx0y,40,antmaze-large-diverse-v2,0.836709201335907,0.1
pbrl,7pzuzx0y,41,antmaze-large-diverse-v2,0.8950872421264648,0.1
pbrl,7pzuzx0y,42,antmaze-large-diverse-v2,0.9077290296554565,0.1
pbrl,7pzuzx0y,43,antmaze-large-diverse-v2,0.873679518699646,0.1
pbrl,7pzuzx0y,44,antmaze-large-diverse-v2,0.8332474827766418,0.1
pbrl,7pzuzx0y,45,antmaze-large-diverse-v2,0.8625434041023254,0.1
pbrl,7pzuzx0y,46,antmaze-large-diverse-v2,0.9003793001174927,0.1
pbrl,7pzuzx0y,47,antmaze-large-diverse-v2,0.8856316804885864,0.1
pbrl,7pzuzx0y,48,antmaze-large-diverse-v2,0.8467240333557129,0.1
pbrl,7pzuzx0y,49,antmaze-large-diverse-v2,0.8860571384429932,0.1
none,ag93a9zd,0,antmaze-medium-play-v2,0.8060206174850464,10.0
none,ag93a9zd,1,antmaze-medium-play-v2,0.49290788173675537,10.0
none,ag93a9zd,2,antmaze-medium-play-v2,0.44972389936447144,10.0
none,ag93a9zd,3,antmaze-medium-play-v2,0.447345495223999,10.0
none,ag93a9zd,4,antmaze-medium-play-v2,0.44385263323783875,10.0
none,ag93a9zd,5,antmaze-medium-play-v2,0.43497756123542786,10.0
none,ag93a9zd,6,antmaze-medium-play-v2,0.45515960454940796,10.0
none,ag93a9zd,7,antmaze-medium-play-v2,0.4439147710800171,10.0
none,ag93a9zd,8,antmaze-medium-play-v2,0.45063626766204834,10.0
none,ag93a9zd,9,antmaze-medium-play-v2,0.45393890142440796,10.0
none,ag93a9zd,10,antmaze-medium-play-v2,0.4952372908592224,10.0
none,ag93a9zd,11,antmaze-medium-play-v2,0.5325320959091187,10.0
none,ag93a9zd,12,antmaze-medium-play-v2,0.5464311838150024,10.0
none,ag93a9zd,13,antmaze-medium-play-v2,0.5529505014419556,10.0
none,ag93a9zd,14,antmaze-medium-play-v2,0.497744619846344,10.0
none,ag93a9zd,15,antmaze-medium-play-v2,0.49190008640289307,10.0
none,ag93a9zd,16,antmaze-medium-play-v2,0.5192444324493408,10.0
none,ag93a9zd,17,antmaze-medium-play-v2,0.5521672964096069,10.0
none,ag93a9zd,18,antmaze-medium-play-v2,0.5165344476699829,10.0
none,ag93a9zd,19,antmaze-medium-play-v2,0.5089066028594971,10.0
none,ag93a9zd,20,antmaze-medium-play-v2,0.5979951620101929,10.0
none,ag93a9zd,21,antmaze-medium-play-v2,0.5493654012680054,10.0
none,ag93a9zd,22,antmaze-medium-play-v2,0.587325930595398,10.0
none,ag93a9zd,23,antmaze-medium-play-v2,0.5625615119934082,10.0
none,ag93a9zd,24,antmaze-medium-play-v2,0.5788708925247192,10.0
none,ag93a9zd,25,antmaze-medium-play-v2,0.59968101978302,10.0
none,ag93a9zd,26,antmaze-medium-play-v2,0.564096987247467,10.0
none,ag93a9zd,27,antmaze-medium-play-v2,0.584293007850647,10.0
none,ag93a9zd,28,antmaze-medium-play-v2,0.5476124286651611,10.0
none,ag93a9zd,29,antmaze-medium-play-v2,0.5047643780708313,10.0
none,ag93a9zd,30,antmaze-medium-play-v2,0.5010483264923096,10.0
none,ag93a9zd,31,antmaze-medium-play-v2,0.5540902614593506,10.0
none,ag93a9zd,32,antmaze-medium-play-v2,0.4983755946159363,10.0
none,ag93a9zd,33,antmaze-medium-play-v2,0.4707431197166443,10.0
none,ag93a9zd,34,antmaze-medium-play-v2,0.5134764909744263,10.0
none,ag93a9zd,35,antmaze-medium-play-v2,0.5696636438369751,10.0
none,ag93a9zd,36,antmaze-medium-play-v2,0.5457013249397278,10.0
none,ag93a9zd,37,antmaze-medium-play-v2,0.5286602973937988,10.0
none,ag93a9zd,38,antmaze-medium-play-v2,0.5086286067962646,10.0
none,ag93a9zd,39,antmaze-medium-play-v2,0.5512611269950867,10.0
none,ag93a9zd,40,antmaze-medium-play-v2,0.5246098637580872,10.0
none,ag93a9zd,41,antmaze-medium-play-v2,0.537294864654541,10.0
none,ag93a9zd,42,antmaze-medium-play-v2,0.5586236715316772,10.0
none,ag93a9zd,43,antmaze-medium-play-v2,0.5423842072486877,10.0
none,ag93a9zd,44,antmaze-medium-play-v2,0.5001751780509949,10.0
none,ag93a9zd,45,antmaze-medium-play-v2,0.47508466243743896,10.0
none,ag93a9zd,46,antmaze-medium-play-v2,0.6037486791610718,10.0
none,ag93a9zd,47,antmaze-medium-play-v2,0.4966398775577545,10.0
none,ag93a9zd,48,antmaze-medium-play-v2,0.5428693294525146,10.0
none,ag93a9zd,49,antmaze-medium-play-v2,0.5594382882118225,10.0
pbrl,mc632sep,0,antmaze-large-diverse-v2,0.8656072020530701,0.1
pbrl,mc632sep,1,antmaze-large-diverse-v2,0.6704667806625366,0.1
pbrl,mc632sep,2,antmaze-large-diverse-v2,0.6511165499687195,0.1
pbrl,mc632sep,3,antmaze-large-diverse-v2,0.625169038772583,0.1
pbrl,mc632sep,4,antmaze-large-diverse-v2,0.6156994104385376,0.1
pbrl,mc632sep,5,antmaze-large-diverse-v2,0.6219335198402405,0.1
pbrl,mc632sep,6,antmaze-large-diverse-v2,0.6779778003692627,0.1
pbrl,mc632sep,7,antmaze-large-diverse-v2,0.6499229073524475,0.1
pbrl,mc632sep,8,antmaze-large-diverse-v2,0.6620243787765503,0.1
pbrl,mc632sep,9,antmaze-large-diverse-v2,0.6833774447441101,0.1
pbrl,mc632sep,10,antmaze-large-diverse-v2,0.6959031224250793,0.1
pbrl,mc632sep,11,antmaze-large-diverse-v2,0.6940170526504517,0.1
pbrl,mc632sep,12,antmaze-large-diverse-v2,0.7406789064407349,0.1
pbrl,mc632sep,13,antmaze-large-diverse-v2,0.764032244682312,0.1
pbrl,mc632sep,14,antmaze-large-diverse-v2,0.7683490514755249,0.1
pbrl,mc632sep,15,antmaze-large-diverse-v2,0.7713928818702698,0.1
pbrl,mc632sep,16,antmaze-large-diverse-v2,0.7821720838546753,0.1
pbrl,mc632sep,17,antmaze-large-diverse-v2,0.7940669059753418,0.1
pbrl,mc632sep,18,antmaze-large-diverse-v2,0.8455715775489807,0.1
pbrl,mc632sep,19,antmaze-large-diverse-v2,0.8249794244766235,0.1
pbrl,mc632sep,20,antmaze-large-diverse-v2,0.8749243021011353,0.1
pbrl,mc632sep,21,antmaze-large-diverse-v2,0.799454391002655,0.1
pbrl,mc632sep,22,antmaze-large-diverse-v2,0.8665939569473267,0.1
pbrl,mc632sep,23,antmaze-large-diverse-v2,0.7979894876480103,0.1
pbrl,mc632sep,24,antmaze-large-diverse-v2,0.863033652305603,0.1
pbrl,mc632sep,25,antmaze-large-diverse-v2,0.9253291487693787,0.1
pbrl,mc632sep,26,antmaze-large-diverse-v2,0.899825930595398,0.1
pbrl,mc632sep,27,antmaze-large-diverse-v2,0.8555478453636169,0.1
pbrl,mc632sep,28,antmaze-large-diverse-v2,0.8351959586143494,0.1
pbrl,mc632sep,29,antmaze-large-diverse-v2,0.8282629251480103,0.1
pbrl,mc632sep,30,antmaze-large-diverse-v2,0.8165942430496216,0.1
pbrl,mc632sep,31,antmaze-large-diverse-v2,0.8901129364967346,0.1
pbrl,mc632sep,32,antmaze-large-diverse-v2,0.8318836688995361,0.1
pbrl,mc632sep,33,antmaze-large-diverse-v2,0.8220582604408264,0.1
pbrl,mc632sep,34,antmaze-large-diverse-v2,0.8814621567726135,0.1
pbrl,mc632sep,35,antmaze-large-diverse-v2,0.9308821558952332,0.1
pbrl,mc632sep,36,antmaze-large-diverse-v2,0.8544584512710571,0.1
pbrl,mc632sep,37,antmaze-large-diverse-v2,0.8503384590148926,0.1
pbrl,mc632sep,38,antmaze-large-diverse-v2,0.8902016878128052,0.1
pbrl,mc632sep,39,antmaze-large-diverse-v2,0.9234176874160767,0.1
pbrl,mc632sep,40,antmaze-large-diverse-v2,0.9211393594741821,0.1
pbrl,mc632sep,41,antmaze-large-diverse-v2,0.8756670951843262,0.1
pbrl,mc632sep,42,antmaze-large-diverse-v2,0.8548164367675781,0.1
pbrl,mc632sep,43,antmaze-large-diverse-v2,0.9068622589111328,0.1
pbrl,mc632sep,44,antmaze-large-diverse-v2,0.8340992331504822,0.1
pbrl,mc632sep,45,antmaze-large-diverse-v2,0.9575886726379395,0.1
pbrl,mc632sep,46,antmaze-large-diverse-v2,0.8893085718154907,0.1
pbrl,mc632sep,47,antmaze-large-diverse-v2,0.9501650929450989,0.1
pbrl,mc632sep,48,antmaze-large-diverse-v2,0.8619081974029541,0.1
pbrl,mc632sep,49,antmaze-large-diverse-v2,0.9522278308868408,0.1
none,pee5zgug,0,antmaze-medium-play-v2,0.7890025973320007,10.0
none,pee5zgug,1,antmaze-medium-play-v2,0.49103057384490967,10.0
none,pee5zgug,2,antmaze-medium-play-v2,0.45053836703300476,10.0
none,pee5zgug,3,antmaze-medium-play-v2,0.475633829832077,10.0
none,pee5zgug,4,antmaze-medium-play-v2,0.4344859719276428,10.0
none,pee5zgug,5,antmaze-medium-play-v2,0.44791340827941895,10.0
none,pee5zgug,6,antmaze-medium-play-v2,0.42396771907806396,10.0
none,pee5zgug,7,antmaze-medium-play-v2,0.3973584771156311,10.0
none,pee5zgug,8,antmaze-medium-play-v2,0.4004415273666382,10.0
none,pee5zgug,9,antmaze-medium-play-v2,0.4139408469200134,10.0
none,pee5zgug,10,antmaze-medium-play-v2,0.4288155436515808,10.0
none,pee5zgug,11,antmaze-medium-play-v2,0.4304981231689453,10.0
none,pee5zgug,12,antmaze-medium-play-v2,0.4418955147266388,10.0
none,pee5zgug,13,antmaze-medium-play-v2,0.4593351185321808,10.0
none,pee5zgug,14,antmaze-medium-play-v2,0.5209660530090332,10.0
none,pee5zgug,15,antmaze-medium-play-v2,0.5071327686309814,10.0
none,pee5zgug,16,antmaze-medium-play-v2,0.4885951280593872,10.0
none,pee5zgug,17,antmaze-medium-play-v2,0.5007181167602539,10.0
none,pee5zgug,18,antmaze-medium-play-v2,0.5512366890907288,10.0
none,pee5zgug,19,antmaze-medium-play-v2,0.6017906665802002,10.0
none,pee5zgug,20,antmaze-medium-play-v2,0.49170631170272827,10.0
none,pee5zgug,21,antmaze-medium-play-v2,0.4775969386100769,10.0
none,pee5zgug,22,antmaze-medium-play-v2,0.5926557779312134,10.0
none,pee5zgug,23,antmaze-medium-play-v2,0.5086814165115356,10.0
none,pee5zgug,24,antmaze-medium-play-v2,0.6010807752609253,10.0
none,pee5zgug,25,antmaze-medium-play-v2,0.5199880599975586,10.0
none,pee5zgug,26,antmaze-medium-play-v2,0.501731276512146,10.0
none,pee5zgug,27,antmaze-medium-play-v2,0.5410984754562378,10.0
none,pee5zgug,28,antmaze-medium-play-v2,0.5804455280303955,10.0
none,pee5zgug,29,antmaze-medium-play-v2,0.5413172245025635,10.0
none,pee5zgug,30,antmaze-medium-play-v2,0.5643610954284668,10.0
none,pee5zgug,31,antmaze-medium-play-v2,0.5148645639419556,10.0
none,pee5zgug,32,antmaze-medium-play-v2,0.5738155841827393,10.0
none,pee5zgug,33,antmaze-medium-play-v2,0.5173542499542236,10.0
none,pee5zgug,34,antmaze-medium-play-v2,0.5609156489372253,10.0
none,pee5zgug,35,antmaze-medium-play-v2,0.5876062512397766,10.0
none,pee5zgug,36,antmaze-medium-play-v2,0.5077085494995117,10.0
none,pee5zgug,37,antmaze-medium-play-v2,0.5308129191398621,10.0
none,pee5zgug,38,antmaze-medium-play-v2,0.5529631972312927,10.0
none,pee5zgug,39,antmaze-medium-play-v2,0.5733475685119629,10.0
none,pee5zgug,40,antmaze-medium-play-v2,0.5059206485748291,10.0
none,pee5zgug,41,antmaze-medium-play-v2,0.5094562768936157,10.0
none,pee5zgug,42,antmaze-medium-play-v2,0.5213239192962646,10.0
none,pee5zgug,43,antmaze-medium-play-v2,0.5066125392913818,10.0
none,pee5zgug,44,antmaze-medium-play-v2,0.5662264823913574,10.0
none,pee5zgug,45,antmaze-medium-play-v2,0.5805128216743469,10.0
none,pee5zgug,46,antmaze-medium-play-v2,0.5179226398468018,10.0
none,pee5zgug,47,antmaze-medium-play-v2,0.5344657301902771,10.0
none,pee5zgug,48,antmaze-medium-play-v2,0.5325588583946228,10.0
none,pee5zgug,49,antmaze-medium-play-v2,0.5419528484344482,10.0
pbrl,xb25rdn1,0,antmaze-large-diverse-v2,0.8443288803100586,0.1
pbrl,xb25rdn1,1,antmaze-large-diverse-v2,0.6951739192008972,0.1
pbrl,xb25rdn1,2,antmaze-large-diverse-v2,0.6077069044113159,0.1
pbrl,xb25rdn1,3,antmaze-large-diverse-v2,0.5770926475524902,0.1
pbrl,xb25rdn1,4,antmaze-large-diverse-v2,0.6012185215950012,0.1
pbrl,xb25rdn1,5,antmaze-large-diverse-v2,0.6726647615432739,0.1
pbrl,xb25rdn1,6,antmaze-large-diverse-v2,0.5829950571060181,0.1
pbrl,xb25rdn1,7,antmaze-large-diverse-v2,0.6502352952957153,0.1
pbrl,xb25rdn1,8,antmaze-large-diverse-v2,0.6417178511619568,0.1
pbrl,xb25rdn1,9,antmaze-large-diverse-v2,0.6415238380432129,0.1
pbrl,xb25rdn1,10,antmaze-large-diverse-v2,0.706249475479126,0.1
pbrl,xb25rdn1,11,antmaze-large-diverse-v2,0.6497024297714233,0.1
pbrl,xb25rdn1,12,antmaze-large-diverse-v2,0.739630937576294,0.1
pbrl,xb25rdn1,13,antmaze-large-diverse-v2,0.7233062386512756,0.1
pbrl,xb25rdn1,14,antmaze-large-diverse-v2,0.7946794033050537,0.1
pbrl,xb25rdn1,15,antmaze-large-diverse-v2,0.7165144681930542,0.1
pbrl,xb25rdn1,16,antmaze-large-diverse-v2,0.7437890768051147,0.1
pbrl,xb25rdn1,17,antmaze-large-diverse-v2,0.8100894093513489,0.1
pbrl,xb25rdn1,18,antmaze-large-diverse-v2,0.8011637926101685,0.1
pbrl,xb25rdn1,19,antmaze-large-diverse-v2,0.7965610027313232,0.1
pbrl,xb25rdn1,20,antmaze-large-diverse-v2,0.7872551083564758,0.1
pbrl,xb25rdn1,21,antmaze-large-diverse-v2,0.80950927734375,0.1
pbrl,xb25rdn1,22,antmaze-large-diverse-v2,0.8029449582099915,0.1
pbrl,xb25rdn1,23,antmaze-large-diverse-v2,0.8465743660926819,0.1
pbrl,xb25rdn1,24,antmaze-large-diverse-v2,0.7907109260559082,0.1
pbrl,xb25rdn1,25,antmaze-large-diverse-v2,0.8528218269348145,0.1
pbrl,xb25rdn1,26,antmaze-large-diverse-v2,0.826945424079895,0.1
pbrl,xb25rdn1,27,antmaze-large-diverse-v2,0.8849090337753296,0.1
pbrl,xb25rdn1,28,antmaze-large-diverse-v2,0.8657336235046387,0.1
pbrl,xb25rdn1,29,antmaze-large-diverse-v2,0.8772927522659302,0.1
pbrl,xb25rdn1,30,antmaze-large-diverse-v2,0.8479907512664795,0.1
pbrl,xb25rdn1,31,antmaze-large-diverse-v2,0.9500119090080261,0.1
pbrl,xb25rdn1,32,antmaze-large-diverse-v2,0.8646466732025146,0.1
pbrl,xb25rdn1,33,antmaze-large-diverse-v2,0.854258120059967,0.1
pbrl,xb25rdn1,34,antmaze-large-diverse-v2,0.848292887210846,0.1
pbrl,xb25rdn1,35,antmaze-large-diverse-v2,0.8968949317932129,0.1
pbrl,xb25rdn1,36,antmaze-large-diverse-v2,0.8860963582992554,0.1
pbrl,xb25rdn1,37,antmaze-large-diverse-v2,0.8222751617431641,0.1
pbrl,xb25rdn1,38,antmaze-large-diverse-v2,0.892735481262207,0.1
pbrl,xb25rdn1,39,antmaze-large-diverse-v2,0.894904613494873,0.1
pbrl,xb25rdn1,40,antmaze-large-diverse-v2,0.8472796082496643,0.1
pbrl,xb25rdn1,41,antmaze-large-diverse-v2,0.8908096551895142,0.1
pbrl,xb25rdn1,42,antmaze-large-diverse-v2,0.9012951254844666,0.1
pbrl,xb25rdn1,43,antmaze-large-diverse-v2,0.8513638973236084,0.1
pbrl,xb25rdn1,44,antmaze-large-diverse-v2,0.8797025680541992,0.1
pbrl,xb25rdn1,45,antmaze-large-diverse-v2,0.9220840930938721,0.1
pbrl,xb25rdn1,46,antmaze-large-diverse-v2,0.8780574202537537,0.1
pbrl,xb25rdn1,47,antmaze-large-diverse-v2,0.9052871465682983,0.1
pbrl,xb25rdn1,48,antmaze-large-diverse-v2,0.9116934537887573,0.1
pbrl,xb25rdn1,49,antmaze-large-diverse-v2,0.9260619878768921,0.1
none,f6dfyizu,0,antmaze-medium-play-v2,0.8052715063095093,10.0
none,f6dfyizu,1,antmaze-medium-play-v2,0.5096327662467957,10.0
none,f6dfyizu,2,antmaze-medium-play-v2,0.49273431301116943,10.0
none,f6dfyizu,3,antmaze-medium-play-v2,0.4577047526836395,10.0
none,f6dfyizu,4,antmaze-medium-play-v2,0.4608664810657501,10.0
none,f6dfyizu,5,antmaze-medium-play-v2,0.4240742325782776,10.0
none,f6dfyizu,6,antmaze-medium-play-v2,0.42994174361228943,10.0
none,f6dfyizu,7,antmaze-medium-play-v2,0.43045517802238464,10.0
none,f6dfyizu,8,antmaze-medium-play-v2,0.3947773575782776,10.0
none,f6dfyizu,9,antmaze-medium-play-v2,0.40121716260910034,10.0
none,f6dfyizu,10,antmaze-medium-play-v2,0.4419892430305481,10.0
none,f6dfyizu,11,antmaze-medium-play-v2,0.4462808072566986,10.0
none,f6dfyizu,12,antmaze-medium-play-v2,0.5176112651824951,10.0
none,f6dfyizu,13,antmaze-medium-play-v2,0.4634348750114441,10.0
none,f6dfyizu,14,antmaze-medium-play-v2,0.4575834274291992,10.0
none,f6dfyizu,15,antmaze-medium-play-v2,0.5093633532524109,10.0
none,f6dfyizu,16,antmaze-medium-play-v2,0.5125181674957275,10.0
none,f6dfyizu,17,antmaze-medium-play-v2,0.5135435461997986,10.0
none,f6dfyizu,18,antmaze-medium-play-v2,0.5470030307769775,10.0
none,f6dfyizu,19,antmaze-medium-play-v2,0.5584365725517273,10.0
none,f6dfyizu,20,antmaze-medium-play-v2,0.553749680519104,10.0
none,f6dfyizu,21,antmaze-medium-play-v2,0.5234127044677734,10.0
none,f6dfyizu,22,antmaze-medium-play-v2,0.5522253513336182,10.0
none,f6dfyizu,23,antmaze-medium-play-v2,0.5679641962051392,10.0
none,f6dfyizu,24,antmaze-medium-play-v2,0.5427135229110718,10.0
none,f6dfyizu,25,antmaze-medium-play-v2,0.5791364908218384,10.0
none,f6dfyizu,26,antmaze-medium-play-v2,0.49849459528923035,10.0
none,f6dfyizu,27,antmaze-medium-play-v2,0.510611891746521,10.0
none,f6dfyizu,28,antmaze-medium-play-v2,0.5844725370407104,10.0
none,f6dfyizu,29,antmaze-medium-play-v2,0.5951040983200073,10.0
none,f6dfyizu,30,antmaze-medium-play-v2,0.5187320709228516,10.0
none,f6dfyizu,31,antmaze-medium-play-v2,0.5271977782249451,10.0
none,f6dfyizu,32,antmaze-medium-play-v2,0.5083546042442322,10.0
none,f6dfyizu,33,antmaze-medium-play-v2,0.5708354711532593,10.0
none,f6dfyizu,34,antmaze-medium-play-v2,0.48637306690216064,10.0
none,f6dfyizu,35,antmaze-medium-play-v2,0.4614261984825134,10.0
none,f6dfyizu,36,antmaze-medium-play-v2,0.4784778654575348,10.0
none,f6dfyizu,37,antmaze-medium-play-v2,0.528719425201416,10.0
none,f6dfyizu,38,antmaze-medium-play-v2,0.49744394421577454,10.0
none,f6dfyizu,39,antmaze-medium-play-v2,0.47743096947669983,10.0
none,f6dfyizu,40,antmaze-medium-play-v2,0.4939059615135193,10.0
none,f6dfyizu,41,antmaze-medium-play-v2,0.4851354956626892,10.0
none,f6dfyizu,42,antmaze-medium-play-v2,0.4838274121284485,10.0
none,f6dfyizu,43,antmaze-medium-play-v2,0.5111491084098816,10.0
none,f6dfyizu,44,antmaze-medium-play-v2,0.5115580558776855,10.0
none,f6dfyizu,45,antmaze-medium-play-v2,0.48299476504325867,10.0
none,f6dfyizu,46,antmaze-medium-play-v2,0.5041726231575012,10.0
none,f6dfyizu,47,antmaze-medium-play-v2,0.4882330894470215,10.0
none,f6dfyizu,48,antmaze-medium-play-v2,0.5795028209686279,10.0
none,f6dfyizu,49,antmaze-medium-play-v2,0.5065199136734009,10.0
pbrl,7yuns09v,0,antmaze-large-diverse-v2,0.8917553424835205,0.1
pbrl,7yuns09v,1,antmaze-large-diverse-v2,0.6481530666351318,0.1
pbrl,7yuns09v,2,antmaze-large-diverse-v2,0.6074575185775757,0.1
pbrl,7yuns09v,3,antmaze-large-diverse-v2,0.6124295592308044,0.1
pbrl,7yuns09v,4,antmaze-large-diverse-v2,0.5582554936408997,0.1
pbrl,7yuns09v,5,antmaze-large-diverse-v2,0.5876277089118958,0.1
pbrl,7yuns09v,6,antmaze-large-diverse-v2,0.6187705993652344,0.1
pbrl,7yuns09v,7,antmaze-large-diverse-v2,0.6243200302124023,0.1
pbrl,7yuns09v,8,antmaze-large-diverse-v2,0.6567286252975464,0.1
pbrl,7yuns09v,9,antmaze-large-diverse-v2,0.7070378065109253,0.1
pbrl,7yuns09v,10,antmaze-large-diverse-v2,0.6829185485839844,0.1
pbrl,7yuns09v,11,antmaze-large-diverse-v2,0.6400541067123413,0.1
pbrl,7yuns09v,12,antmaze-large-diverse-v2,0.7487339973449707,0.1
pbrl,7yuns09v,13,antmaze-large-diverse-v2,0.6490610241889954,0.1
pbrl,7yuns09v,14,antmaze-large-diverse-v2,0.6828508973121643,0.1
pbrl,7yuns09v,15,antmaze-large-diverse-v2,0.7118349075317383,0.1
pbrl,7yuns09v,16,antmaze-large-diverse-v2,0.7270877361297607,0.1
pbrl,7yuns09v,17,antmaze-large-diverse-v2,0.728094220161438,0.1
pbrl,7yuns09v,18,antmaze-large-diverse-v2,0.7393609881401062,0.1
pbrl,7yuns09v,19,antmaze-large-diverse-v2,0.7024132609367371,0.1
pbrl,7yuns09v,20,antmaze-large-diverse-v2,0.7092782258987427,0.1
pbrl,7yuns09v,21,antmaze-large-diverse-v2,0.7652504444122314,0.1
pbrl,7yuns09v,22,antmaze-large-diverse-v2,0.7795823812484741,0.1
pbrl,7yuns09v,23,antmaze-large-diverse-v2,0.8386045098304749,0.1
pbrl,7yuns09v,24,antmaze-large-diverse-v2,0.7998324632644653,0.1
pbrl,7yuns09v,25,antmaze-large-diverse-v2,0.8739632368087769,0.1
pbrl,7yuns09v,26,antmaze-large-diverse-v2,0.7655532956123352,0.1
pbrl,7yuns09v,27,antmaze-large-diverse-v2,0.7878785133361816,0.1
pbrl,7yuns09v,28,antmaze-large-diverse-v2,0.807199239730835,0.1
pbrl,7yuns09v,29,antmaze-large-diverse-v2,0.8619758486747742,0.1
pbrl,7yuns09v,30,antmaze-large-diverse-v2,0.8735583424568176,0.1
pbrl,7yuns09v,31,antmaze-large-diverse-v2,0.8390381336212158,0.1
pbrl,7yuns09v,32,antmaze-large-diverse-v2,0.8324031829833984,0.1
pbrl,7yuns09v,33,antmaze-large-diverse-v2,0.7775678634643555,0.1
pbrl,7yuns09v,34,antmaze-large-diverse-v2,0.793022632598877,0.1
pbrl,7yuns09v,35,antmaze-large-diverse-v2,0.8247942328453064,0.1
pbrl,7yuns09v,36,antmaze-large-diverse-v2,0.8775052428245544,0.1
pbrl,7yuns09v,37,antmaze-large-diverse-v2,0.8501815795898438,0.1
pbrl,7yuns09v,38,antmaze-large-diverse-v2,0.9171323776245117,0.1
pbrl,7yuns09v,39,antmaze-large-diverse-v2,0.8602092266082764,0.1
pbrl,7yuns09v,40,antmaze-large-diverse-v2,0.8482134342193604,0.1
pbrl,7yuns09v,41,antmaze-large-diverse-v2,0.8685228228569031,0.1
pbrl,7yuns09v,42,antmaze-large-diverse-v2,0.8505532741546631,0.1
pbrl,7yuns09v,43,antmaze-large-diverse-v2,0.8717933893203735,0.1
pbrl,7yuns09v,44,antmaze-large-diverse-v2,0.83453369140625,0.1
pbrl,7yuns09v,45,antmaze-large-diverse-v2,0.9024199843406677,0.1
pbrl,7yuns09v,46,antmaze-large-diverse-v2,0.8770320415496826,0.1
pbrl,7yuns09v,47,antmaze-large-diverse-v2,0.8552048802375793,0.1
pbrl,7yuns09v,48,antmaze-large-diverse-v2,0.8818877935409546,0.1
pbrl,7yuns09v,49,antmaze-large-diverse-v2,0.8480616211891174,0.1
none,r2jy1pdv,0,antmaze-medium-play-v2,0.7855935096740723,50.0
none,r2jy1pdv,1,antmaze-medium-play-v2,0.5387513041496277,50.0
none,r2jy1pdv,2,antmaze-medium-play-v2,0.4594174325466156,50.0
none,r2jy1pdv,3,antmaze-medium-play-v2,0.4531015157699585,50.0
none,r2jy1pdv,4,antmaze-medium-play-v2,0.4581263065338135,50.0
none,r2jy1pdv,5,antmaze-medium-play-v2,0.4558737874031067,50.0
none,r2jy1pdv,6,antmaze-medium-play-v2,0.4414513409137726,50.0
none,r2jy1pdv,7,antmaze-medium-play-v2,0.4592587947845459,50.0
none,r2jy1pdv,8,antmaze-medium-play-v2,0.42850834131240845,50.0
none,r2jy1pdv,9,antmaze-medium-play-v2,0.4618508219718933,50.0
none,r2jy1pdv,10,antmaze-medium-play-v2,0.3981850743293762,50.0
none,r2jy1pdv,11,antmaze-medium-play-v2,0.3988429009914398,50.0
none,r2jy1pdv,12,antmaze-medium-play-v2,0.4931899905204773,50.0
none,r2jy1pdv,13,antmaze-medium-play-v2,0.4885786771774292,50.0
none,r2jy1pdv,14,antmaze-medium-play-v2,0.5243942141532898,50.0
none,r2jy1pdv,15,antmaze-medium-play-v2,0.4779457747936249,50.0
none,r2jy1pdv,16,antmaze-medium-play-v2,0.48120757937431335,50.0
none,r2jy1pdv,17,antmaze-medium-play-v2,0.48631349205970764,50.0
none,r2jy1pdv,18,antmaze-medium-play-v2,0.5134644508361816,50.0
none,r2jy1pdv,19,antmaze-medium-play-v2,0.5593685507774353,50.0
none,r2jy1pdv,20,antmaze-medium-play-v2,0.5108088254928589,50.0
none,r2jy1pdv,21,antmaze-medium-play-v2,0.5558205246925354,50.0
none,r2jy1pdv,22,antmaze-medium-play-v2,0.582904577255249,50.0
none,r2jy1pdv,23,antmaze-medium-play-v2,0.5323946475982666,50.0
none,r2jy1pdv,24,antmaze-medium-play-v2,0.5200479626655579,50.0
none,r2jy1pdv,25,antmaze-medium-play-v2,0.5451496243476868,50.0
none,r2jy1pdv,26,antmaze-medium-play-v2,0.5994210839271545,50.0
none,r2jy1pdv,27,antmaze-medium-play-v2,0.5759552717208862,50.0
none,r2jy1pdv,28,antmaze-medium-play-v2,0.6079719662666321,50.0
none,r2jy1pdv,29,antmaze-medium-play-v2,0.5518577098846436,50.0
none,r2jy1pdv,30,antmaze-medium-play-v2,0.49620914459228516,50.0
none,r2jy1pdv,31,antmaze-medium-play-v2,0.5237897634506226,50.0
none,r2jy1pdv,32,antmaze-medium-play-v2,0.5506311058998108,50.0
none,r2jy1pdv,33,antmaze-medium-play-v2,0.5796310901641846,50.0
none,r2jy1pdv,34,antmaze-medium-play-v2,0.5583333969116211,50.0
none,r2jy1pdv,35,antmaze-medium-play-v2,0.5864260196685791,50.0
none,r2jy1pdv,36,antmaze-medium-play-v2,0.5662792921066284,50.0
none,r2jy1pdv,37,antmaze-medium-play-v2,0.5498226284980774,50.0
none,r2jy1pdv,38,antmaze-medium-play-v2,0.4798732399940491,50.0
none,r2jy1pdv,39,antmaze-medium-play-v2,0.5286389589309692,50.0
none,r2jy1pdv,40,antmaze-medium-play-v2,0.5131955742835999,50.0
none,r2jy1pdv,41,antmaze-medium-play-v2,0.49374687671661377,50.0
none,r2jy1pdv,42,antmaze-medium-play-v2,0.6060843467712402,50.0
none,r2jy1pdv,43,antmaze-medium-play-v2,0.562096118927002,50.0
none,r2jy1pdv,44,antmaze-medium-play-v2,0.5283541679382324,50.0
none,r2jy1pdv,45,antmaze-medium-play-v2,0.5637885332107544,50.0
none,r2jy1pdv,46,antmaze-medium-play-v2,0.5359734296798706,50.0
none,r2jy1pdv,47,antmaze-medium-play-v2,0.5136406421661377,50.0
none,r2jy1pdv,48,antmaze-medium-play-v2,0.489615797996521,50.0
none,r2jy1pdv,49,antmaze-medium-play-v2,0.6137441396713257,50.0
pbrl,fybmargf,0,antmaze-large-diverse-v2,0.8615058660507202,0.1
pbrl,fybmargf,1,antmaze-large-diverse-v2,0.709659218788147,0.1
pbrl,fybmargf,2,antmaze-large-diverse-v2,0.5817950963973999,0.1
pbrl,fybmargf,3,antmaze-large-diverse-v2,0.6142901182174683,0.1
pbrl,fybmargf,4,antmaze-large-diverse-v2,0.5847755670547485,0.1
pbrl,fybmargf,5,antmaze-large-diverse-v2,0.58027184009552,0.1
pbrl,fybmargf,6,antmaze-large-diverse-v2,0.6855493783950806,0.1
pbrl,fybmargf,7,antmaze-large-diverse-v2,0.5793510675430298,0.1
pbrl,fybmargf,8,antmaze-large-diverse-v2,0.6563708782196045,0.1
pbrl,fybmargf,9,antmaze-large-diverse-v2,0.7129830121994019,0.1
pbrl,fybmargf,10,antmaze-large-diverse-v2,0.6648405194282532,0.1
pbrl,fybmargf,11,antmaze-large-diverse-v2,0.6367701292037964,0.1
pbrl,fybmargf,12,antmaze-large-diverse-v2,0.72064208984375,0.1
pbrl,fybmargf,13,antmaze-large-diverse-v2,0.7593035697937012,0.1
pbrl,fybmargf,14,antmaze-large-diverse-v2,0.7445074319839478,0.1
pbrl,fybmargf,15,antmaze-large-diverse-v2,0.7541942596435547,0.1
pbrl,fybmargf,16,antmaze-large-diverse-v2,0.7177740335464478,0.1
pbrl,fybmargf,17,antmaze-large-diverse-v2,0.8021532297134399,0.1
pbrl,fybmargf,18,antmaze-large-diverse-v2,0.7988197207450867,0.1
pbrl,fybmargf,19,antmaze-large-diverse-v2,0.7411574125289917,0.1
pbrl,fybmargf,20,antmaze-large-diverse-v2,0.7801733016967773,0.1
pbrl,fybmargf,21,antmaze-large-diverse-v2,0.8016611337661743,0.1
pbrl,fybmargf,22,antmaze-large-diverse-v2,0.8510632514953613,0.1
pbrl,fybmargf,23,antmaze-large-diverse-v2,0.8190248012542725,0.1
pbrl,fybmargf,24,antmaze-large-diverse-v2,0.8330569863319397,0.1
pbrl,fybmargf,25,antmaze-large-diverse-v2,0.7977586984634399,0.1
pbrl,fybmargf,26,antmaze-large-diverse-v2,0.7892770767211914,0.1
pbrl,fybmargf,27,antmaze-large-diverse-v2,0.7740093469619751,0.1
pbrl,fybmargf,28,antmaze-large-diverse-v2,0.8183270692825317,0.1
pbrl,fybmargf,29,antmaze-large-diverse-v2,0.880570113658905,0.1
pbrl,fybmargf,30,antmaze-large-diverse-v2,0.849298357963562,0.1
pbrl,fybmargf,31,antmaze-large-diverse-v2,0.8109394311904907,0.1
pbrl,fybmargf,32,antmaze-large-diverse-v2,0.8563023805618286,0.1
pbrl,fybmargf,33,antmaze-large-diverse-v2,0.8989985585212708,0.1
pbrl,fybmargf,34,antmaze-large-diverse-v2,0.8498824238777161,0.1
pbrl,fybmargf,35,antmaze-large-diverse-v2,0.9042007923126221,0.1
pbrl,fybmargf,36,antmaze-large-diverse-v2,0.8259448409080505,0.1
pbrl,fybmargf,37,antmaze-large-diverse-v2,0.8626177906990051,0.1
pbrl,fybmargf,38,antmaze-large-diverse-v2,0.8478993773460388,0.1
pbrl,fybmargf,39,antmaze-large-diverse-v2,0.8810986280441284,0.1
pbrl,fybmargf,40,antmaze-large-diverse-v2,0.9064489603042603,0.1
pbrl,fybmargf,41,antmaze-large-diverse-v2,0.871311604976654,0.1
pbrl,fybmargf,42,antmaze-large-diverse-v2,0.962442934513092,0.1
pbrl,fybmargf,43,antmaze-large-diverse-v2,0.945541262626648,0.1
pbrl,fybmargf,44,antmaze-large-diverse-v2,0.8996379375457764,0.1
pbrl,fybmargf,45,antmaze-large-diverse-v2,0.9092041254043579,0.1
pbrl,fybmargf,46,antmaze-large-diverse-v2,0.9012987017631531,0.1
pbrl,fybmargf,47,antmaze-large-diverse-v2,0.874099850654602,0.1
pbrl,fybmargf,48,antmaze-large-diverse-v2,0.9401333332061768,0.1
pbrl,fybmargf,49,antmaze-large-diverse-v2,0.8926762342453003,0.1
none,51jz79lt,0,antmaze-medium-play-v2,0.8169199228286743,50.0
none,51jz79lt,1,antmaze-medium-play-v2,0.5529316663742065,50.0
none,51jz79lt,2,antmaze-medium-play-v2,0.4593382477760315,50.0
none,51jz79lt,3,antmaze-medium-play-v2,0.48825427889823914,50.0
none,51jz79lt,4,antmaze-medium-play-v2,0.48601365089416504,50.0
none,51jz79lt,5,antmaze-medium-play-v2,0.47345632314682007,50.0
none,51jz79lt,6,antmaze-medium-play-v2,0.4817907512187958,50.0
none,51jz79lt,7,antmaze-medium-play-v2,0.4681200385093689,50.0
none,51jz79lt,8,antmaze-medium-play-v2,0.45418408513069153,50.0
none,51jz79lt,9,antmaze-medium-play-v2,0.4451430141925812,50.0
none,51jz79lt,10,antmaze-medium-play-v2,0.44947999715805054,50.0
none,51jz79lt,11,antmaze-medium-play-v2,0.4681839942932129,50.0
none,51jz79lt,12,antmaze-medium-play-v2,0.47100937366485596,50.0
none,51jz79lt,13,antmaze-medium-play-v2,0.5020276308059692,50.0
none,51jz79lt,14,antmaze-medium-play-v2,0.48097163438796997,50.0
none,51jz79lt,15,antmaze-medium-play-v2,0.4887446463108063,50.0
none,51jz79lt,16,antmaze-medium-play-v2,0.4519922435283661,50.0
none,51jz79lt,17,antmaze-medium-play-v2,0.4776468276977539,50.0
none,51jz79lt,18,antmaze-medium-play-v2,0.5144109725952148,50.0
none,51jz79lt,19,antmaze-medium-play-v2,0.546683669090271,50.0
none,51jz79lt,20,antmaze-medium-play-v2,0.5925600528717041,50.0
none,51jz79lt,21,antmaze-medium-play-v2,0.5394972562789917,50.0
none,51jz79lt,22,antmaze-medium-play-v2,0.5447096824645996,50.0
none,51jz79lt,23,antmaze-medium-play-v2,0.5415173768997192,50.0
none,51jz79lt,24,antmaze-medium-play-v2,0.5195881128311157,50.0
none,51jz79lt,25,antmaze-medium-play-v2,0.5232879519462585,50.0
none,51jz79lt,26,antmaze-medium-play-v2,0.6049919128417969,50.0
none,51jz79lt,27,antmaze-medium-play-v2,0.48537638783454895,50.0
none,51jz79lt,28,antmaze-medium-play-v2,0.5543028712272644,50.0
none,51jz79lt,29,antmaze-medium-play-v2,0.50673508644104,50.0
none,51jz79lt,30,antmaze-medium-play-v2,0.5647717714309692,50.0
none,51jz79lt,31,antmaze-medium-play-v2,0.4987109899520874,50.0
none,51jz79lt,32,antmaze-medium-play-v2,0.5756670236587524,50.0
none,51jz79lt,33,antmaze-medium-play-v2,0.5914075374603271,50.0
none,51jz79lt,34,antmaze-medium-play-v2,0.47843682765960693,50.0
none,51jz79lt,35,antmaze-medium-play-v2,0.5259917974472046,50.0
none,51jz79lt,36,antmaze-medium-play-v2,0.4618053734302521,50.0
none,51jz79lt,37,antmaze-medium-play-v2,0.5177117586135864,50.0
none,51jz79lt,38,antmaze-medium-play-v2,0.5098750591278076,50.0
none,51jz79lt,39,antmaze-medium-play-v2,0.5042946934700012,50.0
none,51jz79lt,40,antmaze-medium-play-v2,0.5168867111206055,50.0
none,51jz79lt,41,antmaze-medium-play-v2,0.4847466051578522,50.0
none,51jz79lt,42,antmaze-medium-play-v2,0.5643465518951416,50.0
none,51jz79lt,43,antmaze-medium-play-v2,0.511741042137146,50.0
none,51jz79lt,44,antmaze-medium-play-v2,0.5032973885536194,50.0
none,51jz79lt,45,antmaze-medium-play-v2,0.4887460768222809,50.0
none,51jz79lt,46,antmaze-medium-play-v2,0.5481444597244263,50.0
none,51jz79lt,47,antmaze-medium-play-v2,0.5031476020812988,50.0
none,51jz79lt,48,antmaze-medium-play-v2,0.5299324989318848,50.0
none,51jz79lt,49,antmaze-medium-play-v2,0.5052760243415833,50.0
pbrl,9ibybmyq,0,antmaze-medium-diverse-v2,0.8359371423721313,0.1
pbrl,9ibybmyq,1,antmaze-medium-diverse-v2,0.5779633522033691,0.1
pbrl,9ibybmyq,2,antmaze-medium-diverse-v2,0.6281425356864929,0.1
pbrl,9ibybmyq,3,antmaze-medium-diverse-v2,0.48767951130867004,0.1
pbrl,9ibybmyq,4,antmaze-medium-diverse-v2,0.5601415634155273,0.1
pbrl,9ibybmyq,5,antmaze-medium-diverse-v2,0.5978291034698486,0.1
pbrl,9ibybmyq,6,antmaze-medium-diverse-v2,0.6528176665306091,0.1
pbrl,9ibybmyq,7,antmaze-medium-diverse-v2,0.6377692818641663,0.1
pbrl,9ibybmyq,8,antmaze-medium-diverse-v2,0.6785256862640381,0.1
pbrl,9ibybmyq,9,antmaze-medium-diverse-v2,0.739277184009552,0.1
pbrl,9ibybmyq,10,antmaze-medium-diverse-v2,0.6606424450874329,0.1
pbrl,9ibybmyq,11,antmaze-medium-diverse-v2,0.783137321472168,0.1
pbrl,9ibybmyq,12,antmaze-medium-diverse-v2,0.7653234004974365,0.1
pbrl,9ibybmyq,13,antmaze-medium-diverse-v2,0.7335113286972046,0.1
pbrl,9ibybmyq,14,antmaze-medium-diverse-v2,0.7562351226806641,0.1
pbrl,9ibybmyq,15,antmaze-medium-diverse-v2,0.7910908460617065,0.1
pbrl,9ibybmyq,16,antmaze-medium-diverse-v2,0.8098010420799255,0.1
pbrl,9ibybmyq,17,antmaze-medium-diverse-v2,0.8317074775695801,0.1
pbrl,9ibybmyq,18,antmaze-medium-diverse-v2,0.814781665802002,0.1
pbrl,9ibybmyq,19,antmaze-medium-diverse-v2,0.7889490127563477,0.1
pbrl,9ibybmyq,20,antmaze-medium-diverse-v2,0.8244386911392212,0.1
pbrl,9ibybmyq,21,antmaze-medium-diverse-v2,0.800689697265625,0.1
pbrl,9ibybmyq,22,antmaze-medium-diverse-v2,0.8433084487915039,0.1
pbrl,9ibybmyq,23,antmaze-medium-diverse-v2,0.8870711326599121,0.1
pbrl,9ibybmyq,24,antmaze-medium-diverse-v2,0.8017191886901855,0.1
pbrl,9ibybmyq,25,antmaze-medium-diverse-v2,0.8845182061195374,0.1
pbrl,9ibybmyq,26,antmaze-medium-diverse-v2,0.8496013879776001,0.1
pbrl,9ibybmyq,27,antmaze-medium-diverse-v2,0.8650628328323364,0.1
pbrl,9ibybmyq,28,antmaze-medium-diverse-v2,0.7990733981132507,0.1
pbrl,9ibybmyq,29,antmaze-medium-diverse-v2,0.8075587749481201,0.1
pbrl,9ibybmyq,30,antmaze-medium-diverse-v2,0.850273609161377,0.1
pbrl,9ibybmyq,31,antmaze-medium-diverse-v2,0.8717321157455444,0.1
pbrl,9ibybmyq,32,antmaze-medium-diverse-v2,0.8403031229972839,0.1
pbrl,9ibybmyq,33,antmaze-medium-diverse-v2,0.8993197679519653,0.1
pbrl,9ibybmyq,34,antmaze-medium-diverse-v2,0.9133189916610718,0.1
pbrl,9ibybmyq,35,antmaze-medium-diverse-v2,0.8545677661895752,0.1
pbrl,9ibybmyq,36,antmaze-medium-diverse-v2,0.836264431476593,0.1
pbrl,9ibybmyq,37,antmaze-medium-diverse-v2,0.8524754643440247,0.1
pbrl,9ibybmyq,38,antmaze-medium-diverse-v2,0.8776388168334961,0.1
pbrl,9ibybmyq,39,antmaze-medium-diverse-v2,0.848871648311615,0.1
pbrl,9ibybmyq,40,antmaze-medium-diverse-v2,0.8764634728431702,0.1
pbrl,9ibybmyq,41,antmaze-medium-diverse-v2,0.8795061707496643,0.1
pbrl,9ibybmyq,42,antmaze-medium-diverse-v2,0.9358107447624207,0.1
pbrl,9ibybmyq,43,antmaze-medium-diverse-v2,0.8313590288162231,0.1
pbrl,9ibybmyq,44,antmaze-medium-diverse-v2,0.8144978880882263,0.1
pbrl,9ibybmyq,45,antmaze-medium-diverse-v2,0.7743707895278931,0.1
pbrl,9ibybmyq,46,antmaze-medium-diverse-v2,0.8274568915367126,0.1
pbrl,9ibybmyq,47,antmaze-medium-diverse-v2,0.8276218175888062,0.1
pbrl,9ibybmyq,48,antmaze-medium-diverse-v2,0.8546954393386841,0.1
pbrl,9ibybmyq,49,antmaze-medium-diverse-v2,0.8810539841651917,0.1
none,lva0jirc,0,antmaze-medium-play-v2,0.8029624223709106,50.0
none,lva0jirc,1,antmaze-medium-play-v2,0.5219511389732361,50.0
none,lva0jirc,2,antmaze-medium-play-v2,0.4652350842952728,50.0
none,lva0jirc,3,antmaze-medium-play-v2,0.4533827304840088,50.0
none,lva0jirc,4,antmaze-medium-play-v2,0.45279043912887573,50.0
none,lva0jirc,5,antmaze-medium-play-v2,0.42474251985549927,50.0
none,lva0jirc,6,antmaze-medium-play-v2,0.49273526668548584,50.0
none,lva0jirc,7,antmaze-medium-play-v2,0.46895211935043335,50.0
none,lva0jirc,8,antmaze-medium-play-v2,0.48921412229537964,50.0
none,lva0jirc,9,antmaze-medium-play-v2,0.46041983366012573,50.0
none,lva0jirc,10,antmaze-medium-play-v2,0.4593624472618103,50.0
none,lva0jirc,11,antmaze-medium-play-v2,0.4713590443134308,50.0
none,lva0jirc,12,antmaze-medium-play-v2,0.5316078066825867,50.0
none,lva0jirc,13,antmaze-medium-play-v2,0.5652573108673096,50.0
none,lva0jirc,14,antmaze-medium-play-v2,0.5351402759552002,50.0
none,lva0jirc,15,antmaze-medium-play-v2,0.5152959227561951,50.0
none,lva0jirc,16,antmaze-medium-play-v2,0.49632489681243896,50.0
none,lva0jirc,17,antmaze-medium-play-v2,0.5467740297317505,50.0
none,lva0jirc,18,antmaze-medium-play-v2,0.518563449382782,50.0
none,lva0jirc,19,antmaze-medium-play-v2,0.4818987250328064,50.0
none,lva0jirc,20,antmaze-medium-play-v2,0.5619162321090698,50.0
none,lva0jirc,21,antmaze-medium-play-v2,0.5285154581069946,50.0
none,lva0jirc,22,antmaze-medium-play-v2,0.5919683575630188,50.0
none,lva0jirc,23,antmaze-medium-play-v2,0.5648889541625977,50.0
none,lva0jirc,24,antmaze-medium-play-v2,0.5692160725593567,50.0
none,lva0jirc,25,antmaze-medium-play-v2,0.6184666752815247,50.0
none,lva0jirc,26,antmaze-medium-play-v2,0.5796591639518738,50.0
none,lva0jirc,27,antmaze-medium-play-v2,0.6177034378051758,50.0
none,lva0jirc,28,antmaze-medium-play-v2,0.5994395017623901,50.0
none,lva0jirc,29,antmaze-medium-play-v2,0.541841983795166,50.0
none,lva0jirc,30,antmaze-medium-play-v2,0.5576200485229492,50.0
none,lva0jirc,31,antmaze-medium-play-v2,0.5815902948379517,50.0
none,lva0jirc,32,antmaze-medium-play-v2,0.5328858494758606,50.0
none,lva0jirc,33,antmaze-medium-play-v2,0.4658096432685852,50.0
none,lva0jirc,34,antmaze-medium-play-v2,0.5398651361465454,50.0
none,lva0jirc,35,antmaze-medium-play-v2,0.5766986608505249,50.0
none,lva0jirc,36,antmaze-medium-play-v2,0.5582990646362305,50.0
none,lva0jirc,37,antmaze-medium-play-v2,0.5686628222465515,50.0
none,lva0jirc,38,antmaze-medium-play-v2,0.5303916335105896,50.0
none,lva0jirc,39,antmaze-medium-play-v2,0.530745267868042,50.0
none,lva0jirc,40,antmaze-medium-play-v2,0.5289180278778076,50.0
none,lva0jirc,41,antmaze-medium-play-v2,0.5246741771697998,50.0
none,lva0jirc,42,antmaze-medium-play-v2,0.5724899768829346,50.0
none,lva0jirc,43,antmaze-medium-play-v2,0.562915563583374,50.0
none,lva0jirc,44,antmaze-medium-play-v2,0.5308588743209839,50.0
none,lva0jirc,45,antmaze-medium-play-v2,0.5113672018051147,50.0
none,lva0jirc,46,antmaze-medium-play-v2,0.5910084247589111,50.0
none,lva0jirc,47,antmaze-medium-play-v2,0.5234352350234985,50.0
none,lva0jirc,48,antmaze-medium-play-v2,0.5591226816177368,50.0
none,lva0jirc,49,antmaze-medium-play-v2,0.5508296489715576,50.0
pbrl,bq9kv3xp,0,antmaze-medium-diverse-v2,0.845949649810791,0.1
pbrl,bq9kv3xp,1,antmaze-medium-diverse-v2,0.6394582986831665,0.1
pbrl,bq9kv3xp,2,antmaze-medium-diverse-v2,0.5507528781890869,0.1
pbrl,bq9kv3xp,3,antmaze-medium-diverse-v2,0.4849594235420227,0.1
pbrl,bq9kv3xp,4,antmaze-medium-diverse-v2,0.545264482498169,0.1
pbrl,bq9kv3xp,5,antmaze-medium-diverse-v2,0.5993527173995972,0.1
pbrl,bq9kv3xp,6,antmaze-medium-diverse-v2,0.5747363567352295,0.1
pbrl,bq9kv3xp,7,antmaze-medium-diverse-v2,0.6357597708702087,0.1
pbrl,bq9kv3xp,8,antmaze-medium-diverse-v2,0.6300841569900513,0.1
pbrl,bq9kv3xp,9,antmaze-medium-diverse-v2,0.6483820676803589,0.1
pbrl,bq9kv3xp,10,antmaze-medium-diverse-v2,0.6683429479598999,0.1
pbrl,bq9kv3xp,11,antmaze-medium-diverse-v2,0.7103636264801025,0.1
pbrl,bq9kv3xp,12,antmaze-medium-diverse-v2,0.7479135990142822,0.1
pbrl,bq9kv3xp,13,antmaze-medium-diverse-v2,0.7595503330230713,0.1
pbrl,bq9kv3xp,14,antmaze-medium-diverse-v2,0.7910646796226501,0.1
pbrl,bq9kv3xp,15,antmaze-medium-diverse-v2,0.816362738609314,0.1
pbrl,bq9kv3xp,16,antmaze-medium-diverse-v2,0.8081870675086975,0.1
pbrl,bq9kv3xp,17,antmaze-medium-diverse-v2,0.8189407587051392,0.1
pbrl,bq9kv3xp,18,antmaze-medium-diverse-v2,0.854392945766449,0.1
pbrl,bq9kv3xp,19,antmaze-medium-diverse-v2,0.8537572026252747,0.1
pbrl,bq9kv3xp,20,antmaze-medium-diverse-v2,0.8629822731018066,0.1
pbrl,bq9kv3xp,21,antmaze-medium-diverse-v2,0.8598133325576782,0.1
pbrl,bq9kv3xp,22,antmaze-medium-diverse-v2,0.8487923741340637,0.1
pbrl,bq9kv3xp,23,antmaze-medium-diverse-v2,0.8210943937301636,0.1
pbrl,bq9kv3xp,24,antmaze-medium-diverse-v2,0.8297808170318604,0.1
pbrl,bq9kv3xp,25,antmaze-medium-diverse-v2,0.8958962559700012,0.1
pbrl,bq9kv3xp,26,antmaze-medium-diverse-v2,0.8834205865859985,0.1
pbrl,bq9kv3xp,27,antmaze-medium-diverse-v2,0.9034295082092285,0.1
pbrl,bq9kv3xp,28,antmaze-medium-diverse-v2,0.8463003635406494,0.1
pbrl,bq9kv3xp,29,antmaze-medium-diverse-v2,0.8482015132904053,0.1
pbrl,bq9kv3xp,30,antmaze-medium-diverse-v2,0.8669507503509521,0.1
pbrl,bq9kv3xp,31,antmaze-medium-diverse-v2,0.951500415802002,0.1
pbrl,bq9kv3xp,32,antmaze-medium-diverse-v2,0.9285995364189148,0.1
pbrl,bq9kv3xp,33,antmaze-medium-diverse-v2,0.9245750904083252,0.1
pbrl,bq9kv3xp,34,antmaze-medium-diverse-v2,0.9283900260925293,0.1
pbrl,bq9kv3xp,35,antmaze-medium-diverse-v2,0.8673015832901001,0.1
pbrl,bq9kv3xp,36,antmaze-medium-diverse-v2,0.8728970289230347,0.1
pbrl,bq9kv3xp,37,antmaze-medium-diverse-v2,0.8861843347549438,0.1
pbrl,bq9kv3xp,38,antmaze-medium-diverse-v2,0.940991997718811,0.1
pbrl,bq9kv3xp,39,antmaze-medium-diverse-v2,0.9131073951721191,0.1
pbrl,bq9kv3xp,40,antmaze-medium-diverse-v2,0.8910951614379883,0.1
pbrl,bq9kv3xp,41,antmaze-medium-diverse-v2,0.8980642557144165,0.1
pbrl,bq9kv3xp,42,antmaze-medium-diverse-v2,0.9350347518920898,0.1
pbrl,bq9kv3xp,43,antmaze-medium-diverse-v2,0.9811680912971497,0.1
pbrl,bq9kv3xp,44,antmaze-medium-diverse-v2,0.9280726909637451,0.1
pbrl,bq9kv3xp,45,antmaze-medium-diverse-v2,0.8720406293869019,0.1
pbrl,bq9kv3xp,46,antmaze-medium-diverse-v2,0.882537841796875,0.1
pbrl,bq9kv3xp,47,antmaze-medium-diverse-v2,0.8777930736541748,0.1
pbrl,bq9kv3xp,48,antmaze-medium-diverse-v2,0.8384279012680054,0.1
pbrl,bq9kv3xp,49,antmaze-medium-diverse-v2,0.9262731075286865,0.1
none,sudeszf1,0,antmaze-medium-play-v2,0.8140931725502014,50.0
none,sudeszf1,1,antmaze-medium-play-v2,0.5141799449920654,50.0
none,sudeszf1,2,antmaze-medium-play-v2,0.46971338987350464,50.0
none,sudeszf1,3,antmaze-medium-play-v2,0.4634670913219452,50.0
none,sudeszf1,4,antmaze-medium-play-v2,0.4295329749584198,50.0
none,sudeszf1,5,antmaze-medium-play-v2,0.4401398301124573,50.0
none,sudeszf1,6,antmaze-medium-play-v2,0.4327520728111267,50.0
none,sudeszf1,7,antmaze-medium-play-v2,0.4271145164966583,50.0
none,sudeszf1,8,antmaze-medium-play-v2,0.4030173122882843,50.0
none,sudeszf1,9,antmaze-medium-play-v2,0.44810038805007935,50.0
none,sudeszf1,10,antmaze-medium-play-v2,0.44145137071609497,50.0
none,sudeszf1,11,antmaze-medium-play-v2,0.43681371212005615,50.0
none,sudeszf1,12,antmaze-medium-play-v2,0.4576144218444824,50.0
none,sudeszf1,13,antmaze-medium-play-v2,0.5061666369438171,50.0
none,sudeszf1,14,antmaze-medium-play-v2,0.5159512162208557,50.0
none,sudeszf1,15,antmaze-medium-play-v2,0.5078758001327515,50.0
none,sudeszf1,16,antmaze-medium-play-v2,0.4627712070941925,50.0
none,sudeszf1,17,antmaze-medium-play-v2,0.5183360576629639,50.0
none,sudeszf1,18,antmaze-medium-play-v2,0.514091968536377,50.0
none,sudeszf1,19,antmaze-medium-play-v2,0.6112425327301025,50.0
none,sudeszf1,20,antmaze-medium-play-v2,0.4711970090866089,50.0
none,sudeszf1,21,antmaze-medium-play-v2,0.4807339906692505,50.0
none,sudeszf1,22,antmaze-medium-play-v2,0.5348511934280396,50.0
none,sudeszf1,23,antmaze-medium-play-v2,0.5116737484931946,50.0
none,sudeszf1,24,antmaze-medium-play-v2,0.5851982831954956,50.0
none,sudeszf1,25,antmaze-medium-play-v2,0.5238561630249023,50.0
none,sudeszf1,26,antmaze-medium-play-v2,0.4531615376472473,50.0
none,sudeszf1,27,antmaze-medium-play-v2,0.5654293298721313,50.0
none,sudeszf1,28,antmaze-medium-play-v2,0.5644826889038086,50.0
none,sudeszf1,29,antmaze-medium-play-v2,0.5297446250915527,50.0
none,sudeszf1,30,antmaze-medium-play-v2,0.5544636845588684,50.0
none,sudeszf1,31,antmaze-medium-play-v2,0.4992603063583374,50.0
none,sudeszf1,32,antmaze-medium-play-v2,0.5571986436843872,50.0
none,sudeszf1,33,antmaze-medium-play-v2,0.5122475624084473,50.0
none,sudeszf1,34,antmaze-medium-play-v2,0.5386457443237305,50.0
none,sudeszf1,35,antmaze-medium-play-v2,0.5477876663208008,50.0
none,sudeszf1,36,antmaze-medium-play-v2,0.4830546975135803,50.0
none,sudeszf1,37,antmaze-medium-play-v2,0.49968844652175903,50.0
none,sudeszf1,38,antmaze-medium-play-v2,0.5203397274017334,50.0
none,sudeszf1,39,antmaze-medium-play-v2,0.5300605297088623,50.0
none,sudeszf1,40,antmaze-medium-play-v2,0.49580901861190796,50.0
none,sudeszf1,41,antmaze-medium-play-v2,0.509030818939209,50.0
none,sudeszf1,42,antmaze-medium-play-v2,0.5029547214508057,50.0
none,sudeszf1,43,antmaze-medium-play-v2,0.46822911500930786,50.0
none,sudeszf1,44,antmaze-medium-play-v2,0.5317126512527466,50.0
none,sudeszf1,45,antmaze-medium-play-v2,0.5393826365470886,50.0
none,sudeszf1,46,antmaze-medium-play-v2,0.48597145080566406,50.0
none,sudeszf1,47,antmaze-medium-play-v2,0.4930188059806824,50.0
none,sudeszf1,48,antmaze-medium-play-v2,0.5216933488845825,50.0
none,sudeszf1,49,antmaze-medium-play-v2,0.5411524772644043,50.0
pbrl,fyyj4fya,0,antmaze-medium-diverse-v2,0.8617879748344421,0.1
pbrl,fyyj4fya,1,antmaze-medium-diverse-v2,0.638563334941864,0.1
pbrl,fyyj4fya,2,antmaze-medium-diverse-v2,0.5449336171150208,0.1
pbrl,fyyj4fya,3,antmaze-medium-diverse-v2,0.4790053069591522,0.1
pbrl,fyyj4fya,4,antmaze-medium-diverse-v2,0.5327794551849365,0.1
pbrl,fyyj4fya,5,antmaze-medium-diverse-v2,0.5166652202606201,0.1
pbrl,fyyj4fya,6,antmaze-medium-diverse-v2,0.6229817867279053,0.1
pbrl,fyyj4fya,7,antmaze-medium-diverse-v2,0.5840133428573608,0.1
pbrl,fyyj4fya,8,antmaze-medium-diverse-v2,0.6099907159805298,0.1
pbrl,fyyj4fya,9,antmaze-medium-diverse-v2,0.6698066592216492,0.1
pbrl,fyyj4fya,10,antmaze-medium-diverse-v2,0.7032828330993652,0.1
pbrl,fyyj4fya,11,antmaze-medium-diverse-v2,0.7330291867256165,0.1
pbrl,fyyj4fya,12,antmaze-medium-diverse-v2,0.7229406833648682,0.1
pbrl,fyyj4fya,13,antmaze-medium-diverse-v2,0.7458655834197998,0.1
pbrl,fyyj4fya,14,antmaze-medium-diverse-v2,0.7367945313453674,0.1
pbrl,fyyj4fya,15,antmaze-medium-diverse-v2,0.8041195869445801,0.1
pbrl,fyyj4fya,16,antmaze-medium-diverse-v2,0.7866001129150391,0.1
pbrl,fyyj4fya,17,antmaze-medium-diverse-v2,0.8793824911117554,0.1
pbrl,fyyj4fya,18,antmaze-medium-diverse-v2,0.8199276924133301,0.1
pbrl,fyyj4fya,19,antmaze-medium-diverse-v2,0.7913750410079956,0.1
pbrl,fyyj4fya,20,antmaze-medium-diverse-v2,0.8198418617248535,0.1
pbrl,fyyj4fya,21,antmaze-medium-diverse-v2,0.8748224377632141,0.1
pbrl,fyyj4fya,22,antmaze-medium-diverse-v2,0.8977888226509094,0.1
pbrl,fyyj4fya,23,antmaze-medium-diverse-v2,0.8512318134307861,0.1
pbrl,fyyj4fya,24,antmaze-medium-diverse-v2,0.826290488243103,0.1
pbrl,fyyj4fya,25,antmaze-medium-diverse-v2,0.8491150140762329,0.1
pbrl,fyyj4fya,26,antmaze-medium-diverse-v2,0.831570029258728,0.1
pbrl,fyyj4fya,27,antmaze-medium-diverse-v2,0.8164412975311279,0.1
pbrl,fyyj4fya,28,antmaze-medium-diverse-v2,0.8701353073120117,0.1
pbrl,fyyj4fya,29,antmaze-medium-diverse-v2,0.7895094156265259,0.1
pbrl,fyyj4fya,30,antmaze-medium-diverse-v2,0.8868351578712463,0.1
pbrl,fyyj4fya,31,antmaze-medium-diverse-v2,0.8551709651947021,0.1
pbrl,fyyj4fya,32,antmaze-medium-diverse-v2,0.8980374336242676,0.1
pbrl,fyyj4fya,33,antmaze-medium-diverse-v2,0.8674925565719604,0.1
pbrl,fyyj4fya,34,antmaze-medium-diverse-v2,0.8538550734519958,0.1
pbrl,fyyj4fya,35,antmaze-medium-diverse-v2,0.8553634881973267,0.1
pbrl,fyyj4fya,36,antmaze-medium-diverse-v2,0.8733047842979431,0.1
pbrl,fyyj4fya,37,antmaze-medium-diverse-v2,0.9262588024139404,0.1
pbrl,fyyj4fya,38,antmaze-medium-diverse-v2,0.8991731405258179,0.1
pbrl,fyyj4fya,39,antmaze-medium-diverse-v2,0.9309563636779785,0.1
pbrl,fyyj4fya,40,antmaze-medium-diverse-v2,0.8816078901290894,0.1
pbrl,fyyj4fya,41,antmaze-medium-diverse-v2,0.8498359322547913,0.1
pbrl,fyyj4fya,42,antmaze-medium-diverse-v2,0.9342324733734131,0.1
pbrl,fyyj4fya,43,antmaze-medium-diverse-v2,0.8536756038665771,0.1
pbrl,fyyj4fya,44,antmaze-medium-diverse-v2,0.8576579093933105,0.1
pbrl,fyyj4fya,45,antmaze-medium-diverse-v2,0.8739070892333984,0.1
pbrl,fyyj4fya,46,antmaze-medium-diverse-v2,0.9236085414886475,0.1
pbrl,fyyj4fya,47,antmaze-medium-diverse-v2,0.9977788925170898,0.1
pbrl,fyyj4fya,48,antmaze-medium-diverse-v2,0.9034363627433777,0.1
pbrl,fyyj4fya,49,antmaze-medium-diverse-v2,0.8724768161773682,0.1
none,hvz19nro,0,antmaze-medium-play-v2,0.7908141613006592,50.0
none,hvz19nro,1,antmaze-medium-play-v2,0.517882227897644,50.0
none,hvz19nro,2,antmaze-medium-play-v2,0.46233540773391724,50.0
none,hvz19nro,3,antmaze-medium-play-v2,0.44169166684150696,50.0
none,hvz19nro,4,antmaze-medium-play-v2,0.4430985152721405,50.0
none,hvz19nro,5,antmaze-medium-play-v2,0.4254790246486664,50.0
none,hvz19nro,6,antmaze-medium-play-v2,0.43655112385749817,50.0
none,hvz19nro,7,antmaze-medium-play-v2,0.4512810707092285,50.0
none,hvz19nro,8,antmaze-medium-play-v2,0.4433203339576721,50.0
none,hvz19nro,9,antmaze-medium-play-v2,0.4339318871498108,50.0
none,hvz19nro,10,antmaze-medium-play-v2,0.4509497284889221,50.0
none,hvz19nro,11,antmaze-medium-play-v2,0.434701144695282,50.0
none,hvz19nro,12,antmaze-medium-play-v2,0.47091642022132874,50.0
none,hvz19nro,13,antmaze-medium-play-v2,0.46444815397262573,50.0
none,hvz19nro,14,antmaze-medium-play-v2,0.4625989496707916,50.0
none,hvz19nro,15,antmaze-medium-play-v2,0.48048660159111023,50.0
none,hvz19nro,16,antmaze-medium-play-v2,0.5135864019393921,50.0
none,hvz19nro,17,antmaze-medium-play-v2,0.5290231704711914,50.0
none,hvz19nro,18,antmaze-medium-play-v2,0.5202023386955261,50.0
none,hvz19nro,19,antmaze-medium-play-v2,0.5398547649383545,50.0
none,hvz19nro,20,antmaze-medium-play-v2,0.49125948548316956,50.0
none,hvz19nro,21,antmaze-medium-play-v2,0.47711658477783203,50.0
none,hvz19nro,22,antmaze-medium-play-v2,0.5357705354690552,50.0
none,hvz19nro,23,antmaze-medium-play-v2,0.5737621188163757,50.0
none,hvz19nro,24,antmaze-medium-play-v2,0.5946347713470459,50.0
none,hvz19nro,25,antmaze-medium-play-v2,0.6054356694221497,50.0
none,hvz19nro,26,antmaze-medium-play-v2,0.5286023616790771,50.0
none,hvz19nro,27,antmaze-medium-play-v2,0.5426126718521118,50.0
none,hvz19nro,28,antmaze-medium-play-v2,0.5712716579437256,50.0
none,hvz19nro,29,antmaze-medium-play-v2,0.6046029329299927,50.0
none,hvz19nro,30,antmaze-medium-play-v2,0.5618492364883423,50.0
none,hvz19nro,31,antmaze-medium-play-v2,0.5254861116409302,50.0
none,hvz19nro,32,antmaze-medium-play-v2,0.5748840570449829,50.0
none,hvz19nro,33,antmaze-medium-play-v2,0.5827953815460205,50.0
none,hvz19nro,34,antmaze-medium-play-v2,0.5076192617416382,50.0
none,hvz19nro,35,antmaze-medium-play-v2,0.4989934265613556,50.0
none,hvz19nro,36,antmaze-medium-play-v2,0.5157054662704468,50.0
none,hvz19nro,37,antmaze-medium-play-v2,0.5641770362854004,50.0
none,hvz19nro,38,antmaze-medium-play-v2,0.541146993637085,50.0
none,hvz19nro,39,antmaze-medium-play-v2,0.49988624453544617,50.0
none,hvz19nro,40,antmaze-medium-play-v2,0.5230693817138672,50.0
none,hvz19nro,41,antmaze-medium-play-v2,0.4784395694732666,50.0
none,hvz19nro,42,antmaze-medium-play-v2,0.5421460866928101,50.0
none,hvz19nro,43,antmaze-medium-play-v2,0.5525103211402893,50.0
none,hvz19nro,44,antmaze-medium-play-v2,0.5916086435317993,50.0
none,hvz19nro,45,antmaze-medium-play-v2,0.4970303773880005,50.0
none,hvz19nro,46,antmaze-medium-play-v2,0.508167564868927,50.0
none,hvz19nro,47,antmaze-medium-play-v2,0.5025818943977356,50.0
none,hvz19nro,48,antmaze-medium-play-v2,0.592400074005127,50.0
none,hvz19nro,49,antmaze-medium-play-v2,0.5381581783294678,50.0
pbrl,2wbh63nj,0,antmaze-medium-diverse-v2,0.8593089580535889,0.1
pbrl,2wbh63nj,1,antmaze-medium-diverse-v2,0.642015814781189,0.1
pbrl,2wbh63nj,2,antmaze-medium-diverse-v2,0.5864866971969604,0.1
pbrl,2wbh63nj,3,antmaze-medium-diverse-v2,0.515535831451416,0.1
pbrl,2wbh63nj,4,antmaze-medium-diverse-v2,0.522480309009552,0.1
pbrl,2wbh63nj,5,antmaze-medium-diverse-v2,0.6002247333526611,0.1
pbrl,2wbh63nj,6,antmaze-medium-diverse-v2,0.5899056196212769,0.1
pbrl,2wbh63nj,7,antmaze-medium-diverse-v2,0.6190543174743652,0.1
pbrl,2wbh63nj,8,antmaze-medium-diverse-v2,0.599130392074585,0.1
pbrl,2wbh63nj,9,antmaze-medium-diverse-v2,0.6078916788101196,0.1
pbrl,2wbh63nj,10,antmaze-medium-diverse-v2,0.6151431798934937,0.1
pbrl,2wbh63nj,11,antmaze-medium-diverse-v2,0.6289141178131104,0.1
pbrl,2wbh63nj,12,antmaze-medium-diverse-v2,0.6861422061920166,0.1
pbrl,2wbh63nj,13,antmaze-medium-diverse-v2,0.7182743549346924,0.1
pbrl,2wbh63nj,14,antmaze-medium-diverse-v2,0.7826005220413208,0.1
pbrl,2wbh63nj,15,antmaze-medium-diverse-v2,0.7973157167434692,0.1
pbrl,2wbh63nj,16,antmaze-medium-diverse-v2,0.7628723382949829,0.1
pbrl,2wbh63nj,17,antmaze-medium-diverse-v2,0.8240070343017578,0.1
pbrl,2wbh63nj,18,antmaze-medium-diverse-v2,0.8056923151016235,0.1
pbrl,2wbh63nj,19,antmaze-medium-diverse-v2,0.7550597190856934,0.1
pbrl,2wbh63nj,20,antmaze-medium-diverse-v2,0.8239900469779968,0.1
pbrl,2wbh63nj,21,antmaze-medium-diverse-v2,0.7587801814079285,0.1
pbrl,2wbh63nj,22,antmaze-medium-diverse-v2,0.8573877811431885,0.1
pbrl,2wbh63nj,23,antmaze-medium-diverse-v2,0.905038595199585,0.1
pbrl,2wbh63nj,24,antmaze-medium-diverse-v2,0.8287874460220337,0.1
pbrl,2wbh63nj,25,antmaze-medium-diverse-v2,0.8906806707382202,0.1
pbrl,2wbh63nj,26,antmaze-medium-diverse-v2,0.8090239763259888,0.1
pbrl,2wbh63nj,27,antmaze-medium-diverse-v2,0.8409991264343262,0.1
pbrl,2wbh63nj,28,antmaze-medium-diverse-v2,0.8260409832000732,0.1
pbrl,2wbh63nj,29,antmaze-medium-diverse-v2,0.858802080154419,0.1
pbrl,2wbh63nj,30,antmaze-medium-diverse-v2,0.9130003452301025,0.1
pbrl,2wbh63nj,31,antmaze-medium-diverse-v2,0.9689938426017761,0.1
pbrl,2wbh63nj,32,antmaze-medium-diverse-v2,0.8567614555358887,0.1
pbrl,2wbh63nj,33,antmaze-medium-diverse-v2,0.8899365067481995,0.1
pbrl,2wbh63nj,34,antmaze-medium-diverse-v2,0.841717541217804,0.1
pbrl,2wbh63nj,35,antmaze-medium-diverse-v2,0.8365897536277771,0.1
pbrl,2wbh63nj,36,antmaze-medium-diverse-v2,0.8156706094741821,0.1
pbrl,2wbh63nj,37,antmaze-medium-diverse-v2,0.920346736907959,0.1
pbrl,2wbh63nj,38,antmaze-medium-diverse-v2,0.9017404317855835,0.1
pbrl,2wbh63nj,39,antmaze-medium-diverse-v2,0.8322184085845947,0.1
pbrl,2wbh63nj,40,antmaze-medium-diverse-v2,0.8283103704452515,0.1
pbrl,2wbh63nj,41,antmaze-medium-diverse-v2,0.8760210871696472,0.1
pbrl,2wbh63nj,42,antmaze-medium-diverse-v2,0.8630837798118591,0.1
pbrl,2wbh63nj,43,antmaze-medium-diverse-v2,0.8669124841690063,0.1
pbrl,2wbh63nj,44,antmaze-medium-diverse-v2,0.8661782741546631,0.1
pbrl,2wbh63nj,45,antmaze-medium-diverse-v2,0.9204689264297485,0.1
pbrl,2wbh63nj,46,antmaze-medium-diverse-v2,0.838220477104187,0.1
pbrl,2wbh63nj,47,antmaze-medium-diverse-v2,0.8770380616188049,0.1
pbrl,2wbh63nj,48,antmaze-medium-diverse-v2,0.8402309417724609,0.1
pbrl,2wbh63nj,49,antmaze-medium-diverse-v2,0.8695361614227295,0.1
pbrl,zhgdxgxr,0,antmaze-medium-diverse-v2,0.8014838695526123,0.1
pbrl,zhgdxgxr,1,antmaze-medium-diverse-v2,0.7217199802398682,0.1
pbrl,zhgdxgxr,2,antmaze-medium-diverse-v2,0.5755523443222046,0.1
pbrl,zhgdxgxr,3,antmaze-medium-diverse-v2,0.570439338684082,0.1
pbrl,zhgdxgxr,4,antmaze-medium-diverse-v2,0.5686314105987549,0.1
pbrl,zhgdxgxr,5,antmaze-medium-diverse-v2,0.6089444160461426,0.1
pbrl,zhgdxgxr,6,antmaze-medium-diverse-v2,0.667360246181488,0.1
pbrl,zhgdxgxr,7,antmaze-medium-diverse-v2,0.5979516506195068,0.1
pbrl,zhgdxgxr,8,antmaze-medium-diverse-v2,0.6321909427642822,0.1
pbrl,zhgdxgxr,9,antmaze-medium-diverse-v2,0.6053380966186523,0.1
pbrl,zhgdxgxr,10,antmaze-medium-diverse-v2,0.6750560402870178,0.1
pbrl,zhgdxgxr,11,antmaze-medium-diverse-v2,0.6323779225349426,0.1
pbrl,zhgdxgxr,12,antmaze-medium-diverse-v2,0.7106385231018066,0.1
pbrl,zhgdxgxr,13,antmaze-medium-diverse-v2,0.7346261739730835,0.1
pbrl,zhgdxgxr,14,antmaze-medium-diverse-v2,0.7857800722122192,0.1
pbrl,zhgdxgxr,15,antmaze-medium-diverse-v2,0.7758976221084595,0.1
pbrl,zhgdxgxr,16,antmaze-medium-diverse-v2,0.7739226818084717,0.1
pbrl,zhgdxgxr,17,antmaze-medium-diverse-v2,0.7914828062057495,0.1
pbrl,zhgdxgxr,18,antmaze-medium-diverse-v2,0.8080177307128906,0.1
pbrl,zhgdxgxr,19,antmaze-medium-diverse-v2,0.8519043326377869,0.1
pbrl,zhgdxgxr,20,antmaze-medium-diverse-v2,0.8408262729644775,0.1
pbrl,zhgdxgxr,21,antmaze-medium-diverse-v2,0.8433928489685059,0.1
pbrl,zhgdxgxr,22,antmaze-medium-diverse-v2,0.8899644613265991,0.1
pbrl,zhgdxgxr,23,antmaze-medium-diverse-v2,0.7835713624954224,0.1
pbrl,zhgdxgxr,24,antmaze-medium-diverse-v2,0.8167749643325806,0.1
pbrl,zhgdxgxr,25,antmaze-medium-diverse-v2,0.7771870493888855,0.1
pbrl,zhgdxgxr,26,antmaze-medium-diverse-v2,0.8572098016738892,0.1
pbrl,zhgdxgxr,27,antmaze-medium-diverse-v2,0.8092941641807556,0.1
pbrl,zhgdxgxr,28,antmaze-medium-diverse-v2,0.8268452286720276,0.1
pbrl,zhgdxgxr,29,antmaze-medium-diverse-v2,0.8297626376152039,0.1
pbrl,zhgdxgxr,30,antmaze-medium-diverse-v2,0.8532925248146057,0.1
pbrl,zhgdxgxr,31,antmaze-medium-diverse-v2,0.8811954855918884,0.1
pbrl,zhgdxgxr,32,antmaze-medium-diverse-v2,0.8171565532684326,0.1
pbrl,zhgdxgxr,33,antmaze-medium-diverse-v2,0.8824423551559448,0.1
pbrl,zhgdxgxr,34,antmaze-medium-diverse-v2,0.8483734130859375,0.1
pbrl,zhgdxgxr,35,antmaze-medium-diverse-v2,0.8151144981384277,0.1
pbrl,zhgdxgxr,36,antmaze-medium-diverse-v2,0.8498216867446899,0.1
pbrl,zhgdxgxr,37,antmaze-medium-diverse-v2,0.851617157459259,0.1
pbrl,zhgdxgxr,38,antmaze-medium-diverse-v2,0.8348689079284668,0.1
pbrl,zhgdxgxr,39,antmaze-medium-diverse-v2,0.8562008142471313,0.1
pbrl,zhgdxgxr,40,antmaze-medium-diverse-v2,0.893275260925293,0.1
pbrl,zhgdxgxr,41,antmaze-medium-diverse-v2,0.8656094074249268,0.1
pbrl,zhgdxgxr,42,antmaze-medium-diverse-v2,0.810732901096344,0.1
pbrl,zhgdxgxr,43,antmaze-medium-diverse-v2,0.9413775205612183,0.1
pbrl,zhgdxgxr,44,antmaze-medium-diverse-v2,0.8411986827850342,0.1
pbrl,zhgdxgxr,45,antmaze-medium-diverse-v2,0.8413295149803162,0.1
pbrl,zhgdxgxr,46,antmaze-medium-diverse-v2,0.8483872413635254,0.1
pbrl,zhgdxgxr,47,antmaze-medium-diverse-v2,0.9184432029724121,0.1
pbrl,zhgdxgxr,48,antmaze-medium-diverse-v2,0.8890119194984436,0.1
pbrl,zhgdxgxr,49,antmaze-medium-diverse-v2,0.8520137667655945,0.1
none,shio0ylc,0,antmaze-large-play-v2,0.797849178314209,1.0
none,shio0ylc,1,antmaze-large-play-v2,0.548620879650116,1.0
none,shio0ylc,2,antmaze-large-play-v2,0.5364764332771301,1.0
none,shio0ylc,3,antmaze-large-play-v2,0.5745620727539062,1.0
none,shio0ylc,4,antmaze-large-play-v2,0.5710073709487915,1.0
none,shio0ylc,5,antmaze-large-play-v2,0.5411219596862793,1.0
none,shio0ylc,6,antmaze-large-play-v2,0.5009377002716064,1.0
none,shio0ylc,7,antmaze-large-play-v2,0.49343007802963257,1.0
none,shio0ylc,8,antmaze-large-play-v2,0.44785794615745544,1.0
none,shio0ylc,9,antmaze-large-play-v2,0.48576951026916504,1.0
none,shio0ylc,10,antmaze-large-play-v2,0.5274429321289062,1.0
none,shio0ylc,11,antmaze-large-play-v2,0.5855401158332825,1.0
none,shio0ylc,12,antmaze-large-play-v2,0.5751310586929321,1.0
none,shio0ylc,13,antmaze-large-play-v2,0.5333507061004639,1.0
none,shio0ylc,14,antmaze-large-play-v2,0.48001933097839355,1.0
none,shio0ylc,15,antmaze-large-play-v2,0.533681333065033,1.0
none,shio0ylc,16,antmaze-large-play-v2,0.6033488512039185,1.0
none,shio0ylc,17,antmaze-large-play-v2,0.6655558347702026,1.0
none,shio0ylc,18,antmaze-large-play-v2,0.6255315542221069,1.0
none,shio0ylc,19,antmaze-large-play-v2,0.6519787907600403,1.0
none,shio0ylc,20,antmaze-large-play-v2,0.6174736022949219,1.0
none,shio0ylc,21,antmaze-large-play-v2,0.5591926574707031,1.0
none,shio0ylc,22,antmaze-large-play-v2,0.6095132827758789,1.0
none,shio0ylc,23,antmaze-large-play-v2,0.6064497232437134,1.0
none,shio0ylc,24,antmaze-large-play-v2,0.5852537155151367,1.0
none,shio0ylc,25,antmaze-large-play-v2,0.6106281280517578,1.0
none,shio0ylc,26,antmaze-large-play-v2,0.6082518696784973,1.0
none,shio0ylc,27,antmaze-large-play-v2,0.5438257455825806,1.0
none,shio0ylc,28,antmaze-large-play-v2,0.6252419948577881,1.0
none,shio0ylc,29,antmaze-large-play-v2,0.6057026982307434,1.0
none,shio0ylc,30,antmaze-large-play-v2,0.6390494704246521,1.0
none,shio0ylc,31,antmaze-large-play-v2,0.564490556716919,1.0
none,shio0ylc,32,antmaze-large-play-v2,0.6025094985961914,1.0
none,shio0ylc,33,antmaze-large-play-v2,0.5779777765274048,1.0
none,shio0ylc,34,antmaze-large-play-v2,0.5554109215736389,1.0
none,shio0ylc,35,antmaze-large-play-v2,0.6263549327850342,1.0
none,shio0ylc,36,antmaze-large-play-v2,0.5608919858932495,1.0
none,shio0ylc,37,antmaze-large-play-v2,0.5988745093345642,1.0
none,shio0ylc,38,antmaze-large-play-v2,0.5411356687545776,1.0
none,shio0ylc,39,antmaze-large-play-v2,0.5958424806594849,1.0
none,shio0ylc,40,antmaze-large-play-v2,0.6448707580566406,1.0
none,shio0ylc,41,antmaze-large-play-v2,0.5740022659301758,1.0
none,shio0ylc,42,antmaze-large-play-v2,0.6192085146903992,1.0
none,shio0ylc,43,antmaze-large-play-v2,0.5837252140045166,1.0
none,shio0ylc,44,antmaze-large-play-v2,0.5722362399101257,1.0
none,shio0ylc,45,antmaze-large-play-v2,0.5521416664123535,1.0
none,shio0ylc,46,antmaze-large-play-v2,0.6369220614433289,1.0
none,shio0ylc,47,antmaze-large-play-v2,0.5975590944290161,1.0
none,shio0ylc,48,antmaze-large-play-v2,0.5810931921005249,1.0
none,shio0ylc,49,antmaze-large-play-v2,0.570665717124939,1.0
pbrl,dkibd02z,0,antmaze-medium-play-v2,0.8161382675170898,0.1
pbrl,dkibd02z,1,antmaze-medium-play-v2,0.6554585695266724,0.1
pbrl,dkibd02z,2,antmaze-medium-play-v2,0.6212266683578491,0.1
pbrl,dkibd02z,3,antmaze-medium-play-v2,0.5649348497390747,0.1
pbrl,dkibd02z,4,antmaze-medium-play-v2,0.6333558559417725,0.1
pbrl,dkibd02z,5,antmaze-medium-play-v2,0.6557915210723877,0.1
pbrl,dkibd02z,6,antmaze-medium-play-v2,0.6895147562026978,0.1
pbrl,dkibd02z,7,antmaze-medium-play-v2,0.6893366575241089,0.1
pbrl,dkibd02z,8,antmaze-medium-play-v2,0.6962803602218628,0.1
pbrl,dkibd02z,9,antmaze-medium-play-v2,0.6937417387962341,0.1
pbrl,dkibd02z,10,antmaze-medium-play-v2,0.7409871816635132,0.1
pbrl,dkibd02z,11,antmaze-medium-play-v2,0.846906304359436,0.1
pbrl,dkibd02z,12,antmaze-medium-play-v2,0.8815252780914307,0.1
pbrl,dkibd02z,13,antmaze-medium-play-v2,0.8555788993835449,0.1
pbrl,dkibd02z,14,antmaze-medium-play-v2,0.8350026607513428,0.1
pbrl,dkibd02z,15,antmaze-medium-play-v2,0.8079772591590881,0.1
pbrl,dkibd02z,16,antmaze-medium-play-v2,0.7356613874435425,0.1
pbrl,dkibd02z,17,antmaze-medium-play-v2,0.8501170873641968,0.1
pbrl,dkibd02z,18,antmaze-medium-play-v2,0.8832719922065735,0.1
pbrl,dkibd02z,19,antmaze-medium-play-v2,0.8293637037277222,0.1
pbrl,dkibd02z,20,antmaze-medium-play-v2,0.7739666700363159,0.1
pbrl,dkibd02z,21,antmaze-medium-play-v2,0.8457727432250977,0.1
pbrl,dkibd02z,22,antmaze-medium-play-v2,0.776202917098999,0.1
pbrl,dkibd02z,23,antmaze-medium-play-v2,0.8661485910415649,0.1
pbrl,dkibd02z,24,antmaze-medium-play-v2,0.8159208297729492,0.1
pbrl,dkibd02z,25,antmaze-medium-play-v2,0.8202569484710693,0.1
pbrl,dkibd02z,26,antmaze-medium-play-v2,0.7995610237121582,0.1
pbrl,dkibd02z,27,antmaze-medium-play-v2,0.779285728931427,0.1
pbrl,dkibd02z,28,antmaze-medium-play-v2,0.8476357460021973,0.1
pbrl,dkibd02z,29,antmaze-medium-play-v2,0.8233975172042847,0.1
pbrl,dkibd02z,30,antmaze-medium-play-v2,0.8540807366371155,0.1
pbrl,dkibd02z,31,antmaze-medium-play-v2,0.7880944609642029,0.1
pbrl,dkibd02z,32,antmaze-medium-play-v2,0.7999463081359863,0.1
pbrl,dkibd02z,33,antmaze-medium-play-v2,0.7971606850624084,0.1
pbrl,dkibd02z,34,antmaze-medium-play-v2,0.8407847881317139,0.1
pbrl,dkibd02z,35,antmaze-medium-play-v2,0.8032872676849365,0.1
pbrl,dkibd02z,36,antmaze-medium-play-v2,0.814507782459259,0.1
pbrl,dkibd02z,37,antmaze-medium-play-v2,0.8059737086296082,0.1
pbrl,dkibd02z,38,antmaze-medium-play-v2,0.7399353384971619,0.1
pbrl,dkibd02z,39,antmaze-medium-play-v2,0.8593665361404419,0.1
pbrl,dkibd02z,40,antmaze-medium-play-v2,0.8012292385101318,0.1
pbrl,dkibd02z,41,antmaze-medium-play-v2,0.7826720476150513,0.1
pbrl,dkibd02z,42,antmaze-medium-play-v2,0.8154048919677734,0.1
pbrl,dkibd02z,43,antmaze-medium-play-v2,0.8452309370040894,0.1
pbrl,dkibd02z,44,antmaze-medium-play-v2,0.8188024759292603,0.1
pbrl,dkibd02z,45,antmaze-medium-play-v2,0.7544800043106079,0.1
pbrl,dkibd02z,46,antmaze-medium-play-v2,0.8209506869316101,0.1
pbrl,dkibd02z,47,antmaze-medium-play-v2,0.7612675428390503,0.1
pbrl,dkibd02z,48,antmaze-medium-play-v2,0.786733865737915,0.1
pbrl,dkibd02z,49,antmaze-medium-play-v2,0.7802872061729431,0.1
none,vspegp3c,0,antmaze-large-play-v2,0.8096901774406433,1.0
none,vspegp3c,1,antmaze-large-play-v2,0.48871827125549316,1.0
none,vspegp3c,2,antmaze-large-play-v2,0.39905017614364624,1.0
none,vspegp3c,3,antmaze-large-play-v2,0.4493323564529419,1.0
none,vspegp3c,4,antmaze-large-play-v2,0.43342483043670654,1.0
none,vspegp3c,5,antmaze-large-play-v2,0.45447516441345215,1.0
none,vspegp3c,6,antmaze-large-play-v2,0.5023657083511353,1.0
none,vspegp3c,7,antmaze-large-play-v2,0.46228039264678955,1.0
none,vspegp3c,8,antmaze-large-play-v2,0.4270836412906647,1.0
none,vspegp3c,9,antmaze-large-play-v2,0.5342859625816345,1.0
none,vspegp3c,10,antmaze-large-play-v2,0.4913797676563263,1.0
none,vspegp3c,11,antmaze-large-play-v2,0.4805262088775635,1.0
none,vspegp3c,12,antmaze-large-play-v2,0.5478326082229614,1.0
none,vspegp3c,13,antmaze-large-play-v2,0.5453362464904785,1.0
none,vspegp3c,14,antmaze-large-play-v2,0.5047869086265564,1.0
none,vspegp3c,15,antmaze-large-play-v2,0.59189772605896,1.0
none,vspegp3c,16,antmaze-large-play-v2,0.573782742023468,1.0
none,vspegp3c,17,antmaze-large-play-v2,0.5419439673423767,1.0
none,vspegp3c,18,antmaze-large-play-v2,0.5966694355010986,1.0
none,vspegp3c,19,antmaze-large-play-v2,0.5908612012863159,1.0
none,vspegp3c,20,antmaze-large-play-v2,0.6028748750686646,1.0
none,vspegp3c,21,antmaze-large-play-v2,0.5703339576721191,1.0
none,vspegp3c,22,antmaze-large-play-v2,0.5835105776786804,1.0
none,vspegp3c,23,antmaze-large-play-v2,0.5988726019859314,1.0
none,vspegp3c,24,antmaze-large-play-v2,0.5899777412414551,1.0
none,vspegp3c,25,antmaze-large-play-v2,0.5918023586273193,1.0
none,vspegp3c,26,antmaze-large-play-v2,0.4832558333873749,1.0
none,vspegp3c,27,antmaze-large-play-v2,0.6099638938903809,1.0
none,vspegp3c,28,antmaze-large-play-v2,0.5705217123031616,1.0
none,vspegp3c,29,antmaze-large-play-v2,0.5574842691421509,1.0
none,vspegp3c,30,antmaze-large-play-v2,0.5746564269065857,1.0
none,vspegp3c,31,antmaze-large-play-v2,0.6382330656051636,1.0
none,vspegp3c,32,antmaze-large-play-v2,0.6069735288619995,1.0
none,vspegp3c,33,antmaze-large-play-v2,0.6305362582206726,1.0
none,vspegp3c,34,antmaze-large-play-v2,0.5952112674713135,1.0
none,vspegp3c,35,antmaze-large-play-v2,0.6306586265563965,1.0
none,vspegp3c,36,antmaze-large-play-v2,0.641020655632019,1.0
none,vspegp3c,37,antmaze-large-play-v2,0.5949313640594482,1.0
none,vspegp3c,38,antmaze-large-play-v2,0.6245498061180115,1.0
none,vspegp3c,39,antmaze-large-play-v2,0.6215097308158875,1.0
none,vspegp3c,40,antmaze-large-play-v2,0.5930982828140259,1.0
none,vspegp3c,41,antmaze-large-play-v2,0.5609807968139648,1.0
none,vspegp3c,42,antmaze-large-play-v2,0.6116353273391724,1.0
none,vspegp3c,43,antmaze-large-play-v2,0.6483193635940552,1.0
none,vspegp3c,44,antmaze-large-play-v2,0.5808407664299011,1.0
none,vspegp3c,45,antmaze-large-play-v2,0.5618934631347656,1.0
none,vspegp3c,46,antmaze-large-play-v2,0.6273443698883057,1.0
none,vspegp3c,47,antmaze-large-play-v2,0.583855152130127,1.0
none,vspegp3c,48,antmaze-large-play-v2,0.5894606113433838,1.0
none,vspegp3c,49,antmaze-large-play-v2,0.5703331232070923,1.0
pbrl,f3iwu4lg,0,antmaze-medium-play-v2,0.8497060537338257,0.1
pbrl,f3iwu4lg,1,antmaze-medium-play-v2,0.6244844794273376,0.1
pbrl,f3iwu4lg,2,antmaze-medium-play-v2,0.5644338130950928,0.1
pbrl,f3iwu4lg,3,antmaze-medium-play-v2,0.617529034614563,0.1
pbrl,f3iwu4lg,4,antmaze-medium-play-v2,0.6125296354293823,0.1
pbrl,f3iwu4lg,5,antmaze-medium-play-v2,0.6432639360427856,0.1
pbrl,f3iwu4lg,6,antmaze-medium-play-v2,0.6152388453483582,0.1
pbrl,f3iwu4lg,7,antmaze-medium-play-v2,0.5429962873458862,0.1
pbrl,f3iwu4lg,8,antmaze-medium-play-v2,0.5802148580551147,0.1
pbrl,f3iwu4lg,9,antmaze-medium-play-v2,0.6064227223396301,0.1
pbrl,f3iwu4lg,10,antmaze-medium-play-v2,0.6096388697624207,0.1
pbrl,f3iwu4lg,11,antmaze-medium-play-v2,0.6663023829460144,0.1
pbrl,f3iwu4lg,12,antmaze-medium-play-v2,0.7516330480575562,0.1
pbrl,f3iwu4lg,13,antmaze-medium-play-v2,0.7255222797393799,0.1
pbrl,f3iwu4lg,14,antmaze-medium-play-v2,0.7595715522766113,0.1
pbrl,f3iwu4lg,15,antmaze-medium-play-v2,0.7589462995529175,0.1
pbrl,f3iwu4lg,16,antmaze-medium-play-v2,0.7291505932807922,0.1
pbrl,f3iwu4lg,17,antmaze-medium-play-v2,0.7352951765060425,0.1
pbrl,f3iwu4lg,18,antmaze-medium-play-v2,0.7403171062469482,0.1
pbrl,f3iwu4lg,19,antmaze-medium-play-v2,0.7414953708648682,0.1
pbrl,f3iwu4lg,20,antmaze-medium-play-v2,0.7406154870986938,0.1
pbrl,f3iwu4lg,21,antmaze-medium-play-v2,0.705482006072998,0.1
pbrl,f3iwu4lg,22,antmaze-medium-play-v2,0.6968510150909424,0.1
pbrl,f3iwu4lg,23,antmaze-medium-play-v2,0.7211173176765442,0.1
pbrl,f3iwu4lg,24,antmaze-medium-play-v2,0.7435243129730225,0.1
pbrl,f3iwu4lg,25,antmaze-medium-play-v2,0.7688175439834595,0.1
pbrl,f3iwu4lg,26,antmaze-medium-play-v2,0.7725738286972046,0.1
pbrl,f3iwu4lg,27,antmaze-medium-play-v2,0.6888124942779541,0.1
pbrl,f3iwu4lg,28,antmaze-medium-play-v2,0.6975002884864807,0.1
pbrl,f3iwu4lg,29,antmaze-medium-play-v2,0.6829274296760559,0.1
pbrl,f3iwu4lg,30,antmaze-medium-play-v2,0.7622179388999939,0.1
pbrl,f3iwu4lg,31,antmaze-medium-play-v2,0.6625206470489502,0.1
pbrl,f3iwu4lg,32,antmaze-medium-play-v2,0.7411920428276062,0.1
pbrl,f3iwu4lg,33,antmaze-medium-play-v2,0.7827021479606628,0.1
pbrl,f3iwu4lg,34,antmaze-medium-play-v2,0.7616097927093506,0.1
pbrl,f3iwu4lg,35,antmaze-medium-play-v2,0.7327407598495483,0.1
pbrl,f3iwu4lg,36,antmaze-medium-play-v2,0.7707444429397583,0.1
pbrl,f3iwu4lg,37,antmaze-medium-play-v2,0.7136045694351196,0.1
pbrl,f3iwu4lg,38,antmaze-medium-play-v2,0.7738045454025269,0.1
pbrl,f3iwu4lg,39,antmaze-medium-play-v2,0.7920128703117371,0.1
pbrl,f3iwu4lg,40,antmaze-medium-play-v2,0.7487108707427979,0.1
pbrl,f3iwu4lg,41,antmaze-medium-play-v2,0.7735999226570129,0.1
pbrl,f3iwu4lg,42,antmaze-medium-play-v2,0.792269229888916,0.1
pbrl,f3iwu4lg,43,antmaze-medium-play-v2,0.8008823394775391,0.1
pbrl,f3iwu4lg,44,antmaze-medium-play-v2,0.7898211479187012,0.1
pbrl,f3iwu4lg,45,antmaze-medium-play-v2,0.7766534090042114,0.1
pbrl,f3iwu4lg,46,antmaze-medium-play-v2,0.8035529255867004,0.1
pbrl,f3iwu4lg,47,antmaze-medium-play-v2,0.7730555534362793,0.1
pbrl,f3iwu4lg,48,antmaze-medium-play-v2,0.8027708530426025,0.1
pbrl,f3iwu4lg,49,antmaze-medium-play-v2,0.7766165733337402,0.1
none,3x1frr4o,0,antmaze-large-play-v2,0.7697581052780151,1.0
none,3x1frr4o,1,antmaze-large-play-v2,0.4892505407333374,1.0
none,3x1frr4o,2,antmaze-large-play-v2,0.49999675154685974,1.0
none,3x1frr4o,3,antmaze-large-play-v2,0.5399643182754517,1.0
none,3x1frr4o,4,antmaze-large-play-v2,0.513619065284729,1.0
none,3x1frr4o,5,antmaze-large-play-v2,0.46719855070114136,1.0
none,3x1frr4o,6,antmaze-large-play-v2,0.47216445207595825,1.0
none,3x1frr4o,7,antmaze-large-play-v2,0.4540122151374817,1.0
none,3x1frr4o,8,antmaze-large-play-v2,0.4634697139263153,1.0
none,3x1frr4o,9,antmaze-large-play-v2,0.5123918056488037,1.0
none,3x1frr4o,10,antmaze-large-play-v2,0.5357325077056885,1.0
none,3x1frr4o,11,antmaze-large-play-v2,0.5125447511672974,1.0
none,3x1frr4o,12,antmaze-large-play-v2,0.5632522106170654,1.0
none,3x1frr4o,13,antmaze-large-play-v2,0.5249214172363281,1.0
none,3x1frr4o,14,antmaze-large-play-v2,0.5364381670951843,1.0
none,3x1frr4o,15,antmaze-large-play-v2,0.5946032404899597,1.0
none,3x1frr4o,16,antmaze-large-play-v2,0.5590450763702393,1.0
none,3x1frr4o,17,antmaze-large-play-v2,0.5832319259643555,1.0
none,3x1frr4o,18,antmaze-large-play-v2,0.591580867767334,1.0
none,3x1frr4o,19,antmaze-large-play-v2,0.5354684591293335,1.0
none,3x1frr4o,20,antmaze-large-play-v2,0.5918294787406921,1.0
none,3x1frr4o,21,antmaze-large-play-v2,0.6171436905860901,1.0
none,3x1frr4o,22,antmaze-large-play-v2,0.5426928997039795,1.0
none,3x1frr4o,23,antmaze-large-play-v2,0.5917668342590332,1.0
none,3x1frr4o,24,antmaze-large-play-v2,0.5560462474822998,1.0
none,3x1frr4o,25,antmaze-large-play-v2,0.6310856342315674,1.0
none,3x1frr4o,26,antmaze-large-play-v2,0.5736435651779175,1.0
none,3x1frr4o,27,antmaze-large-play-v2,0.587232768535614,1.0
none,3x1frr4o,28,antmaze-large-play-v2,0.5370956659317017,1.0
none,3x1frr4o,29,antmaze-large-play-v2,0.6168915033340454,1.0
none,3x1frr4o,30,antmaze-large-play-v2,0.6213634014129639,1.0
none,3x1frr4o,31,antmaze-large-play-v2,0.6044092178344727,1.0
none,3x1frr4o,32,antmaze-large-play-v2,0.5287765264511108,1.0
none,3x1frr4o,33,antmaze-large-play-v2,0.5559855699539185,1.0
none,3x1frr4o,34,antmaze-large-play-v2,0.6285291910171509,1.0
none,3x1frr4o,35,antmaze-large-play-v2,0.5542477369308472,1.0
none,3x1frr4o,36,antmaze-large-play-v2,0.5570226907730103,1.0
none,3x1frr4o,37,antmaze-large-play-v2,0.5537102222442627,1.0
none,3x1frr4o,38,antmaze-large-play-v2,0.6068830490112305,1.0
none,3x1frr4o,39,antmaze-large-play-v2,0.6637797355651855,1.0
none,3x1frr4o,40,antmaze-large-play-v2,0.6062705516815186,1.0
none,3x1frr4o,41,antmaze-large-play-v2,0.6555941104888916,1.0
none,3x1frr4o,42,antmaze-large-play-v2,0.5795645713806152,1.0
none,3x1frr4o,43,antmaze-large-play-v2,0.5642346739768982,1.0
none,3x1frr4o,44,antmaze-large-play-v2,0.5900776982307434,1.0
none,3x1frr4o,45,antmaze-large-play-v2,0.6219037771224976,1.0
none,3x1frr4o,46,antmaze-large-play-v2,0.6165969371795654,1.0
none,3x1frr4o,47,antmaze-large-play-v2,0.5928699970245361,1.0
none,3x1frr4o,48,antmaze-large-play-v2,0.5078821778297424,1.0
none,3x1frr4o,49,antmaze-large-play-v2,0.5694795846939087,1.0
pbrl,vdhe0tut,0,antmaze-medium-play-v2,0.8041166663169861,0.1
pbrl,vdhe0tut,1,antmaze-medium-play-v2,0.6104780435562134,0.1
pbrl,vdhe0tut,2,antmaze-medium-play-v2,0.5552623271942139,0.1
pbrl,vdhe0tut,3,antmaze-medium-play-v2,0.5726214647293091,0.1
pbrl,vdhe0tut,4,antmaze-medium-play-v2,0.5515005588531494,0.1
pbrl,vdhe0tut,5,antmaze-medium-play-v2,0.5760839581489563,0.1
pbrl,vdhe0tut,6,antmaze-medium-play-v2,0.6062389016151428,0.1
pbrl,vdhe0tut,7,antmaze-medium-play-v2,0.5964047908782959,0.1
pbrl,vdhe0tut,8,antmaze-medium-play-v2,0.6181575059890747,0.1
pbrl,vdhe0tut,9,antmaze-medium-play-v2,0.693802535533905,0.1
pbrl,vdhe0tut,10,antmaze-medium-play-v2,0.723121166229248,0.1
pbrl,vdhe0tut,11,antmaze-medium-play-v2,0.7518998980522156,0.1
pbrl,vdhe0tut,12,antmaze-medium-play-v2,0.751614511013031,0.1
pbrl,vdhe0tut,13,antmaze-medium-play-v2,0.801109790802002,0.1
pbrl,vdhe0tut,14,antmaze-medium-play-v2,0.749851644039154,0.1
pbrl,vdhe0tut,15,antmaze-medium-play-v2,0.7513887882232666,0.1
pbrl,vdhe0tut,16,antmaze-medium-play-v2,0.7621256113052368,0.1
pbrl,vdhe0tut,17,antmaze-medium-play-v2,0.7825953364372253,0.1
pbrl,vdhe0tut,18,antmaze-medium-play-v2,0.771240234375,0.1
pbrl,vdhe0tut,19,antmaze-medium-play-v2,0.7497851848602295,0.1
pbrl,vdhe0tut,20,antmaze-medium-play-v2,0.7664312720298767,0.1
pbrl,vdhe0tut,21,antmaze-medium-play-v2,0.7587113976478577,0.1
pbrl,vdhe0tut,22,antmaze-medium-play-v2,0.7585012912750244,0.1
pbrl,vdhe0tut,23,antmaze-medium-play-v2,0.791446328163147,0.1
pbrl,vdhe0tut,24,antmaze-medium-play-v2,0.7808727025985718,0.1
pbrl,vdhe0tut,25,antmaze-medium-play-v2,0.777862548828125,0.1
pbrl,vdhe0tut,26,antmaze-medium-play-v2,0.8450939655303955,0.1
pbrl,vdhe0tut,27,antmaze-medium-play-v2,0.808627724647522,0.1
pbrl,vdhe0tut,28,antmaze-medium-play-v2,0.8121639490127563,0.1
pbrl,vdhe0tut,29,antmaze-medium-play-v2,0.8048638105392456,0.1
pbrl,vdhe0tut,30,antmaze-medium-play-v2,0.7803047299385071,0.1
pbrl,vdhe0tut,31,antmaze-medium-play-v2,0.8293981552124023,0.1
pbrl,vdhe0tut,32,antmaze-medium-play-v2,0.7643112540245056,0.1
pbrl,vdhe0tut,33,antmaze-medium-play-v2,0.7578531503677368,0.1
pbrl,vdhe0tut,34,antmaze-medium-play-v2,0.8305947780609131,0.1
pbrl,vdhe0tut,35,antmaze-medium-play-v2,0.77871173620224,0.1
pbrl,vdhe0tut,36,antmaze-medium-play-v2,0.7940648794174194,0.1
pbrl,vdhe0tut,37,antmaze-medium-play-v2,0.7835379838943481,0.1
pbrl,vdhe0tut,38,antmaze-medium-play-v2,0.7484427690505981,0.1
pbrl,vdhe0tut,39,antmaze-medium-play-v2,0.8303950428962708,0.1
pbrl,vdhe0tut,40,antmaze-medium-play-v2,0.780937671661377,0.1
pbrl,vdhe0tut,41,antmaze-medium-play-v2,0.8392861485481262,0.1
pbrl,vdhe0tut,42,antmaze-medium-play-v2,0.8017408847808838,0.1
pbrl,vdhe0tut,43,antmaze-medium-play-v2,0.7873589396476746,0.1
pbrl,vdhe0tut,44,antmaze-medium-play-v2,0.7542266845703125,0.1
pbrl,vdhe0tut,45,antmaze-medium-play-v2,0.8027767539024353,0.1
pbrl,vdhe0tut,46,antmaze-medium-play-v2,0.8251432776451111,0.1
pbrl,vdhe0tut,47,antmaze-medium-play-v2,0.7900056838989258,0.1
pbrl,vdhe0tut,48,antmaze-medium-play-v2,0.7483832836151123,0.1
pbrl,vdhe0tut,49,antmaze-medium-play-v2,0.7650594711303711,0.1
none,ljgkuz6y,0,antmaze-large-play-v2,0.8254506587982178,1.0
none,ljgkuz6y,1,antmaze-large-play-v2,0.5801030993461609,1.0
none,ljgkuz6y,2,antmaze-large-play-v2,0.45289742946624756,1.0
none,ljgkuz6y,3,antmaze-large-play-v2,0.5604515671730042,1.0
none,ljgkuz6y,4,antmaze-large-play-v2,0.5062556862831116,1.0
none,ljgkuz6y,5,antmaze-large-play-v2,0.5143510103225708,1.0
none,ljgkuz6y,6,antmaze-large-play-v2,0.4542696177959442,1.0
none,ljgkuz6y,7,antmaze-large-play-v2,0.4623430073261261,1.0
none,ljgkuz6y,8,antmaze-large-play-v2,0.4759042263031006,1.0
none,ljgkuz6y,9,antmaze-large-play-v2,0.482526034116745,1.0
none,ljgkuz6y,10,antmaze-large-play-v2,0.4798581004142761,1.0
none,ljgkuz6y,11,antmaze-large-play-v2,0.5121148228645325,1.0
none,ljgkuz6y,12,antmaze-large-play-v2,0.5473909974098206,1.0
none,ljgkuz6y,13,antmaze-large-play-v2,0.4941651225090027,1.0
none,ljgkuz6y,14,antmaze-large-play-v2,0.548155665397644,1.0
none,ljgkuz6y,15,antmaze-large-play-v2,0.5398383140563965,1.0
none,ljgkuz6y,16,antmaze-large-play-v2,0.5987287759780884,1.0
none,ljgkuz6y,17,antmaze-large-play-v2,0.5677112340927124,1.0
none,ljgkuz6y,18,antmaze-large-play-v2,0.5801334381103516,1.0
none,ljgkuz6y,19,antmaze-large-play-v2,0.5907914042472839,1.0
none,ljgkuz6y,20,antmaze-large-play-v2,0.5515904426574707,1.0
none,ljgkuz6y,21,antmaze-large-play-v2,0.6629689931869507,1.0
none,ljgkuz6y,22,antmaze-large-play-v2,0.5596261024475098,1.0
none,ljgkuz6y,23,antmaze-large-play-v2,0.6037920713424683,1.0
none,ljgkuz6y,24,antmaze-large-play-v2,0.5827585458755493,1.0
none,ljgkuz6y,25,antmaze-large-play-v2,0.576728343963623,1.0
none,ljgkuz6y,26,antmaze-large-play-v2,0.596807599067688,1.0
none,ljgkuz6y,27,antmaze-large-play-v2,0.6393351554870605,1.0
none,ljgkuz6y,28,antmaze-large-play-v2,0.5756959915161133,1.0
none,ljgkuz6y,29,antmaze-large-play-v2,0.6022896766662598,1.0
none,ljgkuz6y,30,antmaze-large-play-v2,0.6196094155311584,1.0
none,ljgkuz6y,31,antmaze-large-play-v2,0.598471462726593,1.0
none,ljgkuz6y,32,antmaze-large-play-v2,0.5995527505874634,1.0
none,ljgkuz6y,33,antmaze-large-play-v2,0.6080487966537476,1.0
none,ljgkuz6y,34,antmaze-large-play-v2,0.6112321019172668,1.0
none,ljgkuz6y,35,antmaze-large-play-v2,0.555622398853302,1.0
none,ljgkuz6y,36,antmaze-large-play-v2,0.6007561683654785,1.0
none,ljgkuz6y,37,antmaze-large-play-v2,0.5535475015640259,1.0
none,ljgkuz6y,38,antmaze-large-play-v2,0.5646159052848816,1.0
none,ljgkuz6y,39,antmaze-large-play-v2,0.6370786428451538,1.0
none,ljgkuz6y,40,antmaze-large-play-v2,0.5717053413391113,1.0
none,ljgkuz6y,41,antmaze-large-play-v2,0.5779968500137329,1.0
none,ljgkuz6y,42,antmaze-large-play-v2,0.5707533359527588,1.0
none,ljgkuz6y,43,antmaze-large-play-v2,0.6079497337341309,1.0
none,ljgkuz6y,44,antmaze-large-play-v2,0.6005764007568359,1.0
none,ljgkuz6y,45,antmaze-large-play-v2,0.5812491178512573,1.0
none,ljgkuz6y,46,antmaze-large-play-v2,0.5576456189155579,1.0
none,ljgkuz6y,47,antmaze-large-play-v2,0.6109150648117065,1.0
none,ljgkuz6y,48,antmaze-large-play-v2,0.6054127216339111,1.0
none,ljgkuz6y,49,antmaze-large-play-v2,0.6135678291320801,1.0
pbrl,96lir8m4,0,antmaze-medium-play-v2,0.8813799619674683,0.1
pbrl,96lir8m4,1,antmaze-medium-play-v2,0.6516458988189697,0.1
pbrl,96lir8m4,2,antmaze-medium-play-v2,0.5710595846176147,0.1
pbrl,96lir8m4,3,antmaze-medium-play-v2,0.6264427304267883,0.1
pbrl,96lir8m4,4,antmaze-medium-play-v2,0.5151122808456421,0.1
pbrl,96lir8m4,5,antmaze-medium-play-v2,0.5738760828971863,0.1
pbrl,96lir8m4,6,antmaze-medium-play-v2,0.5405993461608887,0.1
pbrl,96lir8m4,7,antmaze-medium-play-v2,0.5419598817825317,0.1
pbrl,96lir8m4,8,antmaze-medium-play-v2,0.6136779189109802,0.1
pbrl,96lir8m4,9,antmaze-medium-play-v2,0.6245485544204712,0.1
pbrl,96lir8m4,10,antmaze-medium-play-v2,0.6549507975578308,0.1
pbrl,96lir8m4,11,antmaze-medium-play-v2,0.6768296957015991,0.1
pbrl,96lir8m4,12,antmaze-medium-play-v2,0.7140687704086304,0.1
pbrl,96lir8m4,13,antmaze-medium-play-v2,0.7429972887039185,0.1
pbrl,96lir8m4,14,antmaze-medium-play-v2,0.7566899061203003,0.1
pbrl,96lir8m4,15,antmaze-medium-play-v2,0.745593249797821,0.1
pbrl,96lir8m4,16,antmaze-medium-play-v2,0.755980372428894,0.1
pbrl,96lir8m4,17,antmaze-medium-play-v2,0.819149374961853,0.1
pbrl,96lir8m4,18,antmaze-medium-play-v2,0.8605706095695496,0.1
pbrl,96lir8m4,19,antmaze-medium-play-v2,0.7826741337776184,0.1
pbrl,96lir8m4,20,antmaze-medium-play-v2,0.7885758876800537,0.1
pbrl,96lir8m4,21,antmaze-medium-play-v2,0.7830410599708557,0.1
pbrl,96lir8m4,22,antmaze-medium-play-v2,0.755143404006958,0.1
pbrl,96lir8m4,23,antmaze-medium-play-v2,0.8209456205368042,0.1
pbrl,96lir8m4,24,antmaze-medium-play-v2,0.8466467261314392,0.1
pbrl,96lir8m4,25,antmaze-medium-play-v2,0.8101668357849121,0.1
pbrl,96lir8m4,26,antmaze-medium-play-v2,0.7800379991531372,0.1
pbrl,96lir8m4,27,antmaze-medium-play-v2,0.8129103183746338,0.1
pbrl,96lir8m4,28,antmaze-medium-play-v2,0.8535405397415161,0.1
pbrl,96lir8m4,29,antmaze-medium-play-v2,0.8188685178756714,0.1
pbrl,96lir8m4,30,antmaze-medium-play-v2,0.8032239675521851,0.1
pbrl,96lir8m4,31,antmaze-medium-play-v2,0.7837435007095337,0.1
pbrl,96lir8m4,32,antmaze-medium-play-v2,0.8079536557197571,0.1
pbrl,96lir8m4,33,antmaze-medium-play-v2,0.8595988750457764,0.1
pbrl,96lir8m4,34,antmaze-medium-play-v2,0.8248002529144287,0.1
pbrl,96lir8m4,35,antmaze-medium-play-v2,0.8673670291900635,0.1
pbrl,96lir8m4,36,antmaze-medium-play-v2,0.8043600916862488,0.1
pbrl,96lir8m4,37,antmaze-medium-play-v2,0.8493785262107849,0.1
pbrl,96lir8m4,38,antmaze-medium-play-v2,0.8235065937042236,0.1
pbrl,96lir8m4,39,antmaze-medium-play-v2,0.7878650426864624,0.1
pbrl,96lir8m4,40,antmaze-medium-play-v2,0.8220691680908203,0.1
pbrl,96lir8m4,41,antmaze-medium-play-v2,0.8572316765785217,0.1
pbrl,96lir8m4,42,antmaze-medium-play-v2,0.8055700063705444,0.1
pbrl,96lir8m4,43,antmaze-medium-play-v2,0.7889835834503174,0.1
pbrl,96lir8m4,44,antmaze-medium-play-v2,0.8052635788917542,0.1
pbrl,96lir8m4,45,antmaze-medium-play-v2,0.8313244581222534,0.1
pbrl,96lir8m4,46,antmaze-medium-play-v2,0.8454021215438843,0.1
pbrl,96lir8m4,47,antmaze-medium-play-v2,0.8174136877059937,0.1
pbrl,96lir8m4,48,antmaze-medium-play-v2,0.8389397263526917,0.1
pbrl,96lir8m4,49,antmaze-medium-play-v2,0.8226211071014404,0.1
pbrl,qi7098am,0,antmaze-medium-play-v2,0.8377338647842407,0.1
pbrl,qi7098am,1,antmaze-medium-play-v2,0.6391997337341309,0.1
pbrl,qi7098am,2,antmaze-medium-play-v2,0.5665467381477356,0.1
pbrl,qi7098am,3,antmaze-medium-play-v2,0.5663275122642517,0.1
pbrl,qi7098am,4,antmaze-medium-play-v2,0.6036239862442017,0.1
pbrl,qi7098am,5,antmaze-medium-play-v2,0.570231556892395,0.1
pbrl,qi7098am,6,antmaze-medium-play-v2,0.570389986038208,0.1
pbrl,qi7098am,7,antmaze-medium-play-v2,0.6064884066581726,0.1
pbrl,qi7098am,8,antmaze-medium-play-v2,0.6110539436340332,0.1
pbrl,qi7098am,9,antmaze-medium-play-v2,0.6167780756950378,0.1
pbrl,qi7098am,10,antmaze-medium-play-v2,0.6970206499099731,0.1
pbrl,qi7098am,11,antmaze-medium-play-v2,0.6675223112106323,0.1
pbrl,qi7098am,12,antmaze-medium-play-v2,0.7364464998245239,0.1
pbrl,qi7098am,13,antmaze-medium-play-v2,0.7563652992248535,0.1
pbrl,qi7098am,14,antmaze-medium-play-v2,0.7569943070411682,0.1
pbrl,qi7098am,15,antmaze-medium-play-v2,0.8170250654220581,0.1
pbrl,qi7098am,16,antmaze-medium-play-v2,0.7514116764068604,0.1
pbrl,qi7098am,17,antmaze-medium-play-v2,0.8051864504814148,0.1
pbrl,qi7098am,18,antmaze-medium-play-v2,0.8013013005256653,0.1
pbrl,qi7098am,19,antmaze-medium-play-v2,0.7728606462478638,0.1
pbrl,qi7098am,20,antmaze-medium-play-v2,0.7386336326599121,0.1
pbrl,qi7098am,21,antmaze-medium-play-v2,0.7377251386642456,0.1
pbrl,qi7098am,22,antmaze-medium-play-v2,0.8057855367660522,0.1
pbrl,qi7098am,23,antmaze-medium-play-v2,0.8023972511291504,0.1
pbrl,qi7098am,24,antmaze-medium-play-v2,0.7887265682220459,0.1
pbrl,qi7098am,25,antmaze-medium-play-v2,0.7480614185333252,0.1
pbrl,qi7098am,26,antmaze-medium-play-v2,0.8227071762084961,0.1
pbrl,qi7098am,27,antmaze-medium-play-v2,0.8354254961013794,0.1
pbrl,qi7098am,28,antmaze-medium-play-v2,0.7805827856063843,0.1
pbrl,qi7098am,29,antmaze-medium-play-v2,0.7964925169944763,0.1
pbrl,qi7098am,30,antmaze-medium-play-v2,0.8460798263549805,0.1
pbrl,qi7098am,31,antmaze-medium-play-v2,0.7915542125701904,0.1
pbrl,qi7098am,32,antmaze-medium-play-v2,0.7811880111694336,0.1
pbrl,qi7098am,33,antmaze-medium-play-v2,0.8432897329330444,0.1
pbrl,qi7098am,34,antmaze-medium-play-v2,0.8321349620819092,0.1
pbrl,qi7098am,35,antmaze-medium-play-v2,0.7993109822273254,0.1
pbrl,qi7098am,36,antmaze-medium-play-v2,0.8006843328475952,0.1
pbrl,qi7098am,37,antmaze-medium-play-v2,0.8197145462036133,0.1
pbrl,qi7098am,38,antmaze-medium-play-v2,0.7598890662193298,0.1
pbrl,qi7098am,39,antmaze-medium-play-v2,0.7588117718696594,0.1
pbrl,qi7098am,40,antmaze-medium-play-v2,0.792186439037323,0.1
pbrl,qi7098am,41,antmaze-medium-play-v2,0.8826978206634521,0.1
pbrl,qi7098am,42,antmaze-medium-play-v2,0.8285130858421326,0.1
pbrl,qi7098am,43,antmaze-medium-play-v2,0.8469691872596741,0.1
pbrl,qi7098am,44,antmaze-medium-play-v2,0.7970242500305176,0.1
pbrl,qi7098am,45,antmaze-medium-play-v2,0.8249177932739258,0.1
pbrl,qi7098am,46,antmaze-medium-play-v2,0.8451781868934631,0.1
pbrl,qi7098am,47,antmaze-medium-play-v2,0.8206682205200195,0.1
pbrl,qi7098am,48,antmaze-medium-play-v2,0.8718830347061157,0.1
pbrl,qi7098am,49,antmaze-medium-play-v2,0.8396619558334351,0.1
none,jf4srrgt,0,antmaze-large-play-v2,0.8195322751998901,1.0
none,jf4srrgt,1,antmaze-large-play-v2,0.5362570881843567,1.0
none,jf4srrgt,2,antmaze-large-play-v2,0.47724097967147827,1.0
none,jf4srrgt,3,antmaze-large-play-v2,0.47178274393081665,1.0
none,jf4srrgt,4,antmaze-large-play-v2,0.5020596981048584,1.0
none,jf4srrgt,5,antmaze-large-play-v2,0.45712077617645264,1.0
none,jf4srrgt,6,antmaze-large-play-v2,0.4506620168685913,1.0
none,jf4srrgt,7,antmaze-large-play-v2,0.46143078804016113,1.0
none,jf4srrgt,8,antmaze-large-play-v2,0.43964993953704834,1.0
none,jf4srrgt,9,antmaze-large-play-v2,0.48201051354408264,1.0
none,jf4srrgt,10,antmaze-large-play-v2,0.531358540058136,1.0
none,jf4srrgt,11,antmaze-large-play-v2,0.5055637955665588,1.0
none,jf4srrgt,12,antmaze-large-play-v2,0.5203927755355835,1.0
none,jf4srrgt,13,antmaze-large-play-v2,0.5088175535202026,1.0
none,jf4srrgt,14,antmaze-large-play-v2,0.6157488822937012,1.0
none,jf4srrgt,15,antmaze-large-play-v2,0.5589349269866943,1.0
none,jf4srrgt,16,antmaze-large-play-v2,0.5606610178947449,1.0
none,jf4srrgt,17,antmaze-large-play-v2,0.5771316289901733,1.0
none,jf4srrgt,18,antmaze-large-play-v2,0.6219609975814819,1.0
none,jf4srrgt,19,antmaze-large-play-v2,0.586105227470398,1.0
none,jf4srrgt,20,antmaze-large-play-v2,0.6163038015365601,1.0
none,jf4srrgt,21,antmaze-large-play-v2,0.6224215030670166,1.0
none,jf4srrgt,22,antmaze-large-play-v2,0.6565484404563904,1.0
none,jf4srrgt,23,antmaze-large-play-v2,0.5959478616714478,1.0
none,jf4srrgt,24,antmaze-large-play-v2,0.6141000986099243,1.0
none,jf4srrgt,25,antmaze-large-play-v2,0.6194339394569397,1.0
none,jf4srrgt,26,antmaze-large-play-v2,0.6220259666442871,1.0
none,jf4srrgt,27,antmaze-large-play-v2,0.5850664377212524,1.0
none,jf4srrgt,28,antmaze-large-play-v2,0.5853556394577026,1.0
none,jf4srrgt,29,antmaze-large-play-v2,0.6121864914894104,1.0
none,jf4srrgt,30,antmaze-large-play-v2,0.586227297782898,1.0
none,jf4srrgt,31,antmaze-large-play-v2,0.5784708857536316,1.0
none,jf4srrgt,32,antmaze-large-play-v2,0.5996843576431274,1.0
none,jf4srrgt,33,antmaze-large-play-v2,0.5424219369888306,1.0
none,jf4srrgt,34,antmaze-large-play-v2,0.6045867204666138,1.0
none,jf4srrgt,35,antmaze-large-play-v2,0.5636743307113647,1.0
none,jf4srrgt,36,antmaze-large-play-v2,0.6307458281517029,1.0
none,jf4srrgt,37,antmaze-large-play-v2,0.6407400369644165,1.0
none,jf4srrgt,38,antmaze-large-play-v2,0.6346632242202759,1.0
none,jf4srrgt,39,antmaze-large-play-v2,0.5883933901786804,1.0
none,jf4srrgt,40,antmaze-large-play-v2,0.5732073783874512,1.0
none,jf4srrgt,41,antmaze-large-play-v2,0.5842357873916626,1.0
none,jf4srrgt,42,antmaze-large-play-v2,0.5686166286468506,1.0
none,jf4srrgt,43,antmaze-large-play-v2,0.5696799755096436,1.0
none,jf4srrgt,44,antmaze-large-play-v2,0.599305272102356,1.0
none,jf4srrgt,45,antmaze-large-play-v2,0.5877052545547485,1.0
none,jf4srrgt,46,antmaze-large-play-v2,0.5761196613311768,1.0
none,jf4srrgt,47,antmaze-large-play-v2,0.5910317897796631,1.0
none,jf4srrgt,48,antmaze-large-play-v2,0.5613521337509155,1.0
none,jf4srrgt,49,antmaze-large-play-v2,0.5571832656860352,1.0
pbrl,jyv8o0u4,0,antmaze-large-play-v2,0.7785403728485107,0.1
pbrl,jyv8o0u4,1,antmaze-large-play-v2,0.7323480844497681,0.1
pbrl,jyv8o0u4,2,antmaze-large-play-v2,0.6727638244628906,0.1
pbrl,jyv8o0u4,3,antmaze-large-play-v2,0.6774565577507019,0.1
pbrl,jyv8o0u4,4,antmaze-large-play-v2,0.6820369362831116,0.1
pbrl,jyv8o0u4,5,antmaze-large-play-v2,0.6187906861305237,0.1
pbrl,jyv8o0u4,6,antmaze-large-play-v2,0.6509225368499756,0.1
pbrl,jyv8o0u4,7,antmaze-large-play-v2,0.6190450191497803,0.1
pbrl,jyv8o0u4,8,antmaze-large-play-v2,0.6506513357162476,0.1
pbrl,jyv8o0u4,9,antmaze-large-play-v2,0.7052087187767029,0.1
pbrl,jyv8o0u4,10,antmaze-large-play-v2,0.724564790725708,0.1
pbrl,jyv8o0u4,11,antmaze-large-play-v2,0.7464836835861206,0.1
pbrl,jyv8o0u4,12,antmaze-large-play-v2,0.7490329742431641,0.1
pbrl,jyv8o0u4,13,antmaze-large-play-v2,0.6942266821861267,0.1
pbrl,jyv8o0u4,14,antmaze-large-play-v2,0.7034642696380615,0.1
pbrl,jyv8o0u4,15,antmaze-large-play-v2,0.7602831721305847,0.1
pbrl,jyv8o0u4,16,antmaze-large-play-v2,0.7238016128540039,0.1
pbrl,jyv8o0u4,17,antmaze-large-play-v2,0.7929720878601074,0.1
pbrl,jyv8o0u4,18,antmaze-large-play-v2,0.7884223461151123,0.1
pbrl,jyv8o0u4,19,antmaze-large-play-v2,0.8060541749000549,0.1
pbrl,jyv8o0u4,20,antmaze-large-play-v2,0.7715014219284058,0.1
pbrl,jyv8o0u4,21,antmaze-large-play-v2,0.7563148140907288,0.1
pbrl,jyv8o0u4,22,antmaze-large-play-v2,0.7526081800460815,0.1
pbrl,jyv8o0u4,23,antmaze-large-play-v2,0.7139315009117126,0.1
pbrl,jyv8o0u4,24,antmaze-large-play-v2,0.7485041618347168,0.1
pbrl,jyv8o0u4,25,antmaze-large-play-v2,0.8697504997253418,0.1
pbrl,jyv8o0u4,26,antmaze-large-play-v2,0.7619523406028748,0.1
pbrl,jyv8o0u4,27,antmaze-large-play-v2,0.7981165647506714,0.1
pbrl,jyv8o0u4,28,antmaze-large-play-v2,0.8448940515518188,0.1
pbrl,jyv8o0u4,29,antmaze-large-play-v2,0.8584732413291931,0.1
pbrl,jyv8o0u4,30,antmaze-large-play-v2,0.7983114123344421,0.1
pbrl,jyv8o0u4,31,antmaze-large-play-v2,0.8148895502090454,0.1
pbrl,jyv8o0u4,32,antmaze-large-play-v2,0.7770773768424988,0.1
pbrl,jyv8o0u4,33,antmaze-large-play-v2,0.7680768966674805,0.1
pbrl,jyv8o0u4,34,antmaze-large-play-v2,0.8463913798332214,0.1
pbrl,jyv8o0u4,35,antmaze-large-play-v2,0.8705621957778931,0.1
pbrl,jyv8o0u4,36,antmaze-large-play-v2,0.7876793742179871,0.1
pbrl,jyv8o0u4,37,antmaze-large-play-v2,0.8150225877761841,0.1
pbrl,jyv8o0u4,38,antmaze-large-play-v2,0.826633632183075,0.1
pbrl,jyv8o0u4,39,antmaze-large-play-v2,0.9128317832946777,0.1
pbrl,jyv8o0u4,40,antmaze-large-play-v2,0.8615210652351379,0.1
pbrl,jyv8o0u4,41,antmaze-large-play-v2,0.8525220155715942,0.1
pbrl,jyv8o0u4,42,antmaze-large-play-v2,0.906688392162323,0.1
pbrl,jyv8o0u4,43,antmaze-large-play-v2,0.8263038396835327,0.1
pbrl,jyv8o0u4,44,antmaze-large-play-v2,0.8268757462501526,0.1
pbrl,jyv8o0u4,45,antmaze-large-play-v2,0.7720164060592651,0.1
pbrl,jyv8o0u4,46,antmaze-large-play-v2,0.8422204852104187,0.1
pbrl,jyv8o0u4,47,antmaze-large-play-v2,0.896415114402771,0.1
pbrl,jyv8o0u4,48,antmaze-large-play-v2,0.8822206854820251,0.1
pbrl,jyv8o0u4,49,antmaze-large-play-v2,0.8556212782859802,0.1
none,tatj7zor,0,antmaze-large-play-v2,0.811557412147522,5.0
none,tatj7zor,1,antmaze-large-play-v2,0.56666100025177,5.0
none,tatj7zor,2,antmaze-large-play-v2,0.49775391817092896,5.0
none,tatj7zor,3,antmaze-large-play-v2,0.49782928824424744,5.0
none,tatj7zor,4,antmaze-large-play-v2,0.5148598551750183,5.0
none,tatj7zor,5,antmaze-large-play-v2,0.5035326480865479,5.0
none,tatj7zor,6,antmaze-large-play-v2,0.4764886498451233,5.0
none,tatj7zor,7,antmaze-large-play-v2,0.4692423343658447,5.0
none,tatj7zor,8,antmaze-large-play-v2,0.42152929306030273,5.0
none,tatj7zor,9,antmaze-large-play-v2,0.4597245752811432,5.0
none,tatj7zor,10,antmaze-large-play-v2,0.4580192565917969,5.0
none,tatj7zor,11,antmaze-large-play-v2,0.5467495918273926,5.0
none,tatj7zor,12,antmaze-large-play-v2,0.5437867641448975,5.0
none,tatj7zor,13,antmaze-large-play-v2,0.5136703252792358,5.0
none,tatj7zor,14,antmaze-large-play-v2,0.49069201946258545,5.0
none,tatj7zor,15,antmaze-large-play-v2,0.53498375415802,5.0
none,tatj7zor,16,antmaze-large-play-v2,0.5510838627815247,5.0
none,tatj7zor,17,antmaze-large-play-v2,0.6451021432876587,5.0
none,tatj7zor,18,antmaze-large-play-v2,0.591975212097168,5.0
none,tatj7zor,19,antmaze-large-play-v2,0.6382867097854614,5.0
none,tatj7zor,20,antmaze-large-play-v2,0.598055362701416,5.0
none,tatj7zor,21,antmaze-large-play-v2,0.552574634552002,5.0
none,tatj7zor,22,antmaze-large-play-v2,0.5839276313781738,5.0
none,tatj7zor,23,antmaze-large-play-v2,0.5676441192626953,5.0
none,tatj7zor,24,antmaze-large-play-v2,0.5446207523345947,5.0
none,tatj7zor,25,antmaze-large-play-v2,0.5672353506088257,5.0
none,tatj7zor,26,antmaze-large-play-v2,0.5553289651870728,5.0
none,tatj7zor,27,antmaze-large-play-v2,0.5303077697753906,5.0
none,tatj7zor,28,antmaze-large-play-v2,0.5759388208389282,5.0
none,tatj7zor,29,antmaze-large-play-v2,0.5868780016899109,5.0
none,tatj7zor,30,antmaze-large-play-v2,0.5606182217597961,5.0
none,tatj7zor,31,antmaze-large-play-v2,0.5382330417633057,5.0
none,tatj7zor,32,antmaze-large-play-v2,0.5767890214920044,5.0
none,tatj7zor,33,antmaze-large-play-v2,0.5348812341690063,5.0
none,tatj7zor,34,antmaze-large-play-v2,0.5520166158676147,5.0
none,tatj7zor,35,antmaze-large-play-v2,0.5641336441040039,5.0
none,tatj7zor,36,antmaze-large-play-v2,0.5374745726585388,5.0
none,tatj7zor,37,antmaze-large-play-v2,0.5590361952781677,5.0
none,tatj7zor,38,antmaze-large-play-v2,0.5377586483955383,5.0
none,tatj7zor,39,antmaze-large-play-v2,0.570827305316925,5.0
none,tatj7zor,40,antmaze-large-play-v2,0.5853902697563171,5.0
none,tatj7zor,41,antmaze-large-play-v2,0.5647432208061218,5.0
none,tatj7zor,42,antmaze-large-play-v2,0.5916239023208618,5.0
none,tatj7zor,43,antmaze-large-play-v2,0.5912531614303589,5.0
none,tatj7zor,44,antmaze-large-play-v2,0.5437009334564209,5.0
none,tatj7zor,45,antmaze-large-play-v2,0.5394524931907654,5.0
none,tatj7zor,46,antmaze-large-play-v2,0.6063987016677856,5.0
none,tatj7zor,47,antmaze-large-play-v2,0.5596773624420166,5.0
none,tatj7zor,48,antmaze-large-play-v2,0.6012630462646484,5.0
none,tatj7zor,49,antmaze-large-play-v2,0.5528215765953064,5.0
pbrl,bnebw86d,0,antmaze-large-play-v2,0.8661973476409912,0.1
pbrl,bnebw86d,1,antmaze-large-play-v2,0.6107009053230286,0.1
pbrl,bnebw86d,2,antmaze-large-play-v2,0.5581570267677307,0.1
pbrl,bnebw86d,3,antmaze-large-play-v2,0.610612154006958,0.1
pbrl,bnebw86d,4,antmaze-large-play-v2,0.6848381161689758,0.1
pbrl,bnebw86d,5,antmaze-large-play-v2,0.6448884010314941,0.1
pbrl,bnebw86d,6,antmaze-large-play-v2,0.7794270515441895,0.1
pbrl,bnebw86d,7,antmaze-large-play-v2,0.672587513923645,0.1
pbrl,bnebw86d,8,antmaze-large-play-v2,0.7177001237869263,0.1
pbrl,bnebw86d,9,antmaze-large-play-v2,0.8230125308036804,0.1
pbrl,bnebw86d,10,antmaze-large-play-v2,0.7742350697517395,0.1
pbrl,bnebw86d,11,antmaze-large-play-v2,0.8066253662109375,0.1
pbrl,bnebw86d,12,antmaze-large-play-v2,0.8325821161270142,0.1
pbrl,bnebw86d,13,antmaze-large-play-v2,0.7855365872383118,0.1
pbrl,bnebw86d,14,antmaze-large-play-v2,0.7891218662261963,0.1
pbrl,bnebw86d,15,antmaze-large-play-v2,0.8351260423660278,0.1
pbrl,bnebw86d,16,antmaze-large-play-v2,0.839671790599823,0.1
pbrl,bnebw86d,17,antmaze-large-play-v2,0.8423490524291992,0.1
pbrl,bnebw86d,18,antmaze-large-play-v2,0.8629772067070007,0.1
pbrl,bnebw86d,19,antmaze-large-play-v2,0.8602253198623657,0.1
pbrl,bnebw86d,20,antmaze-large-play-v2,0.90116947889328,0.1
pbrl,bnebw86d,21,antmaze-large-play-v2,0.8211213946342468,0.1
pbrl,bnebw86d,22,antmaze-large-play-v2,0.8711287975311279,0.1
pbrl,bnebw86d,23,antmaze-large-play-v2,0.9049874544143677,0.1
pbrl,bnebw86d,24,antmaze-large-play-v2,0.9163888096809387,0.1
pbrl,bnebw86d,25,antmaze-large-play-v2,0.9308691024780273,0.1
pbrl,bnebw86d,26,antmaze-large-play-v2,0.8200396299362183,0.1
pbrl,bnebw86d,27,antmaze-large-play-v2,0.9337718486785889,0.1
pbrl,bnebw86d,28,antmaze-large-play-v2,0.910550594329834,0.1
pbrl,bnebw86d,29,antmaze-large-play-v2,0.8564144372940063,0.1
pbrl,bnebw86d,30,antmaze-large-play-v2,0.9121900796890259,0.1
pbrl,bnebw86d,31,antmaze-large-play-v2,0.9228235483169556,0.1
pbrl,bnebw86d,32,antmaze-large-play-v2,0.9190018177032471,0.1
pbrl,bnebw86d,33,antmaze-large-play-v2,0.9154320359230042,0.1
pbrl,bnebw86d,34,antmaze-large-play-v2,0.8944557905197144,0.1
pbrl,bnebw86d,35,antmaze-large-play-v2,0.8590080738067627,0.1
pbrl,bnebw86d,36,antmaze-large-play-v2,0.9135342836380005,0.1
pbrl,bnebw86d,37,antmaze-large-play-v2,0.9027957916259766,0.1
pbrl,bnebw86d,38,antmaze-large-play-v2,0.9188066720962524,0.1
pbrl,bnebw86d,39,antmaze-large-play-v2,0.9503609538078308,0.1
pbrl,bnebw86d,40,antmaze-large-play-v2,0.9368965029716492,0.1
pbrl,bnebw86d,41,antmaze-large-play-v2,0.9132487177848816,0.1
pbrl,bnebw86d,42,antmaze-large-play-v2,0.8651828169822693,0.1
pbrl,bnebw86d,43,antmaze-large-play-v2,0.9646735787391663,0.1
pbrl,bnebw86d,44,antmaze-large-play-v2,0.8598461151123047,0.1
pbrl,bnebw86d,45,antmaze-large-play-v2,0.8644360303878784,0.1
pbrl,bnebw86d,46,antmaze-large-play-v2,0.9437601566314697,0.1
pbrl,bnebw86d,47,antmaze-large-play-v2,0.9295023083686829,0.1
pbrl,bnebw86d,48,antmaze-large-play-v2,0.8690347075462341,0.1
pbrl,bnebw86d,49,antmaze-large-play-v2,0.87559974193573,0.1
none,zv75jr91,0,antmaze-large-play-v2,0.8294795751571655,5.0
none,zv75jr91,1,antmaze-large-play-v2,0.5221214890480042,5.0
none,zv75jr91,2,antmaze-large-play-v2,0.4373537302017212,5.0
none,zv75jr91,3,antmaze-large-play-v2,0.4802868962287903,5.0
none,zv75jr91,4,antmaze-large-play-v2,0.43438607454299927,5.0
none,zv75jr91,5,antmaze-large-play-v2,0.4935683012008667,5.0
none,zv75jr91,6,antmaze-large-play-v2,0.4643551707267761,5.0
none,zv75jr91,7,antmaze-large-play-v2,0.46381324529647827,5.0
none,zv75jr91,8,antmaze-large-play-v2,0.4083394408226013,5.0
none,zv75jr91,9,antmaze-large-play-v2,0.5016034245491028,5.0
none,zv75jr91,10,antmaze-large-play-v2,0.5028960704803467,5.0
none,zv75jr91,11,antmaze-large-play-v2,0.5300235152244568,5.0
none,zv75jr91,12,antmaze-large-play-v2,0.5360707640647888,5.0
none,zv75jr91,13,antmaze-large-play-v2,0.5371547341346741,5.0
none,zv75jr91,14,antmaze-large-play-v2,0.5271797180175781,5.0
none,zv75jr91,15,antmaze-large-play-v2,0.5637884140014648,5.0
none,zv75jr91,16,antmaze-large-play-v2,0.5314226150512695,5.0
none,zv75jr91,17,antmaze-large-play-v2,0.5082988142967224,5.0
none,zv75jr91,18,antmaze-large-play-v2,0.5708924531936646,5.0
none,zv75jr91,19,antmaze-large-play-v2,0.5429675579071045,5.0
none,zv75jr91,20,antmaze-large-play-v2,0.5940995812416077,5.0
none,zv75jr91,21,antmaze-large-play-v2,0.5933521389961243,5.0
none,zv75jr91,22,antmaze-large-play-v2,0.5818180441856384,5.0
none,zv75jr91,23,antmaze-large-play-v2,0.5857930183410645,5.0
none,zv75jr91,24,antmaze-large-play-v2,0.5713465213775635,5.0
none,zv75jr91,25,antmaze-large-play-v2,0.5856257081031799,5.0
none,zv75jr91,26,antmaze-large-play-v2,0.47772982716560364,5.0
none,zv75jr91,27,antmaze-large-play-v2,0.5780641436576843,5.0
none,zv75jr91,28,antmaze-large-play-v2,0.5602336525917053,5.0
none,zv75jr91,29,antmaze-large-play-v2,0.5713469982147217,5.0
none,zv75jr91,30,antmaze-large-play-v2,0.57340407371521,5.0
none,zv75jr91,31,antmaze-large-play-v2,0.6410041451454163,5.0
none,zv75jr91,32,antmaze-large-play-v2,0.5554100275039673,5.0
none,zv75jr91,33,antmaze-large-play-v2,0.6042799353599548,5.0
none,zv75jr91,34,antmaze-large-play-v2,0.57160484790802,5.0
none,zv75jr91,35,antmaze-large-play-v2,0.5758645534515381,5.0
none,zv75jr91,36,antmaze-large-play-v2,0.5810035467147827,5.0
none,zv75jr91,37,antmaze-large-play-v2,0.5481069087982178,5.0
none,zv75jr91,38,antmaze-large-play-v2,0.5608977675437927,5.0
none,zv75jr91,39,antmaze-large-play-v2,0.5587857961654663,5.0
none,zv75jr91,40,antmaze-large-play-v2,0.583350419998169,5.0
none,zv75jr91,41,antmaze-large-play-v2,0.5012463927268982,5.0
none,zv75jr91,42,antmaze-large-play-v2,0.5887748599052429,5.0
none,zv75jr91,43,antmaze-large-play-v2,0.5795066356658936,5.0
none,zv75jr91,44,antmaze-large-play-v2,0.5524941682815552,5.0
none,zv75jr91,45,antmaze-large-play-v2,0.5290012359619141,5.0
none,zv75jr91,46,antmaze-large-play-v2,0.5852152109146118,5.0
none,zv75jr91,47,antmaze-large-play-v2,0.5679453015327454,5.0
none,zv75jr91,48,antmaze-large-play-v2,0.5764119625091553,5.0
none,zv75jr91,49,antmaze-large-play-v2,0.5541041493415833,5.0
pbrl,7t2e9bfl,0,antmaze-large-play-v2,0.800773024559021,0.1
pbrl,7t2e9bfl,1,antmaze-large-play-v2,0.6329150199890137,0.1
pbrl,7t2e9bfl,2,antmaze-large-play-v2,0.567922830581665,0.1
pbrl,7t2e9bfl,3,antmaze-large-play-v2,0.6151512861251831,0.1
pbrl,7t2e9bfl,4,antmaze-large-play-v2,0.6310323476791382,0.1
pbrl,7t2e9bfl,5,antmaze-large-play-v2,0.6407920718193054,0.1
pbrl,7t2e9bfl,6,antmaze-large-play-v2,0.6186031699180603,0.1
pbrl,7t2e9bfl,7,antmaze-large-play-v2,0.5999802350997925,0.1
pbrl,7t2e9bfl,8,antmaze-large-play-v2,0.6216433048248291,0.1
pbrl,7t2e9bfl,9,antmaze-large-play-v2,0.6572977304458618,0.1
pbrl,7t2e9bfl,10,antmaze-large-play-v2,0.644361138343811,0.1
pbrl,7t2e9bfl,11,antmaze-large-play-v2,0.6376111507415771,0.1
pbrl,7t2e9bfl,12,antmaze-large-play-v2,0.6912738084793091,0.1
pbrl,7t2e9bfl,13,antmaze-large-play-v2,0.643265962600708,0.1
pbrl,7t2e9bfl,14,antmaze-large-play-v2,0.7478379011154175,0.1
pbrl,7t2e9bfl,15,antmaze-large-play-v2,0.7383973598480225,0.1
pbrl,7t2e9bfl,16,antmaze-large-play-v2,0.7326534986495972,0.1
pbrl,7t2e9bfl,17,antmaze-large-play-v2,0.7715178728103638,0.1
pbrl,7t2e9bfl,18,antmaze-large-play-v2,0.7676161527633667,0.1
pbrl,7t2e9bfl,19,antmaze-large-play-v2,0.7165970802307129,0.1
pbrl,7t2e9bfl,20,antmaze-large-play-v2,0.77897047996521,0.1
pbrl,7t2e9bfl,21,antmaze-large-play-v2,0.8026976585388184,0.1
pbrl,7t2e9bfl,22,antmaze-large-play-v2,0.7356380224227905,0.1
pbrl,7t2e9bfl,23,antmaze-large-play-v2,0.8140429258346558,0.1
pbrl,7t2e9bfl,24,antmaze-large-play-v2,0.8187786936759949,0.1
pbrl,7t2e9bfl,25,antmaze-large-play-v2,0.8627809286117554,0.1
pbrl,7t2e9bfl,26,antmaze-large-play-v2,0.8372820019721985,0.1
pbrl,7t2e9bfl,27,antmaze-large-play-v2,0.8962512016296387,0.1
pbrl,7t2e9bfl,28,antmaze-large-play-v2,0.8721580505371094,0.1
pbrl,7t2e9bfl,29,antmaze-large-play-v2,0.8614374399185181,0.1
pbrl,7t2e9bfl,30,antmaze-large-play-v2,0.8321326971054077,0.1
pbrl,7t2e9bfl,31,antmaze-large-play-v2,0.8407415151596069,0.1
pbrl,7t2e9bfl,32,antmaze-large-play-v2,0.8606178164482117,0.1
pbrl,7t2e9bfl,33,antmaze-large-play-v2,0.8088144063949585,0.1
pbrl,7t2e9bfl,34,antmaze-large-play-v2,0.8536791205406189,0.1
pbrl,7t2e9bfl,35,antmaze-large-play-v2,0.8341338634490967,0.1
pbrl,7t2e9bfl,36,antmaze-large-play-v2,0.8770853281021118,0.1
pbrl,7t2e9bfl,37,antmaze-large-play-v2,0.817925751209259,0.1
pbrl,7t2e9bfl,38,antmaze-large-play-v2,0.8977686166763306,0.1
pbrl,7t2e9bfl,39,antmaze-large-play-v2,0.8292248249053955,0.1
pbrl,7t2e9bfl,40,antmaze-large-play-v2,0.845747709274292,0.1
pbrl,7t2e9bfl,41,antmaze-large-play-v2,0.8457765579223633,0.1
pbrl,7t2e9bfl,42,antmaze-large-play-v2,0.8760932683944702,0.1
pbrl,7t2e9bfl,43,antmaze-large-play-v2,0.8457738161087036,0.1
pbrl,7t2e9bfl,44,antmaze-large-play-v2,0.87669438123703,0.1
pbrl,7t2e9bfl,45,antmaze-large-play-v2,0.8246584534645081,0.1
pbrl,7t2e9bfl,46,antmaze-large-play-v2,0.8536748886108398,0.1
pbrl,7t2e9bfl,47,antmaze-large-play-v2,0.860327422618866,0.1
pbrl,7t2e9bfl,48,antmaze-large-play-v2,0.7539217472076416,0.1
pbrl,7t2e9bfl,49,antmaze-large-play-v2,0.878612756729126,0.1
none,r6rzf77n,0,antmaze-large-play-v2,0.7794579267501831,5.0
none,r6rzf77n,1,antmaze-large-play-v2,0.5215064287185669,5.0
none,r6rzf77n,2,antmaze-large-play-v2,0.49553900957107544,5.0
none,r6rzf77n,3,antmaze-large-play-v2,0.5019419193267822,5.0
none,r6rzf77n,4,antmaze-large-play-v2,0.5086046457290649,5.0
none,r6rzf77n,5,antmaze-large-play-v2,0.4670480787754059,5.0
none,r6rzf77n,6,antmaze-large-play-v2,0.5129992365837097,5.0
none,r6rzf77n,7,antmaze-large-play-v2,0.47710415720939636,5.0
none,r6rzf77n,8,antmaze-large-play-v2,0.46664655208587646,5.0
none,r6rzf77n,9,antmaze-large-play-v2,0.48162367939949036,5.0
none,r6rzf77n,10,antmaze-large-play-v2,0.4998748004436493,5.0
none,r6rzf77n,11,antmaze-large-play-v2,0.5314388275146484,5.0
none,r6rzf77n,12,antmaze-large-play-v2,0.5597010850906372,5.0
none,r6rzf77n,13,antmaze-large-play-v2,0.5392895936965942,5.0
none,r6rzf77n,14,antmaze-large-play-v2,0.5367780923843384,5.0
none,r6rzf77n,15,antmaze-large-play-v2,0.5924203991889954,5.0
none,r6rzf77n,16,antmaze-large-play-v2,0.5705051422119141,5.0
none,r6rzf77n,17,antmaze-large-play-v2,0.5759708881378174,5.0
none,r6rzf77n,18,antmaze-large-play-v2,0.5798617005348206,5.0
none,r6rzf77n,19,antmaze-large-play-v2,0.5416129231452942,5.0
none,r6rzf77n,20,antmaze-large-play-v2,0.5377785563468933,5.0
none,r6rzf77n,21,antmaze-large-play-v2,0.5980038642883301,5.0
none,r6rzf77n,22,antmaze-large-play-v2,0.5411726832389832,5.0
none,r6rzf77n,23,antmaze-large-play-v2,0.5620999336242676,5.0
none,r6rzf77n,24,antmaze-large-play-v2,0.5553621053695679,5.0
none,r6rzf77n,25,antmaze-large-play-v2,0.5753945112228394,5.0
none,r6rzf77n,26,antmaze-large-play-v2,0.5685595870018005,5.0
none,r6rzf77n,27,antmaze-large-play-v2,0.5940854549407959,5.0
none,r6rzf77n,28,antmaze-large-play-v2,0.5275169610977173,5.0
none,r6rzf77n,29,antmaze-large-play-v2,0.5833368301391602,5.0
none,r6rzf77n,30,antmaze-large-play-v2,0.597969651222229,5.0
none,r6rzf77n,31,antmaze-large-play-v2,0.6068391799926758,5.0
none,r6rzf77n,32,antmaze-large-play-v2,0.5363956093788147,5.0
none,r6rzf77n,33,antmaze-large-play-v2,0.5294082164764404,5.0
none,r6rzf77n,34,antmaze-large-play-v2,0.5959972143173218,5.0
none,r6rzf77n,35,antmaze-large-play-v2,0.5389412045478821,5.0
none,r6rzf77n,36,antmaze-large-play-v2,0.5578257441520691,5.0
none,r6rzf77n,37,antmaze-large-play-v2,0.5758950114250183,5.0
none,r6rzf77n,38,antmaze-large-play-v2,0.5831307768821716,5.0
none,r6rzf77n,39,antmaze-large-play-v2,0.6341063976287842,5.0
none,r6rzf77n,40,antmaze-large-play-v2,0.5857753753662109,5.0
none,r6rzf77n,41,antmaze-large-play-v2,0.6254374980926514,5.0
none,r6rzf77n,42,antmaze-large-play-v2,0.5920850038528442,5.0
none,r6rzf77n,43,antmaze-large-play-v2,0.5862135887145996,5.0
none,r6rzf77n,44,antmaze-large-play-v2,0.5424270629882812,5.0
none,r6rzf77n,45,antmaze-large-play-v2,0.5889228582382202,5.0
none,r6rzf77n,46,antmaze-large-play-v2,0.628722071647644,5.0
none,r6rzf77n,47,antmaze-large-play-v2,0.6007790565490723,5.0
none,r6rzf77n,48,antmaze-large-play-v2,0.5198065042495728,5.0
none,r6rzf77n,49,antmaze-large-play-v2,0.5429655313491821,5.0
pbrl,c421k19g,0,antmaze-large-play-v2,0.8157058358192444,0.1
pbrl,c421k19g,1,antmaze-large-play-v2,0.7260434627532959,0.1
pbrl,c421k19g,2,antmaze-large-play-v2,0.597603440284729,0.1
pbrl,c421k19g,3,antmaze-large-play-v2,0.6240979433059692,0.1
pbrl,c421k19g,4,antmaze-large-play-v2,0.6205936670303345,0.1
pbrl,c421k19g,5,antmaze-large-play-v2,0.6515992879867554,0.1
pbrl,c421k19g,6,antmaze-large-play-v2,0.6646633744239807,0.1
pbrl,c421k19g,7,antmaze-large-play-v2,0.6502877473831177,0.1
pbrl,c421k19g,8,antmaze-large-play-v2,0.6474109292030334,0.1
pbrl,c421k19g,9,antmaze-large-play-v2,0.6970570087432861,0.1
pbrl,c421k19g,10,antmaze-large-play-v2,0.6678413152694702,0.1
pbrl,c421k19g,11,antmaze-large-play-v2,0.763451337814331,0.1
pbrl,c421k19g,12,antmaze-large-play-v2,0.7385703921318054,0.1
pbrl,c421k19g,13,antmaze-large-play-v2,0.7555309534072876,0.1
pbrl,c421k19g,14,antmaze-large-play-v2,0.7903617024421692,0.1
pbrl,c421k19g,15,antmaze-large-play-v2,0.7845697402954102,0.1
pbrl,c421k19g,16,antmaze-large-play-v2,0.744533896446228,0.1
pbrl,c421k19g,17,antmaze-large-play-v2,0.7882263660430908,0.1
pbrl,c421k19g,18,antmaze-large-play-v2,0.7800207138061523,0.1
pbrl,c421k19g,19,antmaze-large-play-v2,0.8618471026420593,0.1
pbrl,c421k19g,20,antmaze-large-play-v2,0.8278204202651978,0.1
pbrl,c421k19g,21,antmaze-large-play-v2,0.8122439384460449,0.1
pbrl,c421k19g,22,antmaze-large-play-v2,0.8487957715988159,0.1
pbrl,c421k19g,23,antmaze-large-play-v2,0.8383965492248535,0.1
pbrl,c421k19g,24,antmaze-large-play-v2,0.89908766746521,0.1
pbrl,c421k19g,25,antmaze-large-play-v2,0.8568203449249268,0.1
pbrl,c421k19g,26,antmaze-large-play-v2,0.8922520875930786,0.1
pbrl,c421k19g,27,antmaze-large-play-v2,0.8949577808380127,0.1
pbrl,c421k19g,28,antmaze-large-play-v2,0.8993035554885864,0.1
pbrl,c421k19g,29,antmaze-large-play-v2,0.8695226907730103,0.1
pbrl,c421k19g,30,antmaze-large-play-v2,0.8966405987739563,0.1
pbrl,c421k19g,31,antmaze-large-play-v2,0.9531749486923218,0.1
pbrl,c421k19g,32,antmaze-large-play-v2,0.8983063101768494,0.1
pbrl,c421k19g,33,antmaze-large-play-v2,0.9230867028236389,0.1
pbrl,c421k19g,34,antmaze-large-play-v2,0.9063445329666138,0.1
pbrl,c421k19g,35,antmaze-large-play-v2,0.957470178604126,0.1
pbrl,c421k19g,36,antmaze-large-play-v2,0.9865221977233887,0.1
pbrl,c421k19g,37,antmaze-large-play-v2,0.9585269689559937,0.1
pbrl,c421k19g,38,antmaze-large-play-v2,1.0234742164611816,0.1
pbrl,c421k19g,39,antmaze-large-play-v2,0.9666222929954529,0.1
pbrl,c421k19g,40,antmaze-large-play-v2,0.8460831642150879,0.1
pbrl,c421k19g,41,antmaze-large-play-v2,0.9501763582229614,0.1
pbrl,c421k19g,42,antmaze-large-play-v2,0.9006761312484741,0.1
pbrl,c421k19g,43,antmaze-large-play-v2,0.9779704809188843,0.1
pbrl,c421k19g,44,antmaze-large-play-v2,0.8533706665039062,0.1
pbrl,c421k19g,45,antmaze-large-play-v2,0.8714044094085693,0.1
pbrl,c421k19g,46,antmaze-large-play-v2,0.9176656007766724,0.1
pbrl,c421k19g,47,antmaze-large-play-v2,0.8642940521240234,0.1
pbrl,c421k19g,48,antmaze-large-play-v2,0.9198819398880005,0.1
pbrl,c421k19g,49,antmaze-large-play-v2,0.9352394342422485,0.1
none,d4ake0wi,0,antmaze-large-play-v2,0.8155325651168823,5.0
none,d4ake0wi,1,antmaze-large-play-v2,0.584839940071106,5.0
none,d4ake0wi,2,antmaze-large-play-v2,0.4680445194244385,5.0
none,d4ake0wi,3,antmaze-large-play-v2,0.5594497323036194,5.0
none,d4ake0wi,4,antmaze-large-play-v2,0.5131255984306335,5.0
none,d4ake0wi,5,antmaze-large-play-v2,0.516995370388031,5.0
none,d4ake0wi,6,antmaze-large-play-v2,0.4586898684501648,5.0
none,d4ake0wi,7,antmaze-large-play-v2,0.4509797692298889,5.0
none,d4ake0wi,8,antmaze-large-play-v2,0.45724207162857056,5.0
none,d4ake0wi,9,antmaze-large-play-v2,0.4548688530921936,5.0
none,d4ake0wi,10,antmaze-large-play-v2,0.4784555435180664,5.0
none,d4ake0wi,11,antmaze-large-play-v2,0.5219935178756714,5.0
none,d4ake0wi,12,antmaze-large-play-v2,0.5516469478607178,5.0
none,d4ake0wi,13,antmaze-large-play-v2,0.48319727182388306,5.0
none,d4ake0wi,14,antmaze-large-play-v2,0.5427207946777344,5.0
none,d4ake0wi,15,antmaze-large-play-v2,0.527400016784668,5.0
none,d4ake0wi,16,antmaze-large-play-v2,0.5586565732955933,5.0
none,d4ake0wi,17,antmaze-large-play-v2,0.543509840965271,5.0
none,d4ake0wi,18,antmaze-large-play-v2,0.5422263145446777,5.0
none,d4ake0wi,19,antmaze-large-play-v2,0.610322117805481,5.0
none,d4ake0wi,20,antmaze-large-play-v2,0.5477918386459351,5.0
none,d4ake0wi,21,antmaze-large-play-v2,0.6123764514923096,5.0
none,d4ake0wi,22,antmaze-large-play-v2,0.5242849588394165,5.0
none,d4ake0wi,23,antmaze-large-play-v2,0.5865915417671204,5.0
none,d4ake0wi,24,antmaze-large-play-v2,0.5713186860084534,5.0
none,d4ake0wi,25,antmaze-large-play-v2,0.5521466732025146,5.0
none,d4ake0wi,26,antmaze-large-play-v2,0.587246835231781,5.0
none,d4ake0wi,27,antmaze-large-play-v2,0.6216015815734863,5.0
none,d4ake0wi,28,antmaze-large-play-v2,0.5494043827056885,5.0
none,d4ake0wi,29,antmaze-large-play-v2,0.5790443420410156,5.0
none,d4ake0wi,30,antmaze-large-play-v2,0.5983710289001465,5.0
none,d4ake0wi,31,antmaze-large-play-v2,0.5830371379852295,5.0
none,d4ake0wi,32,antmaze-large-play-v2,0.5504336357116699,5.0
none,d4ake0wi,33,antmaze-large-play-v2,0.5671123266220093,5.0
none,d4ake0wi,34,antmaze-large-play-v2,0.6153600215911865,5.0
none,d4ake0wi,35,antmaze-large-play-v2,0.5558411478996277,5.0
none,d4ake0wi,36,antmaze-large-play-v2,0.5710583925247192,5.0
none,d4ake0wi,37,antmaze-large-play-v2,0.5838409066200256,5.0
none,d4ake0wi,38,antmaze-large-play-v2,0.5723692178726196,5.0
none,d4ake0wi,39,antmaze-large-play-v2,0.6536659002304077,5.0
none,d4ake0wi,40,antmaze-large-play-v2,0.5537899732589722,5.0
none,d4ake0wi,41,antmaze-large-play-v2,0.581619918346405,5.0
none,d4ake0wi,42,antmaze-large-play-v2,0.5177138447761536,5.0
none,d4ake0wi,43,antmaze-large-play-v2,0.5547447204589844,5.0
none,d4ake0wi,44,antmaze-large-play-v2,0.5647975206375122,5.0
none,d4ake0wi,45,antmaze-large-play-v2,0.5734708905220032,5.0
none,d4ake0wi,46,antmaze-large-play-v2,0.5345613360404968,5.0
none,d4ake0wi,47,antmaze-large-play-v2,0.594300389289856,5.0
none,d4ake0wi,48,antmaze-large-play-v2,0.5589098930358887,5.0
none,d4ake0wi,49,antmaze-large-play-v2,0.5836975574493408,5.0
pbrl,95fmrrjq,0,antmaze-large-play-v2,0.8369278907775879,0.1
pbrl,95fmrrjq,1,antmaze-large-play-v2,0.657127857208252,0.1
pbrl,95fmrrjq,2,antmaze-large-play-v2,0.648137629032135,0.1
pbrl,95fmrrjq,3,antmaze-large-play-v2,0.6062272787094116,0.1
pbrl,95fmrrjq,4,antmaze-large-play-v2,0.670819878578186,0.1
pbrl,95fmrrjq,5,antmaze-large-play-v2,0.6569869518280029,0.1
pbrl,95fmrrjq,6,antmaze-large-play-v2,0.7396934032440186,0.1
pbrl,95fmrrjq,7,antmaze-large-play-v2,0.728203296661377,0.1
pbrl,95fmrrjq,8,antmaze-large-play-v2,0.7161510586738586,0.1
pbrl,95fmrrjq,9,antmaze-large-play-v2,0.7573991417884827,0.1
pbrl,95fmrrjq,10,antmaze-large-play-v2,0.8055574893951416,0.1
pbrl,95fmrrjq,11,antmaze-large-play-v2,0.7570096254348755,0.1
pbrl,95fmrrjq,12,antmaze-large-play-v2,0.9020988941192627,0.1
pbrl,95fmrrjq,13,antmaze-large-play-v2,0.8675070405006409,0.1
pbrl,95fmrrjq,14,antmaze-large-play-v2,0.8494046926498413,0.1
pbrl,95fmrrjq,15,antmaze-large-play-v2,0.7820643782615662,0.1
pbrl,95fmrrjq,16,antmaze-large-play-v2,0.86951744556427,0.1
pbrl,95fmrrjq,17,antmaze-large-play-v2,0.8846495747566223,0.1
pbrl,95fmrrjq,18,antmaze-large-play-v2,0.8753702044487,0.1
pbrl,95fmrrjq,19,antmaze-large-play-v2,0.8864676356315613,0.1
pbrl,95fmrrjq,20,antmaze-large-play-v2,0.9631613492965698,0.1
pbrl,95fmrrjq,21,antmaze-large-play-v2,0.8691458702087402,0.1
pbrl,95fmrrjq,22,antmaze-large-play-v2,0.9320358633995056,0.1
pbrl,95fmrrjq,23,antmaze-large-play-v2,0.93380206823349,0.1
pbrl,95fmrrjq,24,antmaze-large-play-v2,0.9014095664024353,0.1
pbrl,95fmrrjq,25,antmaze-large-play-v2,0.9767576456069946,0.1
pbrl,95fmrrjq,26,antmaze-large-play-v2,0.8805249929428101,0.1
pbrl,95fmrrjq,27,antmaze-large-play-v2,0.887735903263092,0.1
pbrl,95fmrrjq,28,antmaze-large-play-v2,0.8666352033615112,0.1
pbrl,95fmrrjq,29,antmaze-large-play-v2,0.9794045686721802,0.1
pbrl,95fmrrjq,30,antmaze-large-play-v2,0.8629697561264038,0.1
pbrl,95fmrrjq,31,antmaze-large-play-v2,0.7991019487380981,0.1
pbrl,95fmrrjq,32,antmaze-large-play-v2,0.8994431495666504,0.1
pbrl,95fmrrjq,33,antmaze-large-play-v2,0.9624895453453064,0.1
pbrl,95fmrrjq,34,antmaze-large-play-v2,0.9329131841659546,0.1
pbrl,95fmrrjq,35,antmaze-large-play-v2,0.9243042469024658,0.1
pbrl,95fmrrjq,36,antmaze-large-play-v2,0.907692551612854,0.1
pbrl,95fmrrjq,37,antmaze-large-play-v2,0.961848795413971,0.1
pbrl,95fmrrjq,38,antmaze-large-play-v2,1.0097160339355469,0.1
pbrl,95fmrrjq,39,antmaze-large-play-v2,0.9655353426933289,0.1
pbrl,95fmrrjq,40,antmaze-large-play-v2,0.9356808662414551,0.1
pbrl,95fmrrjq,41,antmaze-large-play-v2,0.8946230411529541,0.1
pbrl,95fmrrjq,42,antmaze-large-play-v2,0.9481293559074402,0.1
pbrl,95fmrrjq,43,antmaze-large-play-v2,0.8618242144584656,0.1
pbrl,95fmrrjq,44,antmaze-large-play-v2,0.9093625545501709,0.1
pbrl,95fmrrjq,45,antmaze-large-play-v2,0.8818698525428772,0.1
pbrl,95fmrrjq,46,antmaze-large-play-v2,0.9180524945259094,0.1
pbrl,95fmrrjq,47,antmaze-large-play-v2,0.8622899055480957,0.1
pbrl,95fmrrjq,48,antmaze-large-play-v2,0.8970410227775574,0.1
pbrl,95fmrrjq,49,antmaze-large-play-v2,0.9708772897720337,0.1
none,v4eqvyt5,0,antmaze-large-play-v2,0.8308331966400146,5.0
none,v4eqvyt5,1,antmaze-large-play-v2,0.5677160024642944,5.0
none,v4eqvyt5,2,antmaze-large-play-v2,0.49156633019447327,5.0
none,v4eqvyt5,3,antmaze-large-play-v2,0.4946753978729248,5.0
none,v4eqvyt5,4,antmaze-large-play-v2,0.5014222860336304,5.0
none,v4eqvyt5,5,antmaze-large-play-v2,0.48390185832977295,5.0
none,v4eqvyt5,6,antmaze-large-play-v2,0.48593413829803467,5.0
none,v4eqvyt5,7,antmaze-large-play-v2,0.48057594895362854,5.0
none,v4eqvyt5,8,antmaze-large-play-v2,0.42715075612068176,5.0
none,v4eqvyt5,9,antmaze-large-play-v2,0.45857805013656616,5.0
none,v4eqvyt5,10,antmaze-large-play-v2,0.542241096496582,5.0
none,v4eqvyt5,11,antmaze-large-play-v2,0.4848170876502991,5.0
none,v4eqvyt5,12,antmaze-large-play-v2,0.5179251432418823,5.0
none,v4eqvyt5,13,antmaze-large-play-v2,0.5170192718505859,5.0
none,v4eqvyt5,14,antmaze-large-play-v2,0.5881891846656799,5.0
none,v4eqvyt5,15,antmaze-large-play-v2,0.5126189589500427,5.0
none,v4eqvyt5,16,antmaze-large-play-v2,0.5361761450767517,5.0
none,v4eqvyt5,17,antmaze-large-play-v2,0.5649384260177612,5.0
none,v4eqvyt5,18,antmaze-large-play-v2,0.5821791887283325,5.0
none,v4eqvyt5,19,antmaze-large-play-v2,0.5575075149536133,5.0
none,v4eqvyt5,20,antmaze-large-play-v2,0.5730584263801575,5.0
none,v4eqvyt5,21,antmaze-large-play-v2,0.6059448719024658,5.0
none,v4eqvyt5,22,antmaze-large-play-v2,0.6157655715942383,5.0
none,v4eqvyt5,23,antmaze-large-play-v2,0.5766376256942749,5.0
none,v4eqvyt5,24,antmaze-large-play-v2,0.6195638179779053,5.0
none,v4eqvyt5,25,antmaze-large-play-v2,0.6019036769866943,5.0
none,v4eqvyt5,26,antmaze-large-play-v2,0.6057518720626831,5.0
none,v4eqvyt5,27,antmaze-large-play-v2,0.544380247592926,5.0
none,v4eqvyt5,28,antmaze-large-play-v2,0.5699015855789185,5.0
none,v4eqvyt5,29,antmaze-large-play-v2,0.5711890459060669,5.0
none,v4eqvyt5,30,antmaze-large-play-v2,0.527357816696167,5.0
none,v4eqvyt5,31,antmaze-large-play-v2,0.5585862398147583,5.0
none,v4eqvyt5,32,antmaze-large-play-v2,0.5962817668914795,5.0
none,v4eqvyt5,33,antmaze-large-play-v2,0.5267079472541809,5.0
none,v4eqvyt5,34,antmaze-large-play-v2,0.5888895988464355,5.0
none,v4eqvyt5,35,antmaze-large-play-v2,0.5848349332809448,5.0
none,v4eqvyt5,36,antmaze-large-play-v2,0.6097593307495117,5.0
none,v4eqvyt5,37,antmaze-large-play-v2,0.6129988431930542,5.0
none,v4eqvyt5,38,antmaze-large-play-v2,0.6153950691223145,5.0
none,v4eqvyt5,39,antmaze-large-play-v2,0.5720996260643005,5.0
none,v4eqvyt5,40,antmaze-large-play-v2,0.5508393049240112,5.0
none,v4eqvyt5,41,antmaze-large-play-v2,0.5465999841690063,5.0
none,v4eqvyt5,42,antmaze-large-play-v2,0.5320326685905457,5.0
none,v4eqvyt5,43,antmaze-large-play-v2,0.5581480264663696,5.0
none,v4eqvyt5,44,antmaze-large-play-v2,0.5794966816902161,5.0
none,v4eqvyt5,45,antmaze-large-play-v2,0.5795199871063232,5.0
none,v4eqvyt5,46,antmaze-large-play-v2,0.5763511657714844,5.0
none,v4eqvyt5,47,antmaze-large-play-v2,0.556756317615509,5.0
none,v4eqvyt5,48,antmaze-large-play-v2,0.5441018342971802,5.0
none,v4eqvyt5,49,antmaze-large-play-v2,0.5537814497947693,5.0
none,9bul20jk,0,antmaze-large-play-v2,0.8114573955535889,10.0
none,9bul20jk,1,antmaze-large-play-v2,0.5891880989074707,10.0
none,9bul20jk,2,antmaze-large-play-v2,0.4904295802116394,10.0
none,9bul20jk,3,antmaze-large-play-v2,0.4740007519721985,10.0
none,9bul20jk,4,antmaze-large-play-v2,0.5082181096076965,10.0
none,9bul20jk,5,antmaze-large-play-v2,0.5231097936630249,10.0
none,9bul20jk,6,antmaze-large-play-v2,0.49080953001976013,10.0
none,9bul20jk,7,antmaze-large-play-v2,0.510842502117157,10.0
none,9bul20jk,8,antmaze-large-play-v2,0.46879813075065613,10.0
none,9bul20jk,9,antmaze-large-play-v2,0.4562244415283203,10.0
none,9bul20jk,10,antmaze-large-play-v2,0.4537564516067505,10.0
none,9bul20jk,11,antmaze-large-play-v2,0.5307825803756714,10.0
none,9bul20jk,12,antmaze-large-play-v2,0.507504940032959,10.0
none,9bul20jk,13,antmaze-large-play-v2,0.5121232271194458,10.0
none,9bul20jk,14,antmaze-large-play-v2,0.48527464270591736,10.0
none,9bul20jk,15,antmaze-large-play-v2,0.5205895304679871,10.0
none,9bul20jk,16,antmaze-large-play-v2,0.5858129262924194,10.0
none,9bul20jk,17,antmaze-large-play-v2,0.6082866787910461,10.0
none,9bul20jk,18,antmaze-large-play-v2,0.5751485824584961,10.0
none,9bul20jk,19,antmaze-large-play-v2,0.6045110821723938,10.0
none,9bul20jk,20,antmaze-large-play-v2,0.5910171270370483,10.0
none,9bul20jk,21,antmaze-large-play-v2,0.5437243580818176,10.0
none,9bul20jk,22,antmaze-large-play-v2,0.5785807371139526,10.0
none,9bul20jk,23,antmaze-large-play-v2,0.5750621557235718,10.0
none,9bul20jk,24,antmaze-large-play-v2,0.5465830564498901,10.0
none,9bul20jk,25,antmaze-large-play-v2,0.5989722013473511,10.0
none,9bul20jk,26,antmaze-large-play-v2,0.5748265981674194,10.0
none,9bul20jk,27,antmaze-large-play-v2,0.5163310766220093,10.0
none,9bul20jk,28,antmaze-large-play-v2,0.6013085842132568,10.0
none,9bul20jk,29,antmaze-large-play-v2,0.5759759545326233,10.0
none,9bul20jk,30,antmaze-large-play-v2,0.5935795307159424,10.0
none,9bul20jk,31,antmaze-large-play-v2,0.5462144613265991,10.0
none,9bul20jk,32,antmaze-large-play-v2,0.5852640867233276,10.0
none,9bul20jk,33,antmaze-large-play-v2,0.5445609092712402,10.0
none,9bul20jk,34,antmaze-large-play-v2,0.5535497665405273,10.0
none,9bul20jk,35,antmaze-large-play-v2,0.5730782151222229,10.0
none,9bul20jk,36,antmaze-large-play-v2,0.5268756151199341,10.0
none,9bul20jk,37,antmaze-large-play-v2,0.5461609363555908,10.0
none,9bul20jk,38,antmaze-large-play-v2,0.5141806602478027,10.0
none,9bul20jk,39,antmaze-large-play-v2,0.5624462962150574,10.0
none,9bul20jk,40,antmaze-large-play-v2,0.6215367317199707,10.0
none,9bul20jk,41,antmaze-large-play-v2,0.5137073993682861,10.0
none,9bul20jk,42,antmaze-large-play-v2,0.5656753778457642,10.0
none,9bul20jk,43,antmaze-large-play-v2,0.5474154949188232,10.0
none,9bul20jk,44,antmaze-large-play-v2,0.5164374113082886,10.0
none,9bul20jk,45,antmaze-large-play-v2,0.5491242408752441,10.0
none,9bul20jk,46,antmaze-large-play-v2,0.5677477717399597,10.0
none,9bul20jk,47,antmaze-large-play-v2,0.5206534266471863,10.0
none,9bul20jk,48,antmaze-large-play-v2,0.5720324516296387,10.0
none,9bul20jk,49,antmaze-large-play-v2,0.525689959526062,10.0
msg,idtruoyj,0,antmaze-large-diverse-v2,1.0678884983062744,0.1
msg,idtruoyj,1,antmaze-large-diverse-v2,1.161978006362915,0.1
msg,idtruoyj,2,antmaze-large-diverse-v2,1.0014879703521729,0.1
msg,idtruoyj,3,antmaze-large-diverse-v2,0.9445579051971436,0.1
msg,idtruoyj,4,antmaze-large-diverse-v2,0.8546980619430542,0.1
msg,idtruoyj,5,antmaze-large-diverse-v2,0.8388997912406921,0.1
msg,idtruoyj,6,antmaze-large-diverse-v2,0.6962144374847412,0.1
msg,idtruoyj,7,antmaze-large-diverse-v2,0.5799782872200012,0.1
msg,idtruoyj,8,antmaze-large-diverse-v2,0.5693455934524536,0.1
msg,idtruoyj,9,antmaze-large-diverse-v2,0.5160968899726868,0.1
msg,idtruoyj,10,antmaze-large-diverse-v2,0.5327216386795044,0.1
msg,idtruoyj,11,antmaze-large-diverse-v2,0.4549747705459595,0.1
msg,idtruoyj,12,antmaze-large-diverse-v2,0.5084270238876343,0.1
msg,idtruoyj,13,antmaze-large-diverse-v2,0.4725016951560974,0.1
msg,idtruoyj,14,antmaze-large-diverse-v2,0.46563035249710083,0.1
msg,idtruoyj,15,antmaze-large-diverse-v2,0.47053956985473633,0.1
msg,idtruoyj,16,antmaze-large-diverse-v2,0.4409671425819397,0.1
msg,idtruoyj,17,antmaze-large-diverse-v2,0.4663431942462921,0.1
msg,idtruoyj,18,antmaze-large-diverse-v2,0.4605094790458679,0.1
msg,idtruoyj,19,antmaze-large-diverse-v2,0.45067116618156433,0.1
msg,idtruoyj,20,antmaze-large-diverse-v2,0.46687352657318115,0.1
msg,idtruoyj,21,antmaze-large-diverse-v2,0.46418121457099915,0.1
msg,idtruoyj,22,antmaze-large-diverse-v2,0.4311012923717499,0.1
msg,idtruoyj,23,antmaze-large-diverse-v2,0.4407775104045868,0.1
msg,idtruoyj,24,antmaze-large-diverse-v2,0.4343075752258301,0.1
msg,idtruoyj,25,antmaze-large-diverse-v2,0.45494258403778076,0.1
msg,idtruoyj,26,antmaze-large-diverse-v2,0.4632780849933624,0.1
msg,idtruoyj,27,antmaze-large-diverse-v2,0.4383479356765747,0.1
msg,idtruoyj,28,antmaze-large-diverse-v2,0.45535561442375183,0.1
msg,idtruoyj,29,antmaze-large-diverse-v2,0.4415227770805359,0.1
msg,idtruoyj,30,antmaze-large-diverse-v2,0.4947128891944885,0.1
msg,idtruoyj,31,antmaze-large-diverse-v2,0.4275315999984741,0.1
msg,idtruoyj,32,antmaze-large-diverse-v2,0.4186451733112335,0.1
msg,idtruoyj,33,antmaze-large-diverse-v2,0.4448409378528595,0.1
msg,idtruoyj,34,antmaze-large-diverse-v2,0.47436022758483887,0.1
msg,idtruoyj,35,antmaze-large-diverse-v2,0.4252106547355652,0.1
msg,idtruoyj,36,antmaze-large-diverse-v2,0.46628254652023315,0.1
msg,idtruoyj,37,antmaze-large-diverse-v2,0.4145395755767822,0.1
msg,idtruoyj,38,antmaze-large-diverse-v2,0.43996185064315796,0.1
msg,idtruoyj,39,antmaze-large-diverse-v2,0.41097167134284973,0.1
msg,idtruoyj,40,antmaze-large-diverse-v2,0.4370979070663452,0.1
msg,idtruoyj,41,antmaze-large-diverse-v2,0.48207634687423706,0.1
msg,idtruoyj,42,antmaze-large-diverse-v2,0.4472375512123108,0.1
msg,idtruoyj,43,antmaze-large-diverse-v2,0.4032905101776123,0.1
msg,idtruoyj,44,antmaze-large-diverse-v2,0.43179216980934143,0.1
msg,idtruoyj,45,antmaze-large-diverse-v2,0.41002294421195984,0.1
msg,idtruoyj,46,antmaze-large-diverse-v2,0.4381079077720642,0.1
msg,idtruoyj,47,antmaze-large-diverse-v2,0.4020336866378784,0.1
msg,idtruoyj,48,antmaze-large-diverse-v2,0.4316636919975281,0.1
msg,idtruoyj,49,antmaze-large-diverse-v2,0.4367011785507202,0.1
none,yr4kero3,0,antmaze-large-play-v2,0.8272888660430908,10.0
none,yr4kero3,1,antmaze-large-play-v2,0.5400213003158569,10.0
none,yr4kero3,2,antmaze-large-play-v2,0.4296550452709198,10.0
none,yr4kero3,3,antmaze-large-play-v2,0.48429062962532043,10.0
none,yr4kero3,4,antmaze-large-play-v2,0.45049959421157837,10.0
none,yr4kero3,5,antmaze-large-play-v2,0.47713106870651245,10.0
none,yr4kero3,6,antmaze-large-play-v2,0.5004281401634216,10.0
none,yr4kero3,7,antmaze-large-play-v2,0.4695580303668976,10.0
none,yr4kero3,8,antmaze-large-play-v2,0.4200553894042969,10.0
none,yr4kero3,9,antmaze-large-play-v2,0.5045886039733887,10.0
none,yr4kero3,10,antmaze-large-play-v2,0.485177218914032,10.0
none,yr4kero3,11,antmaze-large-play-v2,0.5081326961517334,10.0
none,yr4kero3,12,antmaze-large-play-v2,0.5147981643676758,10.0
none,yr4kero3,13,antmaze-large-play-v2,0.5699536204338074,10.0
none,yr4kero3,14,antmaze-large-play-v2,0.5247225761413574,10.0
none,yr4kero3,15,antmaze-large-play-v2,0.557016134262085,10.0
none,yr4kero3,16,antmaze-large-play-v2,0.5388768315315247,10.0
none,yr4kero3,17,antmaze-large-play-v2,0.5019661784172058,10.0
none,yr4kero3,18,antmaze-large-play-v2,0.5732811689376831,10.0
none,yr4kero3,19,antmaze-large-play-v2,0.5339031219482422,10.0
none,yr4kero3,20,antmaze-large-play-v2,0.5722743272781372,10.0
none,yr4kero3,21,antmaze-large-play-v2,0.590936005115509,10.0
none,yr4kero3,22,antmaze-large-play-v2,0.5971965193748474,10.0
none,yr4kero3,23,antmaze-large-play-v2,0.6251219511032104,10.0
none,yr4kero3,24,antmaze-large-play-v2,0.5873427391052246,10.0
none,yr4kero3,25,antmaze-large-play-v2,0.6056226491928101,10.0
none,yr4kero3,26,antmaze-large-play-v2,0.4678163230419159,10.0
none,yr4kero3,27,antmaze-large-play-v2,0.5910714864730835,10.0
none,yr4kero3,28,antmaze-large-play-v2,0.5771579742431641,10.0
none,yr4kero3,29,antmaze-large-play-v2,0.5829708576202393,10.0
none,yr4kero3,30,antmaze-large-play-v2,0.5788535475730896,10.0
none,yr4kero3,31,antmaze-large-play-v2,0.6146821975708008,10.0
none,yr4kero3,32,antmaze-large-play-v2,0.5752657651901245,10.0
none,yr4kero3,33,antmaze-large-play-v2,0.6026573181152344,10.0
none,yr4kero3,34,antmaze-large-play-v2,0.5940464735031128,10.0
none,yr4kero3,35,antmaze-large-play-v2,0.595871090888977,10.0
none,yr4kero3,36,antmaze-large-play-v2,0.6165177822113037,10.0
none,yr4kero3,37,antmaze-large-play-v2,0.5484896898269653,10.0
none,yr4kero3,38,antmaze-large-play-v2,0.562700629234314,10.0
none,yr4kero3,39,antmaze-large-play-v2,0.5690909624099731,10.0
none,yr4kero3,40,antmaze-large-play-v2,0.5739243030548096,10.0
none,yr4kero3,41,antmaze-large-play-v2,0.5221764445304871,10.0
none,yr4kero3,42,antmaze-large-play-v2,0.6199185848236084,10.0
none,yr4kero3,43,antmaze-large-play-v2,0.6036494970321655,10.0
none,yr4kero3,44,antmaze-large-play-v2,0.5696174502372742,10.0
none,yr4kero3,45,antmaze-large-play-v2,0.5619924664497375,10.0
none,yr4kero3,46,antmaze-large-play-v2,0.6357313394546509,10.0
none,yr4kero3,47,antmaze-large-play-v2,0.5796286463737488,10.0
none,yr4kero3,48,antmaze-large-play-v2,0.585639238357544,10.0
none,yr4kero3,49,antmaze-large-play-v2,0.5885627269744873,10.0
msg,gknp3ggi,0,antmaze-large-diverse-v2,1.1076959371566772,0.1
msg,gknp3ggi,1,antmaze-large-diverse-v2,1.0854227542877197,0.1
msg,gknp3ggi,2,antmaze-large-diverse-v2,1.002472162246704,0.1
msg,gknp3ggi,3,antmaze-large-diverse-v2,0.98414146900177,0.1
msg,gknp3ggi,4,antmaze-large-diverse-v2,0.8838035464286804,0.1
msg,gknp3ggi,5,antmaze-large-diverse-v2,0.8541929721832275,0.1
msg,gknp3ggi,6,antmaze-large-diverse-v2,0.7443393468856812,0.1
msg,gknp3ggi,7,antmaze-large-diverse-v2,0.6474589109420776,0.1
msg,gknp3ggi,8,antmaze-large-diverse-v2,0.6067508459091187,0.1
msg,gknp3ggi,9,antmaze-large-diverse-v2,0.5602695941925049,0.1
msg,gknp3ggi,10,antmaze-large-diverse-v2,0.51624596118927,0.1
msg,gknp3ggi,11,antmaze-large-diverse-v2,0.4775312542915344,0.1
msg,gknp3ggi,12,antmaze-large-diverse-v2,0.5422547459602356,0.1
msg,gknp3ggi,13,antmaze-large-diverse-v2,0.5365715622901917,0.1
msg,gknp3ggi,14,antmaze-large-diverse-v2,0.4809088706970215,0.1
msg,gknp3ggi,15,antmaze-large-diverse-v2,0.47797179222106934,0.1
msg,gknp3ggi,16,antmaze-large-diverse-v2,0.5028284788131714,0.1
msg,gknp3ggi,17,antmaze-large-diverse-v2,0.47985947132110596,0.1
msg,gknp3ggi,18,antmaze-large-diverse-v2,0.5036346912384033,0.1
msg,gknp3ggi,19,antmaze-large-diverse-v2,0.4545949399471283,0.1
msg,gknp3ggi,20,antmaze-large-diverse-v2,0.47018563747406006,0.1
msg,gknp3ggi,21,antmaze-large-diverse-v2,0.4249609708786011,0.1
msg,gknp3ggi,22,antmaze-large-diverse-v2,0.4814460873603821,0.1
msg,gknp3ggi,23,antmaze-large-diverse-v2,0.4488728940486908,0.1
msg,gknp3ggi,24,antmaze-large-diverse-v2,0.4653169512748718,0.1
msg,gknp3ggi,25,antmaze-large-diverse-v2,0.5160690546035767,0.1
msg,gknp3ggi,26,antmaze-large-diverse-v2,0.47461751103401184,0.1
msg,gknp3ggi,27,antmaze-large-diverse-v2,0.4771096706390381,0.1
msg,gknp3ggi,28,antmaze-large-diverse-v2,0.4528709053993225,0.1
msg,gknp3ggi,29,antmaze-large-diverse-v2,0.4620704650878906,0.1
msg,gknp3ggi,30,antmaze-large-diverse-v2,0.4221058189868927,0.1
msg,gknp3ggi,31,antmaze-large-diverse-v2,0.47642844915390015,0.1
msg,gknp3ggi,32,antmaze-large-diverse-v2,0.47309958934783936,0.1
msg,gknp3ggi,33,antmaze-large-diverse-v2,0.4237777590751648,0.1
msg,gknp3ggi,34,antmaze-large-diverse-v2,0.4598315358161926,0.1
msg,gknp3ggi,35,antmaze-large-diverse-v2,0.44166120886802673,0.1
msg,gknp3ggi,36,antmaze-large-diverse-v2,0.47501176595687866,0.1
msg,gknp3ggi,37,antmaze-large-diverse-v2,0.4377639889717102,0.1
msg,gknp3ggi,38,antmaze-large-diverse-v2,0.4602571129798889,0.1
msg,gknp3ggi,39,antmaze-large-diverse-v2,0.4625694751739502,0.1
msg,gknp3ggi,40,antmaze-large-diverse-v2,0.48933541774749756,0.1
msg,gknp3ggi,41,antmaze-large-diverse-v2,0.4620247483253479,0.1
msg,gknp3ggi,42,antmaze-large-diverse-v2,0.4469574987888336,0.1
msg,gknp3ggi,43,antmaze-large-diverse-v2,0.4668719172477722,0.1
msg,gknp3ggi,44,antmaze-large-diverse-v2,0.4459685683250427,0.1
msg,gknp3ggi,45,antmaze-large-diverse-v2,0.4299551546573639,0.1
msg,gknp3ggi,46,antmaze-large-diverse-v2,0.46259188652038574,0.1
msg,gknp3ggi,47,antmaze-large-diverse-v2,0.41716015338897705,0.1
msg,gknp3ggi,48,antmaze-large-diverse-v2,0.4134390354156494,0.1
msg,gknp3ggi,49,antmaze-large-diverse-v2,0.416523814201355,0.1
none,v9qsah8m,0,antmaze-large-play-v2,0.7854931354522705,10.0
none,v9qsah8m,1,antmaze-large-play-v2,0.5428729057312012,10.0
none,v9qsah8m,2,antmaze-large-play-v2,0.48101353645324707,10.0
none,v9qsah8m,3,antmaze-large-play-v2,0.4702194333076477,10.0
none,v9qsah8m,4,antmaze-large-play-v2,0.4821268916130066,10.0
none,v9qsah8m,5,antmaze-large-play-v2,0.4508490562438965,10.0
none,v9qsah8m,6,antmaze-large-play-v2,0.4986814856529236,10.0
none,v9qsah8m,7,antmaze-large-play-v2,0.472391277551651,10.0
none,v9qsah8m,8,antmaze-large-play-v2,0.4939868450164795,10.0
none,v9qsah8m,9,antmaze-large-play-v2,0.5067382454872131,10.0
none,v9qsah8m,10,antmaze-large-play-v2,0.4870670735836029,10.0
none,v9qsah8m,11,antmaze-large-play-v2,0.5105812549591064,10.0
none,v9qsah8m,12,antmaze-large-play-v2,0.5529276132583618,10.0
none,v9qsah8m,13,antmaze-large-play-v2,0.5233352184295654,10.0
none,v9qsah8m,14,antmaze-large-play-v2,0.5520718693733215,10.0
none,v9qsah8m,15,antmaze-large-play-v2,0.590678870677948,10.0
none,v9qsah8m,16,antmaze-large-play-v2,0.5720255374908447,10.0
none,v9qsah8m,17,antmaze-large-play-v2,0.5897536277770996,10.0
none,v9qsah8m,18,antmaze-large-play-v2,0.5846303701400757,10.0
none,v9qsah8m,19,antmaze-large-play-v2,0.5258219242095947,10.0
none,v9qsah8m,20,antmaze-large-play-v2,0.5634264349937439,10.0
none,v9qsah8m,21,antmaze-large-play-v2,0.5939453840255737,10.0
none,v9qsah8m,22,antmaze-large-play-v2,0.5498239994049072,10.0
none,v9qsah8m,23,antmaze-large-play-v2,0.5504511594772339,10.0
none,v9qsah8m,24,antmaze-large-play-v2,0.5563104152679443,10.0
none,v9qsah8m,25,antmaze-large-play-v2,0.5918921232223511,10.0
none,v9qsah8m,26,antmaze-large-play-v2,0.5717560648918152,10.0
none,v9qsah8m,27,antmaze-large-play-v2,0.5834739208221436,10.0
none,v9qsah8m,28,antmaze-large-play-v2,0.5260721445083618,10.0
none,v9qsah8m,29,antmaze-large-play-v2,0.5803760290145874,10.0
none,v9qsah8m,30,antmaze-large-play-v2,0.5820214748382568,10.0
none,v9qsah8m,31,antmaze-large-play-v2,0.5957551598548889,10.0
none,v9qsah8m,32,antmaze-large-play-v2,0.5465161800384521,10.0
none,v9qsah8m,33,antmaze-large-play-v2,0.519033670425415,10.0
none,v9qsah8m,34,antmaze-large-play-v2,0.598838210105896,10.0
none,v9qsah8m,35,antmaze-large-play-v2,0.5328929424285889,10.0
none,v9qsah8m,36,antmaze-large-play-v2,0.535668134689331,10.0
none,v9qsah8m,37,antmaze-large-play-v2,0.5657294392585754,10.0
none,v9qsah8m,38,antmaze-large-play-v2,0.5960431694984436,10.0
none,v9qsah8m,39,antmaze-large-play-v2,0.6375619173049927,10.0
none,v9qsah8m,40,antmaze-large-play-v2,0.5731350183486938,10.0
none,v9qsah8m,41,antmaze-large-play-v2,0.6286807656288147,10.0
none,v9qsah8m,42,antmaze-large-play-v2,0.5742812156677246,10.0
none,v9qsah8m,43,antmaze-large-play-v2,0.5538315773010254,10.0
none,v9qsah8m,44,antmaze-large-play-v2,0.5643895864486694,10.0
none,v9qsah8m,45,antmaze-large-play-v2,0.6029095649719238,10.0
none,v9qsah8m,46,antmaze-large-play-v2,0.6304887533187866,10.0
none,v9qsah8m,47,antmaze-large-play-v2,0.599653959274292,10.0
none,v9qsah8m,48,antmaze-large-play-v2,0.535314679145813,10.0
none,v9qsah8m,49,antmaze-large-play-v2,0.5546100735664368,10.0
msg,q52yc8r1,0,antmaze-large-diverse-v2,1.085386037826538,0.1
msg,q52yc8r1,1,antmaze-large-diverse-v2,1.1268165111541748,0.1
msg,q52yc8r1,2,antmaze-large-diverse-v2,1.1031689643859863,0.1
msg,q52yc8r1,3,antmaze-large-diverse-v2,0.9457868933677673,0.1
msg,q52yc8r1,4,antmaze-large-diverse-v2,0.9943368434906006,0.1
msg,q52yc8r1,5,antmaze-large-diverse-v2,0.852939248085022,0.1
msg,q52yc8r1,6,antmaze-large-diverse-v2,0.7973217964172363,0.1
msg,q52yc8r1,7,antmaze-large-diverse-v2,0.6798275113105774,0.1
msg,q52yc8r1,8,antmaze-large-diverse-v2,0.590518593788147,0.1
msg,q52yc8r1,9,antmaze-large-diverse-v2,0.5105637311935425,0.1
msg,q52yc8r1,10,antmaze-large-diverse-v2,0.5273666381835938,0.1
msg,q52yc8r1,11,antmaze-large-diverse-v2,0.4144880473613739,0.1
msg,q52yc8r1,12,antmaze-large-diverse-v2,0.5197451114654541,0.1
msg,q52yc8r1,13,antmaze-large-diverse-v2,0.47083428502082825,0.1
msg,q52yc8r1,14,antmaze-large-diverse-v2,0.4882330894470215,0.1
msg,q52yc8r1,15,antmaze-large-diverse-v2,0.4824947714805603,0.1
msg,q52yc8r1,16,antmaze-large-diverse-v2,0.4482489228248596,0.1
msg,q52yc8r1,17,antmaze-large-diverse-v2,0.48730769753456116,0.1
msg,q52yc8r1,18,antmaze-large-diverse-v2,0.47716161608695984,0.1
msg,q52yc8r1,19,antmaze-large-diverse-v2,0.45317336916923523,0.1
msg,q52yc8r1,20,antmaze-large-diverse-v2,0.4287559986114502,0.1
msg,q52yc8r1,21,antmaze-large-diverse-v2,0.4201182425022125,0.1
msg,q52yc8r1,22,antmaze-large-diverse-v2,0.4627937078475952,0.1
msg,q52yc8r1,23,antmaze-large-diverse-v2,0.485970675945282,0.1
msg,q52yc8r1,24,antmaze-large-diverse-v2,0.42993223667144775,0.1
msg,q52yc8r1,25,antmaze-large-diverse-v2,0.45713675022125244,0.1
msg,q52yc8r1,26,antmaze-large-diverse-v2,0.40892794728279114,0.1
msg,q52yc8r1,27,antmaze-large-diverse-v2,0.4191785156726837,0.1
msg,q52yc8r1,28,antmaze-large-diverse-v2,0.4167829155921936,0.1
msg,q52yc8r1,29,antmaze-large-diverse-v2,0.4448157846927643,0.1
msg,q52yc8r1,30,antmaze-large-diverse-v2,0.4273677468299866,0.1
msg,q52yc8r1,31,antmaze-large-diverse-v2,0.4743114709854126,0.1
msg,q52yc8r1,32,antmaze-large-diverse-v2,0.43600255250930786,0.1
msg,q52yc8r1,33,antmaze-large-diverse-v2,0.4385070204734802,0.1
msg,q52yc8r1,34,antmaze-large-diverse-v2,0.44687989354133606,0.1
msg,q52yc8r1,35,antmaze-large-diverse-v2,0.40078240633010864,0.1
msg,q52yc8r1,36,antmaze-large-diverse-v2,0.4026535153388977,0.1
msg,q52yc8r1,37,antmaze-large-diverse-v2,0.4235164523124695,0.1
msg,q52yc8r1,38,antmaze-large-diverse-v2,0.44219160079956055,0.1
msg,q52yc8r1,39,antmaze-large-diverse-v2,0.41969865560531616,0.1
msg,q52yc8r1,40,antmaze-large-diverse-v2,0.3958791196346283,0.1
msg,q52yc8r1,41,antmaze-large-diverse-v2,0.4181819260120392,0.1
msg,q52yc8r1,42,antmaze-large-diverse-v2,0.40643879771232605,0.1
msg,q52yc8r1,43,antmaze-large-diverse-v2,0.4429655075073242,0.1
msg,q52yc8r1,44,antmaze-large-diverse-v2,0.4364801049232483,0.1
msg,q52yc8r1,45,antmaze-large-diverse-v2,0.4306488037109375,0.1
msg,q52yc8r1,46,antmaze-large-diverse-v2,0.4011133909225464,0.1
msg,q52yc8r1,47,antmaze-large-diverse-v2,0.42579352855682373,0.1
msg,q52yc8r1,48,antmaze-large-diverse-v2,0.37765395641326904,0.1
msg,q52yc8r1,49,antmaze-large-diverse-v2,0.4150252044200897,0.1
none,m2ziwfar,0,antmaze-large-play-v2,0.8230890035629272,10.0
none,m2ziwfar,1,antmaze-large-play-v2,0.5984756946563721,10.0
none,m2ziwfar,2,antmaze-large-play-v2,0.4530808925628662,10.0
none,m2ziwfar,3,antmaze-large-play-v2,0.549476683139801,10.0
none,m2ziwfar,4,antmaze-large-play-v2,0.5362831354141235,10.0
none,m2ziwfar,5,antmaze-large-play-v2,0.5362430214881897,10.0
none,m2ziwfar,6,antmaze-large-play-v2,0.5185441970825195,10.0
none,m2ziwfar,7,antmaze-large-play-v2,0.4829145073890686,10.0
none,m2ziwfar,8,antmaze-large-play-v2,0.4863419532775879,10.0
none,m2ziwfar,9,antmaze-large-play-v2,0.4561343193054199,10.0
none,m2ziwfar,10,antmaze-large-play-v2,0.4547058343887329,10.0
none,m2ziwfar,11,antmaze-large-play-v2,0.49511969089508057,10.0
none,m2ziwfar,12,antmaze-large-play-v2,0.5721868872642517,10.0
none,m2ziwfar,13,antmaze-large-play-v2,0.5062063932418823,10.0
none,m2ziwfar,14,antmaze-large-play-v2,0.5500496029853821,10.0
none,m2ziwfar,15,antmaze-large-play-v2,0.5305408239364624,10.0
none,m2ziwfar,16,antmaze-large-play-v2,0.5436164140701294,10.0
none,m2ziwfar,17,antmaze-large-play-v2,0.5567271709442139,10.0
none,m2ziwfar,18,antmaze-large-play-v2,0.5510857701301575,10.0
none,m2ziwfar,19,antmaze-large-play-v2,0.5989435911178589,10.0
none,m2ziwfar,20,antmaze-large-play-v2,0.5287493467330933,10.0
none,m2ziwfar,21,antmaze-large-play-v2,0.6026796102523804,10.0
none,m2ziwfar,22,antmaze-large-play-v2,0.5391212105751038,10.0
none,m2ziwfar,23,antmaze-large-play-v2,0.5712111592292786,10.0
none,m2ziwfar,24,antmaze-large-play-v2,0.5481308698654175,10.0
none,m2ziwfar,25,antmaze-large-play-v2,0.5624071955680847,10.0
none,m2ziwfar,26,antmaze-large-play-v2,0.5531942844390869,10.0
none,m2ziwfar,27,antmaze-large-play-v2,0.6070190668106079,10.0
none,m2ziwfar,28,antmaze-large-play-v2,0.5575926303863525,10.0
none,m2ziwfar,29,antmaze-large-play-v2,0.5407394170761108,10.0
none,m2ziwfar,30,antmaze-large-play-v2,0.5880869030952454,10.0
none,m2ziwfar,31,antmaze-large-play-v2,0.5527892708778381,10.0
none,m2ziwfar,32,antmaze-large-play-v2,0.5336171388626099,10.0
none,m2ziwfar,33,antmaze-large-play-v2,0.558297336101532,10.0
none,m2ziwfar,34,antmaze-large-play-v2,0.5747677087783813,10.0
none,m2ziwfar,35,antmaze-large-play-v2,0.4992406666278839,10.0
none,m2ziwfar,36,antmaze-large-play-v2,0.5620655417442322,10.0
none,m2ziwfar,37,antmaze-large-play-v2,0.569308876991272,10.0
none,m2ziwfar,38,antmaze-large-play-v2,0.533820390701294,10.0
none,m2ziwfar,39,antmaze-large-play-v2,0.6119288206100464,10.0
none,m2ziwfar,40,antmaze-large-play-v2,0.5300344228744507,10.0
none,m2ziwfar,41,antmaze-large-play-v2,0.5646202564239502,10.0
none,m2ziwfar,42,antmaze-large-play-v2,0.5249534249305725,10.0
none,m2ziwfar,43,antmaze-large-play-v2,0.5783898830413818,10.0
none,m2ziwfar,44,antmaze-large-play-v2,0.5649738311767578,10.0
none,m2ziwfar,45,antmaze-large-play-v2,0.5487709045410156,10.0
none,m2ziwfar,46,antmaze-large-play-v2,0.5292482972145081,10.0
none,m2ziwfar,47,antmaze-large-play-v2,0.5801388621330261,10.0
none,m2ziwfar,48,antmaze-large-play-v2,0.5759440660476685,10.0
none,m2ziwfar,49,antmaze-large-play-v2,0.5737614035606384,10.0
msg,0183h9e1,0,antmaze-large-diverse-v2,1.1111937761306763,0.1
msg,0183h9e1,1,antmaze-large-diverse-v2,1.086639642715454,0.1
msg,0183h9e1,2,antmaze-large-diverse-v2,1.0199179649353027,0.1
msg,0183h9e1,3,antmaze-large-diverse-v2,0.9313691258430481,0.1
msg,0183h9e1,4,antmaze-large-diverse-v2,0.9100229740142822,0.1
msg,0183h9e1,5,antmaze-large-diverse-v2,0.8972340822219849,0.1
msg,0183h9e1,6,antmaze-large-diverse-v2,0.7615832686424255,0.1
msg,0183h9e1,7,antmaze-large-diverse-v2,0.6974209547042847,0.1
msg,0183h9e1,8,antmaze-large-diverse-v2,0.5920764207839966,0.1
msg,0183h9e1,9,antmaze-large-diverse-v2,0.5256234407424927,0.1
msg,0183h9e1,10,antmaze-large-diverse-v2,0.5127465128898621,0.1
msg,0183h9e1,11,antmaze-large-diverse-v2,0.4427311420440674,0.1
msg,0183h9e1,12,antmaze-large-diverse-v2,0.48935383558273315,0.1
msg,0183h9e1,13,antmaze-large-diverse-v2,0.4587107300758362,0.1
msg,0183h9e1,14,antmaze-large-diverse-v2,0.4488266706466675,0.1
msg,0183h9e1,15,antmaze-large-diverse-v2,0.4919300377368927,0.1
msg,0183h9e1,16,antmaze-large-diverse-v2,0.4909376800060272,0.1
msg,0183h9e1,17,antmaze-large-diverse-v2,0.4330499768257141,0.1
msg,0183h9e1,18,antmaze-large-diverse-v2,0.47805947065353394,0.1
msg,0183h9e1,19,antmaze-large-diverse-v2,0.41009262204170227,0.1
msg,0183h9e1,20,antmaze-large-diverse-v2,0.40721338987350464,0.1
msg,0183h9e1,21,antmaze-large-diverse-v2,0.424888551235199,0.1
msg,0183h9e1,22,antmaze-large-diverse-v2,0.43274182081222534,0.1
msg,0183h9e1,23,antmaze-large-diverse-v2,0.4358234703540802,0.1
msg,0183h9e1,24,antmaze-large-diverse-v2,0.45750361680984497,0.1
msg,0183h9e1,25,antmaze-large-diverse-v2,0.46101313829421997,0.1
msg,0183h9e1,26,antmaze-large-diverse-v2,0.4194742441177368,0.1
msg,0183h9e1,27,antmaze-large-diverse-v2,0.423733115196228,0.1
msg,0183h9e1,28,antmaze-large-diverse-v2,0.44972503185272217,0.1
msg,0183h9e1,29,antmaze-large-diverse-v2,0.4212194085121155,0.1
msg,0183h9e1,30,antmaze-large-diverse-v2,0.40228861570358276,0.1
msg,0183h9e1,31,antmaze-large-diverse-v2,0.424016535282135,0.1
msg,0183h9e1,32,antmaze-large-diverse-v2,0.38524100184440613,0.1
msg,0183h9e1,33,antmaze-large-diverse-v2,0.3909047245979309,0.1
msg,0183h9e1,34,antmaze-large-diverse-v2,0.4340693950653076,0.1
msg,0183h9e1,35,antmaze-large-diverse-v2,0.3819955885410309,0.1
msg,0183h9e1,36,antmaze-large-diverse-v2,0.41439834237098694,0.1
msg,0183h9e1,37,antmaze-large-diverse-v2,0.422509104013443,0.1
msg,0183h9e1,38,antmaze-large-diverse-v2,0.409544974565506,0.1
msg,0183h9e1,39,antmaze-large-diverse-v2,0.4249360263347626,0.1
msg,0183h9e1,40,antmaze-large-diverse-v2,0.41258561611175537,0.1
msg,0183h9e1,41,antmaze-large-diverse-v2,0.40654540061950684,0.1
msg,0183h9e1,42,antmaze-large-diverse-v2,0.39272117614746094,0.1
msg,0183h9e1,43,antmaze-large-diverse-v2,0.4020386338233948,0.1
msg,0183h9e1,44,antmaze-large-diverse-v2,0.4005277156829834,0.1
msg,0183h9e1,45,antmaze-large-diverse-v2,0.46365439891815186,0.1
msg,0183h9e1,46,antmaze-large-diverse-v2,0.40326887369155884,0.1
msg,0183h9e1,47,antmaze-large-diverse-v2,0.4329177141189575,0.1
msg,0183h9e1,48,antmaze-large-diverse-v2,0.4112691879272461,0.1
msg,0183h9e1,49,antmaze-large-diverse-v2,0.37813037633895874,0.1
none,5iszxqnu,0,antmaze-large-play-v2,0.8142148852348328,10.0
none,5iszxqnu,1,antmaze-large-play-v2,0.6027531623840332,10.0
none,5iszxqnu,2,antmaze-large-play-v2,0.5189485549926758,10.0
none,5iszxqnu,3,antmaze-large-play-v2,0.5022802352905273,10.0
none,5iszxqnu,4,antmaze-large-play-v2,0.5114744305610657,10.0
none,5iszxqnu,5,antmaze-large-play-v2,0.5083080530166626,10.0
none,5iszxqnu,6,antmaze-large-play-v2,0.5251703262329102,10.0
none,5iszxqnu,7,antmaze-large-play-v2,0.5329365134239197,10.0
none,5iszxqnu,8,antmaze-large-play-v2,0.44859951734542847,10.0
none,5iszxqnu,9,antmaze-large-play-v2,0.46789929270744324,10.0
none,5iszxqnu,10,antmaze-large-play-v2,0.5461879372596741,10.0
none,5iszxqnu,11,antmaze-large-play-v2,0.49096807837486267,10.0
none,5iszxqnu,12,antmaze-large-play-v2,0.4953456223011017,10.0
none,5iszxqnu,13,antmaze-large-play-v2,0.49382856488227844,10.0
none,5iszxqnu,14,antmaze-large-play-v2,0.5718953609466553,10.0
none,5iszxqnu,15,antmaze-large-play-v2,0.5422689318656921,10.0
none,5iszxqnu,16,antmaze-large-play-v2,0.5552178621292114,10.0
none,5iszxqnu,17,antmaze-large-play-v2,0.5555999875068665,10.0
none,5iszxqnu,18,antmaze-large-play-v2,0.5940241813659668,10.0
none,5iszxqnu,19,antmaze-large-play-v2,0.5835494995117188,10.0
none,5iszxqnu,20,antmaze-large-play-v2,0.6012783050537109,10.0
none,5iszxqnu,21,antmaze-large-play-v2,0.601786732673645,10.0
none,5iszxqnu,22,antmaze-large-play-v2,0.6085119843482971,10.0
none,5iszxqnu,23,antmaze-large-play-v2,0.5786679983139038,10.0
none,5iszxqnu,24,antmaze-large-play-v2,0.6095246076583862,10.0
none,5iszxqnu,25,antmaze-large-play-v2,0.6313126087188721,10.0
none,5iszxqnu,26,antmaze-large-play-v2,0.606966495513916,10.0
none,5iszxqnu,27,antmaze-large-play-v2,0.5533358454704285,10.0
none,5iszxqnu,28,antmaze-large-play-v2,0.5548040270805359,10.0
none,5iszxqnu,29,antmaze-large-play-v2,0.5892887115478516,10.0
none,5iszxqnu,30,antmaze-large-play-v2,0.5419557094573975,10.0
none,5iszxqnu,31,antmaze-large-play-v2,0.5587551593780518,10.0
none,5iszxqnu,32,antmaze-large-play-v2,0.5762486457824707,10.0
none,5iszxqnu,33,antmaze-large-play-v2,0.5320116877555847,10.0
none,5iszxqnu,34,antmaze-large-play-v2,0.5918616652488708,10.0
none,5iszxqnu,35,antmaze-large-play-v2,0.5698987245559692,10.0
none,5iszxqnu,36,antmaze-large-play-v2,0.6206034421920776,10.0
none,5iszxqnu,37,antmaze-large-play-v2,0.5909384489059448,10.0
none,5iszxqnu,38,antmaze-large-play-v2,0.6012917160987854,10.0
none,5iszxqnu,39,antmaze-large-play-v2,0.5769630670547485,10.0
none,5iszxqnu,40,antmaze-large-play-v2,0.588321328163147,10.0
none,5iszxqnu,41,antmaze-large-play-v2,0.5567821860313416,10.0
none,5iszxqnu,42,antmaze-large-play-v2,0.5534349083900452,10.0
none,5iszxqnu,43,antmaze-large-play-v2,0.5541788339614868,10.0
none,5iszxqnu,44,antmaze-large-play-v2,0.5774471759796143,10.0
none,5iszxqnu,45,antmaze-large-play-v2,0.5939880609512329,10.0
none,5iszxqnu,46,antmaze-large-play-v2,0.5950696468353271,10.0
none,5iszxqnu,47,antmaze-large-play-v2,0.5543853640556335,10.0
none,5iszxqnu,48,antmaze-large-play-v2,0.5562608242034912,10.0
none,5iszxqnu,49,antmaze-large-play-v2,0.5538947582244873,10.0
msg,jtn3nyx4,0,antmaze-large-diverse-v2,1.0684317350387573,0.1
msg,jtn3nyx4,1,antmaze-large-diverse-v2,1.040832757949829,0.1
msg,jtn3nyx4,2,antmaze-large-diverse-v2,0.9939526319503784,0.1
msg,jtn3nyx4,3,antmaze-large-diverse-v2,0.9124417304992676,0.1
msg,jtn3nyx4,4,antmaze-large-diverse-v2,0.919846773147583,0.1
msg,jtn3nyx4,5,antmaze-large-diverse-v2,0.8290073275566101,0.1
msg,jtn3nyx4,6,antmaze-large-diverse-v2,0.8210289478302002,0.1
msg,jtn3nyx4,7,antmaze-large-diverse-v2,0.6733859777450562,0.1
msg,jtn3nyx4,8,antmaze-large-diverse-v2,0.637057900428772,0.1
msg,jtn3nyx4,9,antmaze-large-diverse-v2,0.5584605932235718,0.1
msg,jtn3nyx4,10,antmaze-large-diverse-v2,0.45382994413375854,0.1
msg,jtn3nyx4,11,antmaze-large-diverse-v2,0.452368825674057,0.1
msg,jtn3nyx4,12,antmaze-large-diverse-v2,0.46323853731155396,0.1
msg,jtn3nyx4,13,antmaze-large-diverse-v2,0.46875718235969543,0.1
msg,jtn3nyx4,14,antmaze-large-diverse-v2,0.4612579047679901,0.1
msg,jtn3nyx4,15,antmaze-large-diverse-v2,0.4657445549964905,0.1
msg,jtn3nyx4,16,antmaze-large-diverse-v2,0.46185851097106934,0.1
msg,jtn3nyx4,17,antmaze-large-diverse-v2,0.4782331585884094,0.1
msg,jtn3nyx4,18,antmaze-large-diverse-v2,0.40498846769332886,0.1
msg,jtn3nyx4,19,antmaze-large-diverse-v2,0.4229193925857544,0.1
msg,jtn3nyx4,20,antmaze-large-diverse-v2,0.43796655535697937,0.1
msg,jtn3nyx4,21,antmaze-large-diverse-v2,0.4733821153640747,0.1
msg,jtn3nyx4,22,antmaze-large-diverse-v2,0.478108674287796,0.1
msg,jtn3nyx4,23,antmaze-large-diverse-v2,0.422899067401886,0.1
msg,jtn3nyx4,24,antmaze-large-diverse-v2,0.4818482995033264,0.1
msg,jtn3nyx4,25,antmaze-large-diverse-v2,0.416953980922699,0.1
msg,jtn3nyx4,26,antmaze-large-diverse-v2,0.449618399143219,0.1
msg,jtn3nyx4,27,antmaze-large-diverse-v2,0.39841920137405396,0.1
msg,jtn3nyx4,28,antmaze-large-diverse-v2,0.423600435256958,0.1
msg,jtn3nyx4,29,antmaze-large-diverse-v2,0.4514393210411072,0.1
msg,jtn3nyx4,30,antmaze-large-diverse-v2,0.4195881187915802,0.1
msg,jtn3nyx4,31,antmaze-large-diverse-v2,0.48004162311553955,0.1
msg,jtn3nyx4,32,antmaze-large-diverse-v2,0.4630272686481476,0.1
msg,jtn3nyx4,33,antmaze-large-diverse-v2,0.4145548939704895,0.1
msg,jtn3nyx4,34,antmaze-large-diverse-v2,0.4105425775051117,0.1
msg,jtn3nyx4,35,antmaze-large-diverse-v2,0.43095728754997253,0.1
msg,jtn3nyx4,36,antmaze-large-diverse-v2,0.4112219512462616,0.1
msg,jtn3nyx4,37,antmaze-large-diverse-v2,0.40479576587677,0.1
msg,jtn3nyx4,38,antmaze-large-diverse-v2,0.4123713970184326,0.1
msg,jtn3nyx4,39,antmaze-large-diverse-v2,0.3838025629520416,0.1
msg,jtn3nyx4,40,antmaze-large-diverse-v2,0.4368740916252136,0.1
msg,jtn3nyx4,41,antmaze-large-diverse-v2,0.39524614810943604,0.1
msg,jtn3nyx4,42,antmaze-large-diverse-v2,0.4066939949989319,0.1
msg,jtn3nyx4,43,antmaze-large-diverse-v2,0.4108259677886963,0.1
msg,jtn3nyx4,44,antmaze-large-diverse-v2,0.4221789240837097,0.1
msg,jtn3nyx4,45,antmaze-large-diverse-v2,0.4168710708618164,0.1
msg,jtn3nyx4,46,antmaze-large-diverse-v2,0.3792022466659546,0.1
msg,jtn3nyx4,47,antmaze-large-diverse-v2,0.42186588048934937,0.1
msg,jtn3nyx4,48,antmaze-large-diverse-v2,0.45281994342803955,0.1
msg,jtn3nyx4,49,antmaze-large-diverse-v2,0.41752827167510986,0.1
msg,qnzjfube,0,antmaze-medium-diverse-v2,1.0454566478729248,0.1
msg,qnzjfube,1,antmaze-medium-diverse-v2,1.0479063987731934,0.1
msg,qnzjfube,2,antmaze-medium-diverse-v2,0.9851877093315125,0.1
msg,qnzjfube,3,antmaze-medium-diverse-v2,0.9273872375488281,0.1
msg,qnzjfube,4,antmaze-medium-diverse-v2,0.9317035675048828,0.1
msg,qnzjfube,5,antmaze-medium-diverse-v2,0.7154194712638855,0.1
msg,qnzjfube,6,antmaze-medium-diverse-v2,0.6316326856613159,0.1
msg,qnzjfube,7,antmaze-medium-diverse-v2,0.5075994729995728,0.1
msg,qnzjfube,8,antmaze-medium-diverse-v2,0.47505950927734375,0.1
msg,qnzjfube,9,antmaze-medium-diverse-v2,0.45830094814300537,0.1
msg,qnzjfube,10,antmaze-medium-diverse-v2,0.41253262758255005,0.1
msg,qnzjfube,11,antmaze-medium-diverse-v2,0.4672721326351166,0.1
msg,qnzjfube,12,antmaze-medium-diverse-v2,0.4294999837875366,0.1
msg,qnzjfube,13,antmaze-medium-diverse-v2,0.39825713634490967,0.1
msg,qnzjfube,14,antmaze-medium-diverse-v2,0.40002989768981934,0.1
msg,qnzjfube,15,antmaze-medium-diverse-v2,0.4414021372795105,0.1
msg,qnzjfube,16,antmaze-medium-diverse-v2,0.4057808518409729,0.1
msg,qnzjfube,17,antmaze-medium-diverse-v2,0.44561755657196045,0.1
msg,qnzjfube,18,antmaze-medium-diverse-v2,0.4165958762168884,0.1
msg,qnzjfube,19,antmaze-medium-diverse-v2,0.4667450785636902,0.1
msg,qnzjfube,20,antmaze-medium-diverse-v2,0.452271044254303,0.1
msg,qnzjfube,21,antmaze-medium-diverse-v2,0.473292738199234,0.1
msg,qnzjfube,22,antmaze-medium-diverse-v2,0.43764835596084595,0.1
msg,qnzjfube,23,antmaze-medium-diverse-v2,0.39864176511764526,0.1
msg,qnzjfube,24,antmaze-medium-diverse-v2,0.4019812047481537,0.1
msg,qnzjfube,25,antmaze-medium-diverse-v2,0.4500958323478699,0.1
msg,qnzjfube,26,antmaze-medium-diverse-v2,0.408182293176651,0.1
msg,qnzjfube,27,antmaze-medium-diverse-v2,0.42152249813079834,0.1
msg,qnzjfube,28,antmaze-medium-diverse-v2,0.4764600396156311,0.1
msg,qnzjfube,29,antmaze-medium-diverse-v2,0.4302321970462799,0.1
msg,qnzjfube,30,antmaze-medium-diverse-v2,0.4334526062011719,0.1
msg,qnzjfube,31,antmaze-medium-diverse-v2,0.45691579580307007,0.1
msg,qnzjfube,32,antmaze-medium-diverse-v2,0.3933909237384796,0.1
msg,qnzjfube,33,antmaze-medium-diverse-v2,0.40197405219078064,0.1
msg,qnzjfube,34,antmaze-medium-diverse-v2,0.4213246703147888,0.1
msg,qnzjfube,35,antmaze-medium-diverse-v2,0.40755218267440796,0.1
msg,qnzjfube,36,antmaze-medium-diverse-v2,0.42312830686569214,0.1
msg,qnzjfube,37,antmaze-medium-diverse-v2,0.42217981815338135,0.1
msg,qnzjfube,38,antmaze-medium-diverse-v2,0.38790756464004517,0.1
msg,qnzjfube,39,antmaze-medium-diverse-v2,0.3994799852371216,0.1
msg,qnzjfube,40,antmaze-medium-diverse-v2,0.39232808351516724,0.1
msg,qnzjfube,41,antmaze-medium-diverse-v2,0.4024639129638672,0.1
msg,qnzjfube,42,antmaze-medium-diverse-v2,0.4388200044631958,0.1
msg,qnzjfube,43,antmaze-medium-diverse-v2,0.41475021839141846,0.1
msg,qnzjfube,44,antmaze-medium-diverse-v2,0.4023757576942444,0.1
msg,qnzjfube,45,antmaze-medium-diverse-v2,0.37908613681793213,0.1
msg,qnzjfube,46,antmaze-medium-diverse-v2,0.37004393339157104,0.1
msg,qnzjfube,47,antmaze-medium-diverse-v2,0.40476447343826294,0.1
msg,qnzjfube,48,antmaze-medium-diverse-v2,0.4255496561527252,0.1
msg,qnzjfube,49,antmaze-medium-diverse-v2,0.4353635311126709,0.1
none,joazngl3,0,antmaze-large-play-v2,0.8041871190071106,50.0
none,joazngl3,1,antmaze-large-play-v2,0.5804262161254883,50.0
none,joazngl3,2,antmaze-large-play-v2,0.4734421968460083,50.0
none,joazngl3,3,antmaze-large-play-v2,0.4467223286628723,50.0
none,joazngl3,4,antmaze-large-play-v2,0.45204228162765503,50.0
none,joazngl3,5,antmaze-large-play-v2,0.47837385535240173,50.0
none,joazngl3,6,antmaze-large-play-v2,0.46651673316955566,50.0
none,joazngl3,7,antmaze-large-play-v2,0.4872390627861023,50.0
none,joazngl3,8,antmaze-large-play-v2,0.44672489166259766,50.0
none,joazngl3,9,antmaze-large-play-v2,0.4740646481513977,50.0
none,joazngl3,10,antmaze-large-play-v2,0.473488986492157,50.0
none,joazngl3,11,antmaze-large-play-v2,0.5052792429924011,50.0
none,joazngl3,12,antmaze-large-play-v2,0.5160088539123535,50.0
none,joazngl3,13,antmaze-large-play-v2,0.5033928155899048,50.0
none,joazngl3,14,antmaze-large-play-v2,0.4891583025455475,50.0
none,joazngl3,15,antmaze-large-play-v2,0.4983409345149994,50.0
none,joazngl3,16,antmaze-large-play-v2,0.5605061054229736,50.0
none,joazngl3,17,antmaze-large-play-v2,0.6249865293502808,50.0
none,joazngl3,18,antmaze-large-play-v2,0.5840576887130737,50.0
none,joazngl3,19,antmaze-large-play-v2,0.6248118877410889,50.0
none,joazngl3,20,antmaze-large-play-v2,0.6236984729766846,50.0
none,joazngl3,21,antmaze-large-play-v2,0.5553168654441833,50.0
none,joazngl3,22,antmaze-large-play-v2,0.5882556438446045,50.0
none,joazngl3,23,antmaze-large-play-v2,0.5864458680152893,50.0
none,joazngl3,24,antmaze-large-play-v2,0.5399582982063293,50.0
none,joazngl3,25,antmaze-large-play-v2,0.5837298631668091,50.0
none,joazngl3,26,antmaze-large-play-v2,0.5933481454849243,50.0
none,joazngl3,27,antmaze-large-play-v2,0.533618688583374,50.0
none,joazngl3,28,antmaze-large-play-v2,0.6039080619812012,50.0
none,joazngl3,29,antmaze-large-play-v2,0.5733590126037598,50.0
none,joazngl3,30,antmaze-large-play-v2,0.5794030427932739,50.0
none,joazngl3,31,antmaze-large-play-v2,0.5499312281608582,50.0
none,joazngl3,32,antmaze-large-play-v2,0.5838829278945923,50.0
none,joazngl3,33,antmaze-large-play-v2,0.5209556221961975,50.0
none,joazngl3,34,antmaze-large-play-v2,0.5549728274345398,50.0
none,joazngl3,35,antmaze-large-play-v2,0.5911789536476135,50.0
none,joazngl3,36,antmaze-large-play-v2,0.5229424238204956,50.0
none,joazngl3,37,antmaze-large-play-v2,0.5660990476608276,50.0
none,joazngl3,38,antmaze-large-play-v2,0.5221220254898071,50.0
none,joazngl3,39,antmaze-large-play-v2,0.5595638751983643,50.0
none,joazngl3,40,antmaze-large-play-v2,0.5908850431442261,50.0
none,joazngl3,41,antmaze-large-play-v2,0.5220414400100708,50.0
none,joazngl3,42,antmaze-large-play-v2,0.5814166069030762,50.0
none,joazngl3,43,antmaze-large-play-v2,0.5551254153251648,50.0
none,joazngl3,44,antmaze-large-play-v2,0.500619113445282,50.0
none,joazngl3,45,antmaze-large-play-v2,0.5322495698928833,50.0
none,joazngl3,46,antmaze-large-play-v2,0.6258516907691956,50.0
none,joazngl3,47,antmaze-large-play-v2,0.5424693822860718,50.0
none,joazngl3,48,antmaze-large-play-v2,0.5632438659667969,50.0
none,joazngl3,49,antmaze-large-play-v2,0.5455101132392883,50.0
msg,1p46k3w4,0,antmaze-medium-diverse-v2,1.0928642749786377,0.1
msg,1p46k3w4,1,antmaze-medium-diverse-v2,1.0851658582687378,0.1
msg,1p46k3w4,2,antmaze-medium-diverse-v2,1.0053379535675049,0.1
msg,1p46k3w4,3,antmaze-medium-diverse-v2,0.8592770099639893,0.1
msg,1p46k3w4,4,antmaze-medium-diverse-v2,0.8746737241744995,0.1
msg,1p46k3w4,5,antmaze-medium-diverse-v2,0.7365783452987671,0.1
msg,1p46k3w4,6,antmaze-medium-diverse-v2,0.5629336833953857,0.1
msg,1p46k3w4,7,antmaze-medium-diverse-v2,0.5117046236991882,0.1
msg,1p46k3w4,8,antmaze-medium-diverse-v2,0.47437065839767456,0.1
msg,1p46k3w4,9,antmaze-medium-diverse-v2,0.4300490617752075,0.1
msg,1p46k3w4,10,antmaze-medium-diverse-v2,0.4300177991390228,0.1
msg,1p46k3w4,11,antmaze-medium-diverse-v2,0.43473902344703674,0.1
msg,1p46k3w4,12,antmaze-medium-diverse-v2,0.4436015784740448,0.1
msg,1p46k3w4,13,antmaze-medium-diverse-v2,0.4619009494781494,0.1
msg,1p46k3w4,14,antmaze-medium-diverse-v2,0.4232065677642822,0.1
msg,1p46k3w4,15,antmaze-medium-diverse-v2,0.4774826169013977,0.1
msg,1p46k3w4,16,antmaze-medium-diverse-v2,0.4057859778404236,0.1
msg,1p46k3w4,17,antmaze-medium-diverse-v2,0.3950750529766083,0.1
msg,1p46k3w4,18,antmaze-medium-diverse-v2,0.512668251991272,0.1
msg,1p46k3w4,19,antmaze-medium-diverse-v2,0.46576350927352905,0.1
msg,1p46k3w4,20,antmaze-medium-diverse-v2,0.4552227556705475,0.1
msg,1p46k3w4,21,antmaze-medium-diverse-v2,0.4258560836315155,0.1
msg,1p46k3w4,22,antmaze-medium-diverse-v2,0.43644261360168457,0.1
msg,1p46k3w4,23,antmaze-medium-diverse-v2,0.4185008108615875,0.1
msg,1p46k3w4,24,antmaze-medium-diverse-v2,0.3839961886405945,0.1
msg,1p46k3w4,25,antmaze-medium-diverse-v2,0.4091792702674866,0.1
msg,1p46k3w4,26,antmaze-medium-diverse-v2,0.43476203083992004,0.1
msg,1p46k3w4,27,antmaze-medium-diverse-v2,0.43222206830978394,0.1
msg,1p46k3w4,28,antmaze-medium-diverse-v2,0.3951922655105591,0.1
msg,1p46k3w4,29,antmaze-medium-diverse-v2,0.43051016330718994,0.1
msg,1p46k3w4,30,antmaze-medium-diverse-v2,0.437477171421051,0.1
msg,1p46k3w4,31,antmaze-medium-diverse-v2,0.44555824995040894,0.1
msg,1p46k3w4,32,antmaze-medium-diverse-v2,0.4423031508922577,0.1
msg,1p46k3w4,33,antmaze-medium-diverse-v2,0.43788230419158936,0.1
msg,1p46k3w4,34,antmaze-medium-diverse-v2,0.42306649684906006,0.1
msg,1p46k3w4,35,antmaze-medium-diverse-v2,0.40064355731010437,0.1
msg,1p46k3w4,36,antmaze-medium-diverse-v2,0.4083254933357239,0.1
msg,1p46k3w4,37,antmaze-medium-diverse-v2,0.4081583321094513,0.1
msg,1p46k3w4,38,antmaze-medium-diverse-v2,0.43246200680732727,0.1
msg,1p46k3w4,39,antmaze-medium-diverse-v2,0.42560842633247375,0.1
msg,1p46k3w4,40,antmaze-medium-diverse-v2,0.3749709725379944,0.1
msg,1p46k3w4,41,antmaze-medium-diverse-v2,0.4011439085006714,0.1
msg,1p46k3w4,42,antmaze-medium-diverse-v2,0.4081026613712311,0.1
msg,1p46k3w4,43,antmaze-medium-diverse-v2,0.4117685556411743,0.1
msg,1p46k3w4,44,antmaze-medium-diverse-v2,0.3983001112937927,0.1
msg,1p46k3w4,45,antmaze-medium-diverse-v2,0.4416472613811493,0.1
msg,1p46k3w4,46,antmaze-medium-diverse-v2,0.408940851688385,0.1
msg,1p46k3w4,47,antmaze-medium-diverse-v2,0.40487757325172424,0.1
msg,1p46k3w4,48,antmaze-medium-diverse-v2,0.3764426112174988,0.1
msg,1p46k3w4,49,antmaze-medium-diverse-v2,0.37471985816955566,0.1
none,k7qf9qey,0,antmaze-large-play-v2,0.8181784749031067,50.0
none,k7qf9qey,1,antmaze-large-play-v2,0.5394904613494873,50.0
none,k7qf9qey,2,antmaze-large-play-v2,0.45089268684387207,50.0
none,k7qf9qey,3,antmaze-large-play-v2,0.4795268774032593,50.0
none,k7qf9qey,4,antmaze-large-play-v2,0.4659331738948822,50.0
none,k7qf9qey,5,antmaze-large-play-v2,0.46651914715766907,50.0
none,k7qf9qey,6,antmaze-large-play-v2,0.5296903252601624,50.0
none,k7qf9qey,7,antmaze-large-play-v2,0.4661361277103424,50.0
none,k7qf9qey,8,antmaze-large-play-v2,0.44432830810546875,50.0
none,k7qf9qey,9,antmaze-large-play-v2,0.5268212556838989,50.0
none,k7qf9qey,10,antmaze-large-play-v2,0.47650080919265747,50.0
none,k7qf9qey,11,antmaze-large-play-v2,0.4929361939430237,50.0
none,k7qf9qey,12,antmaze-large-play-v2,0.5351952314376831,50.0
none,k7qf9qey,13,antmaze-large-play-v2,0.5379726886749268,50.0
none,k7qf9qey,14,antmaze-large-play-v2,0.4976896643638611,50.0
none,k7qf9qey,15,antmaze-large-play-v2,0.5335889458656311,50.0
none,k7qf9qey,16,antmaze-large-play-v2,0.5070821046829224,50.0
none,k7qf9qey,17,antmaze-large-play-v2,0.5105117559432983,50.0
none,k7qf9qey,18,antmaze-large-play-v2,0.5536701083183289,50.0
none,k7qf9qey,19,antmaze-large-play-v2,0.5841728448867798,50.0
none,k7qf9qey,20,antmaze-large-play-v2,0.598824143409729,50.0
none,k7qf9qey,21,antmaze-large-play-v2,0.5805587768554688,50.0
none,k7qf9qey,22,antmaze-large-play-v2,0.6184597015380859,50.0
none,k7qf9qey,23,antmaze-large-play-v2,0.6146758794784546,50.0
none,k7qf9qey,24,antmaze-large-play-v2,0.5712285041809082,50.0
none,k7qf9qey,25,antmaze-large-play-v2,0.5934321880340576,50.0
none,k7qf9qey,26,antmaze-large-play-v2,0.4870166480541229,50.0
none,k7qf9qey,27,antmaze-large-play-v2,0.5610246062278748,50.0
none,k7qf9qey,28,antmaze-large-play-v2,0.5736105442047119,50.0
none,k7qf9qey,29,antmaze-large-play-v2,0.5693284273147583,50.0
none,k7qf9qey,30,antmaze-large-play-v2,0.5487691164016724,50.0
none,k7qf9qey,31,antmaze-large-play-v2,0.6211656928062439,50.0
none,k7qf9qey,32,antmaze-large-play-v2,0.5595377683639526,50.0
none,k7qf9qey,33,antmaze-large-play-v2,0.5970356464385986,50.0
none,k7qf9qey,34,antmaze-large-play-v2,0.5733108520507812,50.0
none,k7qf9qey,35,antmaze-large-play-v2,0.5973442196846008,50.0
none,k7qf9qey,36,antmaze-large-play-v2,0.5961980819702148,50.0
none,k7qf9qey,37,antmaze-large-play-v2,0.534915566444397,50.0
none,k7qf9qey,38,antmaze-large-play-v2,0.5683680772781372,50.0
none,k7qf9qey,39,antmaze-large-play-v2,0.5389621257781982,50.0
none,k7qf9qey,40,antmaze-large-play-v2,0.5713629126548767,50.0
none,k7qf9qey,41,antmaze-large-play-v2,0.5005050897598267,50.0
none,k7qf9qey,42,antmaze-large-play-v2,0.6228978633880615,50.0
none,k7qf9qey,43,antmaze-large-play-v2,0.5935589075088501,50.0
none,k7qf9qey,44,antmaze-large-play-v2,0.5640115737915039,50.0
none,k7qf9qey,45,antmaze-large-play-v2,0.5570067167282104,50.0
none,k7qf9qey,46,antmaze-large-play-v2,0.5802321434020996,50.0
none,k7qf9qey,47,antmaze-large-play-v2,0.5666424036026001,50.0
none,k7qf9qey,48,antmaze-large-play-v2,0.6095227003097534,50.0
none,k7qf9qey,49,antmaze-large-play-v2,0.5524753332138062,50.0
msg,xrd7x9z4,0,antmaze-medium-diverse-v2,1.0858325958251953,0.1
msg,xrd7x9z4,1,antmaze-medium-diverse-v2,1.0509663820266724,0.1
msg,xrd7x9z4,2,antmaze-medium-diverse-v2,0.9809311628341675,0.1
msg,xrd7x9z4,3,antmaze-medium-diverse-v2,0.9085677862167358,0.1
msg,xrd7x9z4,4,antmaze-medium-diverse-v2,0.8102201819419861,0.1
msg,xrd7x9z4,5,antmaze-medium-diverse-v2,0.8003917336463928,0.1
msg,xrd7x9z4,6,antmaze-medium-diverse-v2,0.7283039093017578,0.1
msg,xrd7x9z4,7,antmaze-medium-diverse-v2,0.5895458459854126,0.1
msg,xrd7x9z4,8,antmaze-medium-diverse-v2,0.4578552842140198,0.1
msg,xrd7x9z4,9,antmaze-medium-diverse-v2,0.4298757016658783,0.1
msg,xrd7x9z4,10,antmaze-medium-diverse-v2,0.43465203046798706,0.1
msg,xrd7x9z4,11,antmaze-medium-diverse-v2,0.40378379821777344,0.1
msg,xrd7x9z4,12,antmaze-medium-diverse-v2,0.3978384733200073,0.1
msg,xrd7x9z4,13,antmaze-medium-diverse-v2,0.4479583501815796,0.1
msg,xrd7x9z4,14,antmaze-medium-diverse-v2,0.4133468270301819,0.1
msg,xrd7x9z4,15,antmaze-medium-diverse-v2,0.4810395836830139,0.1
msg,xrd7x9z4,16,antmaze-medium-diverse-v2,0.42454448342323303,0.1
msg,xrd7x9z4,17,antmaze-medium-diverse-v2,0.466651976108551,0.1
msg,xrd7x9z4,18,antmaze-medium-diverse-v2,0.4687654376029968,0.1
msg,xrd7x9z4,19,antmaze-medium-diverse-v2,0.39825838804244995,0.1
msg,xrd7x9z4,20,antmaze-medium-diverse-v2,0.4476117789745331,0.1
msg,xrd7x9z4,21,antmaze-medium-diverse-v2,0.4342745542526245,0.1
msg,xrd7x9z4,22,antmaze-medium-diverse-v2,0.45397651195526123,0.1
msg,xrd7x9z4,23,antmaze-medium-diverse-v2,0.45128756761550903,0.1
msg,xrd7x9z4,24,antmaze-medium-diverse-v2,0.4120315909385681,0.1
msg,xrd7x9z4,25,antmaze-medium-diverse-v2,0.4249739646911621,0.1
msg,xrd7x9z4,26,antmaze-medium-diverse-v2,0.39907175302505493,0.1
msg,xrd7x9z4,27,antmaze-medium-diverse-v2,0.40799200534820557,0.1
msg,xrd7x9z4,28,antmaze-medium-diverse-v2,0.41971057653427124,0.1
msg,xrd7x9z4,29,antmaze-medium-diverse-v2,0.4775213301181793,0.1
msg,xrd7x9z4,30,antmaze-medium-diverse-v2,0.4354237914085388,0.1
msg,xrd7x9z4,31,antmaze-medium-diverse-v2,0.43084555864334106,0.1
msg,xrd7x9z4,32,antmaze-medium-diverse-v2,0.44989126920700073,0.1
msg,xrd7x9z4,33,antmaze-medium-diverse-v2,0.4277544915676117,0.1
msg,xrd7x9z4,34,antmaze-medium-diverse-v2,0.42796802520751953,0.1
msg,xrd7x9z4,35,antmaze-medium-diverse-v2,0.40929603576660156,0.1
msg,xrd7x9z4,36,antmaze-medium-diverse-v2,0.4032427668571472,0.1
msg,xrd7x9z4,37,antmaze-medium-diverse-v2,0.4384537637233734,0.1
msg,xrd7x9z4,38,antmaze-medium-diverse-v2,0.4159294068813324,0.1
msg,xrd7x9z4,39,antmaze-medium-diverse-v2,0.43388059735298157,0.1
msg,xrd7x9z4,40,antmaze-medium-diverse-v2,0.37596142292022705,0.1
msg,xrd7x9z4,41,antmaze-medium-diverse-v2,0.40714430809020996,0.1
msg,xrd7x9z4,42,antmaze-medium-diverse-v2,0.4137450158596039,0.1
msg,xrd7x9z4,43,antmaze-medium-diverse-v2,0.3949712812900543,0.1
msg,xrd7x9z4,44,antmaze-medium-diverse-v2,0.4086087942123413,0.1
msg,xrd7x9z4,45,antmaze-medium-diverse-v2,0.40508249402046204,0.1
msg,xrd7x9z4,46,antmaze-medium-diverse-v2,0.4117559790611267,0.1
msg,xrd7x9z4,47,antmaze-medium-diverse-v2,0.4181702435016632,0.1
msg,xrd7x9z4,48,antmaze-medium-diverse-v2,0.38377028703689575,0.1
msg,xrd7x9z4,49,antmaze-medium-diverse-v2,0.3930814266204834,0.1
none,y0sizqfn,0,antmaze-large-play-v2,0.7728284597396851,50.0
none,y0sizqfn,1,antmaze-large-play-v2,0.5452356934547424,50.0
none,y0sizqfn,2,antmaze-large-play-v2,0.4828808903694153,50.0
none,y0sizqfn,3,antmaze-large-play-v2,0.47533854842185974,50.0
none,y0sizqfn,4,antmaze-large-play-v2,0.46321889758110046,50.0
none,y0sizqfn,5,antmaze-large-play-v2,0.45134031772613525,50.0
none,y0sizqfn,6,antmaze-large-play-v2,0.4724515378475189,50.0
none,y0sizqfn,7,antmaze-large-play-v2,0.44670727849006653,50.0
none,y0sizqfn,8,antmaze-large-play-v2,0.47013580799102783,50.0
none,y0sizqfn,9,antmaze-large-play-v2,0.4776563048362732,50.0
none,y0sizqfn,10,antmaze-large-play-v2,0.47793546319007874,50.0
none,y0sizqfn,11,antmaze-large-play-v2,0.4924532175064087,50.0
none,y0sizqfn,12,antmaze-large-play-v2,0.5294109582901001,50.0
none,y0sizqfn,13,antmaze-large-play-v2,0.5076502561569214,50.0
none,y0sizqfn,14,antmaze-large-play-v2,0.5382440090179443,50.0
none,y0sizqfn,15,antmaze-large-play-v2,0.5639976263046265,50.0
none,y0sizqfn,16,antmaze-large-play-v2,0.5192250609397888,50.0
none,y0sizqfn,17,antmaze-large-play-v2,0.5674211382865906,50.0
none,y0sizqfn,18,antmaze-large-play-v2,0.5624699592590332,50.0
none,y0sizqfn,19,antmaze-large-play-v2,0.5277082920074463,50.0
none,y0sizqfn,20,antmaze-large-play-v2,0.5563015937805176,50.0
none,y0sizqfn,21,antmaze-large-play-v2,0.6013668775558472,50.0
none,y0sizqfn,22,antmaze-large-play-v2,0.5451239347457886,50.0
none,y0sizqfn,23,antmaze-large-play-v2,0.5587626695632935,50.0
none,y0sizqfn,24,antmaze-large-play-v2,0.5591293573379517,50.0
none,y0sizqfn,25,antmaze-large-play-v2,0.5916489362716675,50.0
none,y0sizqfn,26,antmaze-large-play-v2,0.5881788730621338,50.0
none,y0sizqfn,27,antmaze-large-play-v2,0.5727948546409607,50.0
none,y0sizqfn,28,antmaze-large-play-v2,0.5360896587371826,50.0
none,y0sizqfn,29,antmaze-large-play-v2,0.5784146189689636,50.0
none,y0sizqfn,30,antmaze-large-play-v2,0.6181398630142212,50.0
none,y0sizqfn,31,antmaze-large-play-v2,0.6190847158432007,50.0
none,y0sizqfn,32,antmaze-large-play-v2,0.5338600873947144,50.0
none,y0sizqfn,33,antmaze-large-play-v2,0.5486325621604919,50.0
none,y0sizqfn,34,antmaze-large-play-v2,0.6051149964332581,50.0
none,y0sizqfn,35,antmaze-large-play-v2,0.5582937002182007,50.0
none,y0sizqfn,36,antmaze-large-play-v2,0.5737469792366028,50.0
none,y0sizqfn,37,antmaze-large-play-v2,0.5554975271224976,50.0
none,y0sizqfn,38,antmaze-large-play-v2,0.5898801684379578,50.0
none,y0sizqfn,39,antmaze-large-play-v2,0.6494888067245483,50.0
none,y0sizqfn,40,antmaze-large-play-v2,0.5977951288223267,50.0
none,y0sizqfn,41,antmaze-large-play-v2,0.6468896865844727,50.0
none,y0sizqfn,42,antmaze-large-play-v2,0.5888350009918213,50.0
none,y0sizqfn,43,antmaze-large-play-v2,0.5784478783607483,50.0
none,y0sizqfn,44,antmaze-large-play-v2,0.56227046251297,50.0
none,y0sizqfn,45,antmaze-large-play-v2,0.5942264795303345,50.0
none,y0sizqfn,46,antmaze-large-play-v2,0.6076759099960327,50.0
none,y0sizqfn,47,antmaze-large-play-v2,0.6100664138793945,50.0
none,y0sizqfn,48,antmaze-large-play-v2,0.5181760191917419,50.0
none,y0sizqfn,49,antmaze-large-play-v2,0.566213846206665,50.0
msg,cscx3sot,0,antmaze-medium-diverse-v2,1.012912392616272,0.1
msg,cscx3sot,1,antmaze-medium-diverse-v2,0.9437050223350525,0.1
msg,cscx3sot,2,antmaze-medium-diverse-v2,0.978979229927063,0.1
msg,cscx3sot,3,antmaze-medium-diverse-v2,0.9897032976150513,0.1
msg,cscx3sot,4,antmaze-medium-diverse-v2,0.9304293990135193,0.1
msg,cscx3sot,5,antmaze-medium-diverse-v2,0.7417070865631104,0.1
msg,cscx3sot,6,antmaze-medium-diverse-v2,0.6661323308944702,0.1
msg,cscx3sot,7,antmaze-medium-diverse-v2,0.5553961992263794,0.1
msg,cscx3sot,8,antmaze-medium-diverse-v2,0.5046064257621765,0.1
msg,cscx3sot,9,antmaze-medium-diverse-v2,0.49993082880973816,0.1
msg,cscx3sot,10,antmaze-medium-diverse-v2,0.443908154964447,0.1
msg,cscx3sot,11,antmaze-medium-diverse-v2,0.430644690990448,0.1
msg,cscx3sot,12,antmaze-medium-diverse-v2,0.4174375534057617,0.1
msg,cscx3sot,13,antmaze-medium-diverse-v2,0.42533543705940247,0.1
msg,cscx3sot,14,antmaze-medium-diverse-v2,0.42889076471328735,0.1
msg,cscx3sot,15,antmaze-medium-diverse-v2,0.4273586869239807,0.1
msg,cscx3sot,16,antmaze-medium-diverse-v2,0.43545830249786377,0.1
msg,cscx3sot,17,antmaze-medium-diverse-v2,0.4157532751560211,0.1
msg,cscx3sot,18,antmaze-medium-diverse-v2,0.4304322302341461,0.1
msg,cscx3sot,19,antmaze-medium-diverse-v2,0.3925936222076416,0.1
msg,cscx3sot,20,antmaze-medium-diverse-v2,0.4137229025363922,0.1
msg,cscx3sot,21,antmaze-medium-diverse-v2,0.4166628122329712,0.1
msg,cscx3sot,22,antmaze-medium-diverse-v2,0.4266374707221985,0.1
msg,cscx3sot,23,antmaze-medium-diverse-v2,0.44262316823005676,0.1
msg,cscx3sot,24,antmaze-medium-diverse-v2,0.4194476008415222,0.1
msg,cscx3sot,25,antmaze-medium-diverse-v2,0.4314539134502411,0.1
msg,cscx3sot,26,antmaze-medium-diverse-v2,0.42416900396347046,0.1
msg,cscx3sot,27,antmaze-medium-diverse-v2,0.4018225073814392,0.1
msg,cscx3sot,28,antmaze-medium-diverse-v2,0.40084004402160645,0.1
msg,cscx3sot,29,antmaze-medium-diverse-v2,0.41544461250305176,0.1
msg,cscx3sot,30,antmaze-medium-diverse-v2,0.40953242778778076,0.1
msg,cscx3sot,31,antmaze-medium-diverse-v2,0.42152687907218933,0.1
msg,cscx3sot,32,antmaze-medium-diverse-v2,0.4527660310268402,0.1
msg,cscx3sot,33,antmaze-medium-diverse-v2,0.4278966188430786,0.1
msg,cscx3sot,34,antmaze-medium-diverse-v2,0.4048529863357544,0.1
msg,cscx3sot,35,antmaze-medium-diverse-v2,0.4185332655906677,0.1
msg,cscx3sot,36,antmaze-medium-diverse-v2,0.40164732933044434,0.1
msg,cscx3sot,37,antmaze-medium-diverse-v2,0.4184892475605011,0.1
msg,cscx3sot,38,antmaze-medium-diverse-v2,0.43099766969680786,0.1
msg,cscx3sot,39,antmaze-medium-diverse-v2,0.37748879194259644,0.1
msg,cscx3sot,40,antmaze-medium-diverse-v2,0.38495755195617676,0.1
msg,cscx3sot,41,antmaze-medium-diverse-v2,0.39860203862190247,0.1
msg,cscx3sot,42,antmaze-medium-diverse-v2,0.3732535243034363,0.1
msg,cscx3sot,43,antmaze-medium-diverse-v2,0.39149367809295654,0.1
msg,cscx3sot,44,antmaze-medium-diverse-v2,0.38962090015411377,0.1
msg,cscx3sot,45,antmaze-medium-diverse-v2,0.4084814488887787,0.1
msg,cscx3sot,46,antmaze-medium-diverse-v2,0.41025805473327637,0.1
msg,cscx3sot,47,antmaze-medium-diverse-v2,0.3635116219520569,0.1
msg,cscx3sot,48,antmaze-medium-diverse-v2,0.41403478384017944,0.1
msg,cscx3sot,49,antmaze-medium-diverse-v2,0.42267435789108276,0.1
msg,rm37kvi9,0,antmaze-medium-diverse-v2,1.058258295059204,0.1
msg,rm37kvi9,1,antmaze-medium-diverse-v2,1.0771591663360596,0.1
msg,rm37kvi9,2,antmaze-medium-diverse-v2,1.0097870826721191,0.1
msg,rm37kvi9,3,antmaze-medium-diverse-v2,0.9152613282203674,0.1
msg,rm37kvi9,4,antmaze-medium-diverse-v2,0.8729245066642761,0.1
msg,rm37kvi9,5,antmaze-medium-diverse-v2,0.7429451942443848,0.1
msg,rm37kvi9,6,antmaze-medium-diverse-v2,0.6545901298522949,0.1
msg,rm37kvi9,7,antmaze-medium-diverse-v2,0.5297845602035522,0.1
msg,rm37kvi9,8,antmaze-medium-diverse-v2,0.468436598777771,0.1
msg,rm37kvi9,9,antmaze-medium-diverse-v2,0.4673340916633606,0.1
msg,rm37kvi9,10,antmaze-medium-diverse-v2,0.4016362428665161,0.1
msg,rm37kvi9,11,antmaze-medium-diverse-v2,0.43224143981933594,0.1
msg,rm37kvi9,12,antmaze-medium-diverse-v2,0.433157742023468,0.1
msg,rm37kvi9,13,antmaze-medium-diverse-v2,0.45034706592559814,0.1
msg,rm37kvi9,14,antmaze-medium-diverse-v2,0.4187139868736267,0.1
msg,rm37kvi9,15,antmaze-medium-diverse-v2,0.44636598229408264,0.1
msg,rm37kvi9,16,antmaze-medium-diverse-v2,0.4401811957359314,0.1
msg,rm37kvi9,17,antmaze-medium-diverse-v2,0.37656402587890625,0.1
msg,rm37kvi9,18,antmaze-medium-diverse-v2,0.3797866106033325,0.1
msg,rm37kvi9,19,antmaze-medium-diverse-v2,0.43231260776519775,0.1
msg,rm37kvi9,20,antmaze-medium-diverse-v2,0.4806350767612457,0.1
msg,rm37kvi9,21,antmaze-medium-diverse-v2,0.4421795606613159,0.1
msg,rm37kvi9,22,antmaze-medium-diverse-v2,0.4083712697029114,0.1
msg,rm37kvi9,23,antmaze-medium-diverse-v2,0.39309054613113403,0.1
msg,rm37kvi9,24,antmaze-medium-diverse-v2,0.4532536566257477,0.1
msg,rm37kvi9,25,antmaze-medium-diverse-v2,0.4797206521034241,0.1
msg,rm37kvi9,26,antmaze-medium-diverse-v2,0.44406503438949585,0.1
msg,rm37kvi9,27,antmaze-medium-diverse-v2,0.44600313901901245,0.1
msg,rm37kvi9,28,antmaze-medium-diverse-v2,0.46088868379592896,0.1
msg,rm37kvi9,29,antmaze-medium-diverse-v2,0.4335992932319641,0.1
msg,rm37kvi9,30,antmaze-medium-diverse-v2,0.4398571252822876,0.1
msg,rm37kvi9,31,antmaze-medium-diverse-v2,0.41874974966049194,0.1
msg,rm37kvi9,32,antmaze-medium-diverse-v2,0.4349076449871063,0.1
msg,rm37kvi9,33,antmaze-medium-diverse-v2,0.4116255044937134,0.1
msg,rm37kvi9,34,antmaze-medium-diverse-v2,0.4306706488132477,0.1
msg,rm37kvi9,35,antmaze-medium-diverse-v2,0.38056671619415283,0.1
msg,rm37kvi9,36,antmaze-medium-diverse-v2,0.3706434965133667,0.1
msg,rm37kvi9,37,antmaze-medium-diverse-v2,0.43644505739212036,0.1
msg,rm37kvi9,38,antmaze-medium-diverse-v2,0.4036068022251129,0.1
msg,rm37kvi9,39,antmaze-medium-diverse-v2,0.4202733635902405,0.1
msg,rm37kvi9,40,antmaze-medium-diverse-v2,0.390076220035553,0.1
msg,rm37kvi9,41,antmaze-medium-diverse-v2,0.3940097987651825,0.1
msg,rm37kvi9,42,antmaze-medium-diverse-v2,0.4120601415634155,0.1
msg,rm37kvi9,43,antmaze-medium-diverse-v2,0.39385002851486206,0.1
msg,rm37kvi9,44,antmaze-medium-diverse-v2,0.43358105421066284,0.1
msg,rm37kvi9,45,antmaze-medium-diverse-v2,0.4074825048446655,0.1
msg,rm37kvi9,46,antmaze-medium-diverse-v2,0.39432695508003235,0.1
msg,rm37kvi9,47,antmaze-medium-diverse-v2,0.41908442974090576,0.1
msg,rm37kvi9,48,antmaze-medium-diverse-v2,0.39518338441848755,0.1
msg,rm37kvi9,49,antmaze-medium-diverse-v2,0.35215407609939575,0.1
none,3zdyuxog,0,antmaze-large-play-v2,0.8317527174949646,50.0
none,3zdyuxog,1,antmaze-large-play-v2,0.6074119806289673,50.0
none,3zdyuxog,2,antmaze-large-play-v2,0.4578087627887726,50.0
none,3zdyuxog,3,antmaze-large-play-v2,0.47956380248069763,50.0
none,3zdyuxog,4,antmaze-large-play-v2,0.4576534330844879,50.0
none,3zdyuxog,5,antmaze-large-play-v2,0.5231320858001709,50.0
none,3zdyuxog,6,antmaze-large-play-v2,0.4765040874481201,50.0
none,3zdyuxog,7,antmaze-large-play-v2,0.48473411798477173,50.0
none,3zdyuxog,8,antmaze-large-play-v2,0.5270242691040039,50.0
none,3zdyuxog,9,antmaze-large-play-v2,0.5152606964111328,50.0
none,3zdyuxog,10,antmaze-large-play-v2,0.47077658772468567,50.0
none,3zdyuxog,11,antmaze-large-play-v2,0.49156510829925537,50.0
none,3zdyuxog,12,antmaze-large-play-v2,0.572555661201477,50.0
none,3zdyuxog,13,antmaze-large-play-v2,0.4916592240333557,50.0
none,3zdyuxog,14,antmaze-large-play-v2,0.5359163880348206,50.0
none,3zdyuxog,15,antmaze-large-play-v2,0.5244507193565369,50.0
none,3zdyuxog,16,antmaze-large-play-v2,0.54933762550354,50.0
none,3zdyuxog,17,antmaze-large-play-v2,0.5275924205780029,50.0
none,3zdyuxog,18,antmaze-large-play-v2,0.5404880046844482,50.0
none,3zdyuxog,19,antmaze-large-play-v2,0.5840663313865662,50.0
none,3zdyuxog,20,antmaze-large-play-v2,0.5550175905227661,50.0
none,3zdyuxog,21,antmaze-large-play-v2,0.6278631687164307,50.0
none,3zdyuxog,22,antmaze-large-play-v2,0.5497617721557617,50.0
none,3zdyuxog,23,antmaze-large-play-v2,0.5925069451332092,50.0
none,3zdyuxog,24,antmaze-large-play-v2,0.5550155639648438,50.0
none,3zdyuxog,25,antmaze-large-play-v2,0.5658544898033142,50.0
none,3zdyuxog,26,antmaze-large-play-v2,0.5795443654060364,50.0
none,3zdyuxog,27,antmaze-large-play-v2,0.616858720779419,50.0
none,3zdyuxog,28,antmaze-large-play-v2,0.5578603744506836,50.0
none,3zdyuxog,29,antmaze-large-play-v2,0.5359222888946533,50.0
none,3zdyuxog,30,antmaze-large-play-v2,0.5911188125610352,50.0
none,3zdyuxog,31,antmaze-large-play-v2,0.512333333492279,50.0
none,3zdyuxog,32,antmaze-large-play-v2,0.5287392139434814,50.0
none,3zdyuxog,33,antmaze-large-play-v2,0.5966037511825562,50.0
none,3zdyuxog,34,antmaze-large-play-v2,0.5884568095207214,50.0
none,3zdyuxog,35,antmaze-large-play-v2,0.5248270034790039,50.0
none,3zdyuxog,36,antmaze-large-play-v2,0.5545947551727295,50.0
none,3zdyuxog,37,antmaze-large-play-v2,0.5447450876235962,50.0
none,3zdyuxog,38,antmaze-large-play-v2,0.5385940074920654,50.0
none,3zdyuxog,39,antmaze-large-play-v2,0.5822284817695618,50.0
none,3zdyuxog,40,antmaze-large-play-v2,0.5373643636703491,50.0
none,3zdyuxog,41,antmaze-large-play-v2,0.5458303093910217,50.0
none,3zdyuxog,42,antmaze-large-play-v2,0.4967767596244812,50.0
none,3zdyuxog,43,antmaze-large-play-v2,0.5575549602508545,50.0
none,3zdyuxog,44,antmaze-large-play-v2,0.5693140625953674,50.0
none,3zdyuxog,45,antmaze-large-play-v2,0.5525494813919067,50.0
none,3zdyuxog,46,antmaze-large-play-v2,0.5134427547454834,50.0
none,3zdyuxog,47,antmaze-large-play-v2,0.5635268688201904,50.0
none,3zdyuxog,48,antmaze-large-play-v2,0.5726823806762695,50.0
none,3zdyuxog,49,antmaze-large-play-v2,0.5642049312591553,50.0
msg,qn1nc3fo,0,antmaze-medium-play-v2,1.0246788263320923,0.1
msg,qn1nc3fo,1,antmaze-medium-play-v2,1.095815658569336,0.1
msg,qn1nc3fo,2,antmaze-medium-play-v2,0.9956606030464172,0.1
msg,qn1nc3fo,3,antmaze-medium-play-v2,0.8821356296539307,0.1
msg,qn1nc3fo,4,antmaze-medium-play-v2,0.867692768573761,0.1
msg,qn1nc3fo,5,antmaze-medium-play-v2,0.8009498119354248,0.1
msg,qn1nc3fo,6,antmaze-medium-play-v2,0.6219683885574341,0.1
msg,qn1nc3fo,7,antmaze-medium-play-v2,0.5319356918334961,0.1
msg,qn1nc3fo,8,antmaze-medium-play-v2,0.48681890964508057,0.1
msg,qn1nc3fo,9,antmaze-medium-play-v2,0.46540746092796326,0.1
msg,qn1nc3fo,10,antmaze-medium-play-v2,0.4442595839500427,0.1
msg,qn1nc3fo,11,antmaze-medium-play-v2,0.4673771858215332,0.1
msg,qn1nc3fo,12,antmaze-medium-play-v2,0.4555761218070984,0.1
msg,qn1nc3fo,13,antmaze-medium-play-v2,0.47476351261138916,0.1
msg,qn1nc3fo,14,antmaze-medium-play-v2,0.4487348198890686,0.1
msg,qn1nc3fo,15,antmaze-medium-play-v2,0.43146976828575134,0.1
msg,qn1nc3fo,16,antmaze-medium-play-v2,0.4260319471359253,0.1
msg,qn1nc3fo,17,antmaze-medium-play-v2,0.4449058771133423,0.1
msg,qn1nc3fo,18,antmaze-medium-play-v2,0.43367624282836914,0.1
msg,qn1nc3fo,19,antmaze-medium-play-v2,0.4441826343536377,0.1
msg,qn1nc3fo,20,antmaze-medium-play-v2,0.3949507772922516,0.1
msg,qn1nc3fo,21,antmaze-medium-play-v2,0.4248310923576355,0.1
msg,qn1nc3fo,22,antmaze-medium-play-v2,0.4488176107406616,0.1
msg,qn1nc3fo,23,antmaze-medium-play-v2,0.38081687688827515,0.1
msg,qn1nc3fo,24,antmaze-medium-play-v2,0.42890939116477966,0.1
msg,qn1nc3fo,25,antmaze-medium-play-v2,0.3793136179447174,0.1
msg,qn1nc3fo,26,antmaze-medium-play-v2,0.4358159899711609,0.1
msg,qn1nc3fo,27,antmaze-medium-play-v2,0.3949677348136902,0.1
msg,qn1nc3fo,28,antmaze-medium-play-v2,0.4271566867828369,0.1
msg,qn1nc3fo,29,antmaze-medium-play-v2,0.4381825923919678,0.1
msg,qn1nc3fo,30,antmaze-medium-play-v2,0.42836037278175354,0.1
msg,qn1nc3fo,31,antmaze-medium-play-v2,0.39631274342536926,0.1
msg,qn1nc3fo,32,antmaze-medium-play-v2,0.38978439569473267,0.1
msg,qn1nc3fo,33,antmaze-medium-play-v2,0.41078197956085205,0.1
msg,qn1nc3fo,34,antmaze-medium-play-v2,0.41459929943084717,0.1
msg,qn1nc3fo,35,antmaze-medium-play-v2,0.3924182653427124,0.1
msg,qn1nc3fo,36,antmaze-medium-play-v2,0.4047588109970093,0.1
msg,qn1nc3fo,37,antmaze-medium-play-v2,0.3943285346031189,0.1
msg,qn1nc3fo,38,antmaze-medium-play-v2,0.38139599561691284,0.1
msg,qn1nc3fo,39,antmaze-medium-play-v2,0.3667076528072357,0.1
msg,qn1nc3fo,40,antmaze-medium-play-v2,0.4155450165271759,0.1
msg,qn1nc3fo,41,antmaze-medium-play-v2,0.4427543580532074,0.1
msg,qn1nc3fo,42,antmaze-medium-play-v2,0.4589740037918091,0.1
msg,qn1nc3fo,43,antmaze-medium-play-v2,0.37953460216522217,0.1
msg,qn1nc3fo,44,antmaze-medium-play-v2,0.3904617726802826,0.1
msg,qn1nc3fo,45,antmaze-medium-play-v2,0.42364758253097534,0.1
msg,qn1nc3fo,46,antmaze-medium-play-v2,0.39576083421707153,0.1
msg,qn1nc3fo,47,antmaze-medium-play-v2,0.40613871812820435,0.1
msg,qn1nc3fo,48,antmaze-medium-play-v2,0.3815227150917053,0.1
msg,qn1nc3fo,49,antmaze-medium-play-v2,0.4129551947116852,0.1
msg,lbaocnus,0,antmaze-medium-play-v2,1.009383201599121,0.1
msg,lbaocnus,1,antmaze-medium-play-v2,1.1214550733566284,0.1
msg,lbaocnus,2,antmaze-medium-play-v2,0.9346286058425903,0.1
msg,lbaocnus,3,antmaze-medium-play-v2,1.0020952224731445,0.1
msg,lbaocnus,4,antmaze-medium-play-v2,0.9094950556755066,0.1
msg,lbaocnus,5,antmaze-medium-play-v2,0.7633050084114075,0.1
msg,lbaocnus,6,antmaze-medium-play-v2,0.6772748231887817,0.1
msg,lbaocnus,7,antmaze-medium-play-v2,0.5839869976043701,0.1
msg,lbaocnus,8,antmaze-medium-play-v2,0.49847570061683655,0.1
msg,lbaocnus,9,antmaze-medium-play-v2,0.46305254101753235,0.1
msg,lbaocnus,10,antmaze-medium-play-v2,0.4032522737979889,0.1
msg,lbaocnus,11,antmaze-medium-play-v2,0.466295063495636,0.1
msg,lbaocnus,12,antmaze-medium-play-v2,0.450657457113266,0.1
msg,lbaocnus,13,antmaze-medium-play-v2,0.46688538789749146,0.1
msg,lbaocnus,14,antmaze-medium-play-v2,0.4662110507488251,0.1
msg,lbaocnus,15,antmaze-medium-play-v2,0.44280046224594116,0.1
msg,lbaocnus,16,antmaze-medium-play-v2,0.42325079441070557,0.1
msg,lbaocnus,17,antmaze-medium-play-v2,0.47048866748809814,0.1
msg,lbaocnus,18,antmaze-medium-play-v2,0.4450984001159668,0.1
msg,lbaocnus,19,antmaze-medium-play-v2,0.4232253432273865,0.1
msg,lbaocnus,20,antmaze-medium-play-v2,0.4555325508117676,0.1
msg,lbaocnus,21,antmaze-medium-play-v2,0.42327678203582764,0.1
msg,lbaocnus,22,antmaze-medium-play-v2,0.4564574658870697,0.1
msg,lbaocnus,23,antmaze-medium-play-v2,0.41660523414611816,0.1
msg,lbaocnus,24,antmaze-medium-play-v2,0.482941597700119,0.1
msg,lbaocnus,25,antmaze-medium-play-v2,0.4269176721572876,0.1
msg,lbaocnus,26,antmaze-medium-play-v2,0.44737428426742554,0.1
msg,lbaocnus,27,antmaze-medium-play-v2,0.40444284677505493,0.1
